{"authorDailyContributionsMap":{"LsmnBmnc":[{"date":"2025-03-06T00:00:00","commitResults":[{"hash":"6ed7603b911b3d6155559b019b69dbc965f1df93","isMergeCommit":false,"messageTitle":"Update AboutUs","messageBody":"","fileTypesAndContributionMap":{"docs":{"insertions":4,"deletions":4}}},{"hash":"c11d37bc54e2922cd2ff529ef25d2695829108ac","isMergeCommit":true,"messageTitle":"Merge branch \u0027master\u0027 into Add-Haozhen-info","messageBody":"","fileTypesAndContributionMap":{}}]},{"date":"2025-03-07T00:00:00","commitResults":[{"hash":"f8acd21cc6d7ebd702f38303691cff1d24e7de94","isMergeCommit":true,"messageTitle":"Merge branch \u0027master\u0027 into Non-functional-requirements-and-glossary","messageBody":"","fileTypesAndContributionMap":{}},{"hash":"2c4c2420f0aeb74579ad665b0633998b83d9d14a","isMergeCommit":false,"messageTitle":"Add new NFRs and glossary","messageBody":"","fileTypesAndContributionMap":{"docs":{"insertions":20,"deletions":0}}}]},{"date":"2025-03-13T00:00:00","commitResults":[{"hash":"7c78f5631b148fec52caf5a54a817a4e34e816fe","isMergeCommit":true,"messageTitle":"Merge pull request #53 from Prog-Neuro-Com/FindCommand","messageBody":"Update find command","fileTypesAndContributionMap":{}},{"hash":"3d02c273fb75c90d5396632efb7a78127b0f34ba","isMergeCommit":false,"messageTitle":"Update List all candidates","messageBody":"","fileTypesAndContributionMap":{"functional-code":{"insertions":3,"deletions":3}}},{"hash":"1cc4367da2764f8398fa664a0727fd60f522cf73","isMergeCommit":true,"messageTitle":"Merge branch \u0027master\u0027 into List-All-Candidate","messageBody":"","fileTypesAndContributionMap":{}}]},{"date":"2025-03-18T00:00:00","commitResults":[{"hash":"42a1356c5f77006044c413510de73f6a60e40dec","isMergeCommit":false,"messageTitle":"Change the edit and delete success message","messageBody":"","fileTypesAndContributionMap":{"functional-code":{"insertions":10,"deletions":10}}}]},{"date":"2025-03-27T00:00:00","commitResults":[{"hash":"d2a6d1a94636957e818368543fd670f5d8464998","isMergeCommit":false,"messageTitle":"Add feature classify by tags","messageBody":"","fileTypesAndContributionMap":{"functional-code":{"insertions":151,"deletions":0},"test-code":{"insertions":136,"deletions":0}}},{"hash":"afeabf834b5d166e6bd9ce8f766a882b1d34a603","isMergeCommit":false,"messageTitle":"Update uml diagram","messageBody":"","fileTypesAndContributionMap":{"docs":{"insertions":3,"deletions":0}}}]},{"date":"2025-04-01T00:00:00","commitResults":[{"hash":"0d0eb3e78e0bc6818d73c102b183c45606857c6c","isMergeCommit":false,"messageTitle":"Add ui label for fields phone, address and email","messageBody":"","fileTypesAndContributionMap":{"functional-code":{"insertions":18,"deletions":3}}},{"hash":"b32f8c52aaa30f384743ba46beb35262d33a4fe6","isMergeCommit":true,"messageTitle":"Merge branch \u0027add-field-ui\u0027","messageBody":"","fileTypesAndContributionMap":{}}]},{"date":"2025-04-02T00:00:00","commitResults":[{"hash":"0f5b558b3e9d5e64c0151ec6b4a3b9f87c0caa09","isMergeCommit":false,"messageTitle":"Fix the email format to make the domain name of email valid","messageBody":"","fileTypesAndContributionMap":{"functional-code":{"insertions":2,"deletions":1}}},{"hash":"f97fa99b7975704b88a331c9d8082aa5b5cc9cce","isMergeCommit":false,"messageTitle":"Fix bugs for email field","messageBody":"","fileTypesAndContributionMap":{"functional-code":{"insertions":0,"deletions":1},"test-code":{"insertions":3,"deletions":6}}},{"hash":"9a3900f437abc96fdf017eceb98944055f325006","isMergeCommit":true,"messageTitle":"Merge pull request #115 from bryantjandra/improve-test-quality","messageBody":"Improve test code quality","fileTypesAndContributionMap":{}},{"hash":"9f4d400b03cda87daa68c246c2d1e221a598743d","isMergeCommit":true,"messageTitle":"Merge pull request #118 from Prog-Neuro-Com/developer-guide","messageBody":"Edit DG for the fisrt iteration","fileTypesAndContributionMap":{}}]},{"date":"2025-04-03T00:00:00","commitResults":[{"hash":"8149ad6dc560e8ed9e741a285f4e8b4ee3d51740","isMergeCommit":false,"messageTitle":"Update uml and user stories","messageBody":"","fileTypesAndContributionMap":{"docs":{"insertions":34,"deletions":12}}},{"hash":"f976af5e89a1aab1450fdbe5bf70578c8efd46a9","isMergeCommit":true,"messageTitle":"Merge pull request #122 from bryantjandra/refactor-ug-content","messageBody":"Refactor UG content","fileTypesAndContributionMap":{}},{"hash":"83d81d4f464eaf117d3cd066bce4a6a873a45346","isMergeCommit":false,"messageTitle":"Update developer guide","messageBody":"","fileTypesAndContributionMap":{"docs":{"insertions":87,"deletions":26}}},{"hash":"c6afdf65ef82dad4f3d052b603d9fd6cc3fc846c","isMergeCommit":true,"messageTitle":"Merge branch \u0027update-developer-guide-furthermore\u0027","messageBody":"# Conflicts:\n#\tdocs/DeveloperGuide.md\n","fileTypesAndContributionMap":{}},{"hash":"f58c8a908f8e08eb498a41d2e94820ca690f61d2","isMergeCommit":false,"messageTitle":"delete redo and undo in developer guide","messageBody":"","fileTypesAndContributionMap":{"docs":{"insertions":0,"deletions":12}}},{"hash":"d3ecb86af83eda4bd964a5b92875d2c54cabdc18","isMergeCommit":true,"messageTitle":"Merge branch \u0027master\u0027 into update-developer-guide-furthermore","messageBody":"","fileTypesAndContributionMap":{}},{"hash":"f8aa6e9e4d58b73b7290b34d474d57a0b50e1114","isMergeCommit":false,"messageTitle":"Update known issues","messageBody":"","fileTypesAndContributionMap":{"docs":{"insertions":5,"deletions":0}}},{"hash":"cdb7d1413be4c8dbbfd69ec1099d8dfd9bc8d983","isMergeCommit":true,"messageTitle":"Merge pull request #133 from LsmnBmnc/update-user-guide","messageBody":"Update known issues in user guide","fileTypesAndContributionMap":{}}]},{"date":"2025-04-08T00:00:00","commitResults":[{"hash":"b957bc8a5e89d1b3c4a0c0c4a830c03bc5f24939","isMergeCommit":true,"messageTitle":"Merge branch \u0027master\u0027 into fix-developer-guide","messageBody":"","fileTypesAndContributionMap":{}}]}],"bryantjandra":[{"date":"2025-03-06T00:00:00","commitResults":[{"hash":"9d6adf0c4ee88201592a27813699f488d95ec504","isMergeCommit":false,"messageTitle":"Add about us description for bryan","messageBody":"","fileTypesAndContributionMap":{"docs":{"insertions":6,"deletions":6}}}]},{"date":"2025-03-07T00:00:00","commitResults":[{"hash":"37ffdbf023bf6ef28b65612ca4a2efe30959e905","isMergeCommit":true,"messageTitle":"Merge pull request #32 from Prog-Neuro-Com/README","messageBody":"update README and index.md","fileTypesAndContributionMap":{}}]},{"date":"2025-03-09T00:00:00","commitResults":[{"hash":"6b4465fbe5fbee341cc62c68de249cd17d0613a0","isMergeCommit":true,"messageTitle":"Merge pull request #42 from hzk-lab/Update-DG-with-user-profile-and-value-propositions-Branch","messageBody":"Update DG with user profile \u0026 value propositions","fileTypesAndContributionMap":{}},{"hash":"66460ccec91fa21087bed83586ebe4f34e59ee6d","isMergeCommit":true,"messageTitle":"Merge pull request #41 from hzk-lab/Update-DG-with-use-cases-Branch","messageBody":"Update DG with use cases","fileTypesAndContributionMap":{}},{"hash":"d7a6a4d3bae23de185c1b4b25dfb71f47aab3bbd","isMergeCommit":true,"messageTitle":"Merge pull request #40 from hzk-lab/Update-DG-with-user-stories-Branch","messageBody":"Update DG with user stories","fileTypesAndContributionMap":{}},{"hash":"5246c80acdb809db1eb7221a7e7313cdb41996a3","isMergeCommit":true,"messageTitle":"Merge pull request #39 from LsmnBmnc/Non-functional-requirements-and-glossary","messageBody":"Add Non functional requirements and glossary","fileTypesAndContributionMap":{}},{"hash":"568fad02e79be174d843c634cb3764eea9d088ee","isMergeCommit":false,"messageTitle":"Refine developer\u0027s guide","messageBody":"","fileTypesAndContributionMap":{"docs":{"insertions":64,"deletions":31}}}]},{"date":"2025-03-12T00:00:00","commitResults":[{"hash":"b5adfdb2c08030f3737490d54b8d88be6c40d4e6","isMergeCommit":false,"messageTitle":"Add job position and team applied","messageBody":"","fileTypesAndContributionMap":{"functional-code":{"insertions":325,"deletions":38},"test-code":{"insertions":269,"deletions":110}}}]},{"date":"2025-03-13T00:00:00","commitResults":[{"hash":"ef55afb654dc43f0fa495daa340e034906eabebb","isMergeCommit":true,"messageTitle":"Merge pull request #54 from LsmnBmnc/List-All-Candidate","messageBody":"List all candidate","fileTypesAndContributionMap":{}}]},{"date":"2025-03-16T00:00:00","commitResults":[{"hash":"43d5eadc08b32df2c95e936551adaf59b7674779","isMergeCommit":false,"messageTitle":"Edit User Guide\u0027s terminologies","messageBody":"","fileTypesAndContributionMap":{"functional-code":{"insertions":1,"deletions":1},"docs":{"insertions":43,"deletions":43}}}]},{"date":"2025-03-20T00:00:00","commitResults":[{"hash":"075881c03d247c13a17059a2a32c6032acf90bc7","isMergeCommit":true,"messageTitle":"Merge pull request #61 from hzk-lab/Resolve-Name-Duplication-Branch","messageBody":"Resolve candidate duplication problem","fileTypesAndContributionMap":{}},{"hash":"e563598dac2f7b3cd54026d44e19ced9dae50b32","isMergeCommit":true,"messageTitle":"Merge pull request #60 from LsmnBmnc/Fix-success-messages-for-Edit-","messageBody":"Change the edit and delete success message","fileTypesAndContributionMap":{}},{"hash":"851ba4793d98f1317ddbdb81c5486fed5092d817","isMergeCommit":true,"messageTitle":"Merge pull request #63 from Prog-Neuro-Com/changeName","messageBody":"Change name","fileTypesAndContributionMap":{}},{"hash":"7f0b5c57e8d7ffc50bd83e2c353e4be2935e068a","isMergeCommit":false,"messageTitle":"Change JAR filename","messageBody":"","fileTypesAndContributionMap":{"other":{"insertions":1,"deletions":1}}}]},{"date":"2025-03-23T00:00:00","commitResults":[{"hash":"bce7ec40df05561eab60e1a7e7b0727798742467","isMergeCommit":false,"messageTitle":"Revamp UI","messageBody":"","fileTypesAndContributionMap":{"functional-code":{"insertions":274,"deletions":123}}},{"hash":"da898ebd3940cf1d0454e09780fd743308d8e60d","isMergeCommit":false,"messageTitle":"Fix checkstyle errors","messageBody":"","fileTypesAndContributionMap":{"functional-code":{"insertions":3,"deletions":3}}}]},{"date":"2025-03-25T00:00:00","commitResults":[{"hash":"628e21d50a6729b77e74ac37cde56aa9e634b9a2","isMergeCommit":false,"messageTitle":"Add Interviewer Notes feature","messageBody":"","fileTypesAndContributionMap":{"functional-code":{"insertions":305,"deletions":30},"test-code":{"insertions":217,"deletions":14}}},{"hash":"2441f3b396828a2cd57a3a6a957369afdee0db83","isMergeCommit":false,"messageTitle":"Update model class puml","messageBody":"","fileTypesAndContributionMap":{"docs":{"insertions":3,"deletions":0}}}]},{"date":"2025-03-26T00:00:00","commitResults":[{"hash":"fcc1b7fd8dd1e4579f8ab83361d0abaab9292c7c","isMergeCommit":true,"messageTitle":"Merge pull request #72 from Prog-Neuro-Com/undo-command","messageBody":"Undo command","fileTypesAndContributionMap":{}},{"hash":"2304d7cc07ad38b85def01ba9314deebef43ce98","isMergeCommit":true,"messageTitle":"Merge pull request #73 from Prog-Neuro-Com/update-uml-diagram","messageBody":"Update uml diagram","fileTypesAndContributionMap":{}}]},{"date":"2025-03-27T00:00:00","commitResults":[{"hash":"c15b81a7f27fe620c30bc55ce88bcae7e147bcea","isMergeCommit":false,"messageTitle":"Enable assertions","messageBody":"","fileTypesAndContributionMap":{"other":{"insertions":4,"deletions":0}}}]},{"date":"2025-03-31T00:00:00","commitResults":[{"hash":"e5d476883a6d627b6b822679b60bcc29328bb926","isMergeCommit":true,"messageTitle":"Merge pull request #89 from hzk-lab/fine-tuning-sorting-branch","messageBody":"Add Sort Command","fileTypesAndContributionMap":{}},{"hash":"0cf99a9432710cd60c9ad478aaf8af5df6508b46","isMergeCommit":true,"messageTitle":"Merge pull request #90 from hzk-lab/fine-tuning-interview-Branch","messageBody":"Fine tune StartTime","fileTypesAndContributionMap":{}},{"hash":"7a181ed1da4a88b91004e1d7f97a5d4d83d6beac","isMergeCommit":false,"messageTitle":"Fix sort command","messageBody":"","fileTypesAndContributionMap":{"functional-code":{"insertions":23,"deletions":6}}},{"hash":"64ea60a2ca2fa261ba5ec8a2d1a72efa58224b5d","isMergeCommit":true,"messageTitle":"Merge pull request #91 from bryantjandra/fix-sort-command","messageBody":"Fix sort command","fileTypesAndContributionMap":{}},{"hash":"d15e0d0e94cccdde09a079e88eba185dc6a1fcfe","isMergeCommit":false,"messageTitle":"Fix input validation","messageBody":"","fileTypesAndContributionMap":{"functional-code":{"insertions":102,"deletions":21}}},{"hash":"37c0e2dbc7d8bf250ba5923348a58708f309624c","isMergeCommit":false,"messageTitle":"Fix checkstyle and build errors","messageBody":"","fileTypesAndContributionMap":{"functional-code":{"insertions":10,"deletions":10},"test-code":{"insertions":7,"deletions":4}}},{"hash":"42b15168b9e61d6bc147187534b69c24eb86a47e","isMergeCommit":true,"messageTitle":"Merge pull request #92 from bryantjandra/fix-input-validation","messageBody":"Fix input validation","fileTypesAndContributionMap":{}},{"hash":"82026bd0a629626146fbaac50a89a14dde97dfb9","isMergeCommit":false,"messageTitle":"Fix error message for index","messageBody":"","fileTypesAndContributionMap":{"functional-code":{"insertions":14,"deletions":7},"test-code":{"insertions":27,"deletions":16}}},{"hash":"0c4855901eba354fecdbcb1082ad2e82d9ef08d5","isMergeCommit":true,"messageTitle":"Merge pull request #95 from bryantjandra/fix-error-message","messageBody":"Fix error message for index","fileTypesAndContributionMap":{}},{"hash":"c04ef242254657cedd9f4f0a221d5142c1614d2f","isMergeCommit":false,"messageTitle":"Fix ui fields for PersonCard","messageBody":"","fileTypesAndContributionMap":{"functional-code":{"insertions":2,"deletions":2}}},{"hash":"e5e90e0a5613fc4465d139508550ab698994e95f","isMergeCommit":true,"messageTitle":"Merge pull request #99 from bryantjandra/fix-ui-fields","messageBody":"Fix ui fields for PersonCard","fileTypesAndContributionMap":{}},{"hash":"21bc6bedd5ee313dab7bdf1543bfb52ca916e662","isMergeCommit":false,"messageTitle":"Enhance classify command","messageBody":"","fileTypesAndContributionMap":{"functional-code":{"insertions":239,"deletions":64},"test-code":{"insertions":38,"deletions":15}}}]},{"date":"2025-04-01T00:00:00","commitResults":[{"hash":"f3187dc52f7e8f406ebe9c56287f169143315fe9","isMergeCommit":false,"messageTitle":"Fix prefix text of UI","messageBody":"","fileTypesAndContributionMap":{"functional-code":{"insertions":62,"deletions":12}}},{"hash":"665f7e07c8067c5eeb04da798cd9887918d89b02","isMergeCommit":true,"messageTitle":"Merge pull request #104 from bryantjandra/fix-prefix-text","messageBody":"Fix prefix text of UI","fileTypesAndContributionMap":{}},{"hash":"231aab3b1e08ee57439566050100c06e2e80b1b1","isMergeCommit":true,"messageTitle":"Merge pull request #105 from hzk-lab/Update-UG-Branch","messageBody":"Update User Guide","fileTypesAndContributionMap":{}}]},{"date":"2025-04-02T00:00:00","commitResults":[{"hash":"aefc9dfc2ed066a3faa4353e027c7ace9c40ef19","isMergeCommit":false,"messageTitle":"Fix code quality","messageBody":"","fileTypesAndContributionMap":{"functional-code":{"insertions":219,"deletions":78}}},{"hash":"05084901b561c1e1384a1fd76265af7c043a4323","isMergeCommit":false,"messageTitle":"Improve code quality","messageBody":"","fileTypesAndContributionMap":{"functional-code":{"insertions":277,"deletions":101},"other":{"insertions":20,"deletions":3}}},{"hash":"ace7729554f97f89963f9b2af88fd34e8039a453","isMergeCommit":true,"messageTitle":"Merge pull request #112 from bryantjandra/enhance-code-quality","messageBody":"Improve code quality","fileTypesAndContributionMap":{}},{"hash":"9c3dfe18fcc796cfad8806f710b8d49a1ec653b5","isMergeCommit":false,"messageTitle":"Edit UI display res","messageBody":"","fileTypesAndContributionMap":{"functional-code":{"insertions":1,"deletions":1}}},{"hash":"c028d975f09f332e1aac725079fa74125fb0b1e8","isMergeCommit":false,"messageTitle":"Improve test code quality","messageBody":"","fileTypesAndContributionMap":{"test-code":{"insertions":30,"deletions":37}}}]},{"date":"2025-04-03T00:00:00","commitResults":[{"hash":"bb9afa5d014de38296b39fa021b04e9ec7695f22","isMergeCommit":true,"messageTitle":"Merge pull request #120 from Prog-Neuro-Com/update-undo","messageBody":"Update undo","fileTypesAndContributionMap":{}},{"hash":"5f2560ea17d61f41585a0c833623644e112dd6c4","isMergeCommit":false,"messageTitle":"Refactor UG content","messageBody":"","fileTypesAndContributionMap":{"docs":{"insertions":426,"deletions":146}}},{"hash":"f41865571b80e50f0e013be0fb5202073e2d6741","isMergeCommit":false,"messageTitle":"Remove several examples","messageBody":"","fileTypesAndContributionMap":{"docs":{"insertions":0,"deletions":11}}},{"hash":"1dbc92715c83bf4dee94b0684e08553462378275","isMergeCommit":false,"messageTitle":"Remove heading","messageBody":"","fileTypesAndContributionMap":{"docs":{"insertions":0,"deletions":2}}},{"hash":"3f3f9945365285f3083ea2a280a4f829981625d2","isMergeCommit":true,"messageTitle":"Merge pull request #124 from LsmnBmnc/update-developer-guide-furthermore","messageBody":"Update developer guide furthermore","fileTypesAndContributionMap":{}},{"hash":"3abb810994f5fb41d168bff9e11ecea2e048c578","isMergeCommit":false,"messageTitle":"Refactor User Guide content","messageBody":"","fileTypesAndContributionMap":{"docs":{"insertions":50,"deletions":9}}},{"hash":"eba860dfa74d8d12595001a40022a2924dec81f2","isMergeCommit":true,"messageTitle":"Merge pull request #125 from bryantjandra/refactor-user-guide-content","messageBody":"Refactor User Guide content","fileTypesAndContributionMap":{}},{"hash":"a0f347db68a1f30c02bd0d5a2a06f4505ce56b7e","isMergeCommit":false,"messageTitle":"Fix user guide content","messageBody":"","fileTypesAndContributionMap":{"docs":{"insertions":4,"deletions":11}}},{"hash":"9b9102287d894453c3dac5debd3adb6b534444c9","isMergeCommit":true,"messageTitle":"Merge pull request #127 from bryantjandra/fix-user-guide-content","messageBody":"Fix user guide content","fileTypesAndContributionMap":{}},{"hash":"62bc5184db8a67e069ffecb6c079a57fb4a0a83a","isMergeCommit":false,"messageTitle":"Update DG content","messageBody":"","fileTypesAndContributionMap":{"docs":{"insertions":7,"deletions":0}}},{"hash":"8da11984c9ed1d2efb17b3785d1c8661eaee0944","isMergeCommit":true,"messageTitle":"Merge pull request #128 from bryantjandra/update-dg-content","messageBody":"Update DG content","fileTypesAndContributionMap":{}},{"hash":"719c10e2dd2713d3700cf117f98bcfda098d38d9","isMergeCommit":false,"messageTitle":"Improve UG grammar","messageBody":"","fileTypesAndContributionMap":{"docs":{"insertions":27,"deletions":19}}},{"hash":"62faabdeee716b8b7e6563b00140dc6aee10ff3d","isMergeCommit":true,"messageTitle":"Merge pull request #130 from bryantjandra/improve-ug-grammar","messageBody":"Improve UG grammar","fileTypesAndContributionMap":{}},{"hash":"2e52381e634aa826b8015e6f2cc9ce8ccda1998d","isMergeCommit":false,"messageTitle":"Fix DG hyperlinks","messageBody":"","fileTypesAndContributionMap":{"docs":{"insertions":23,"deletions":24}}},{"hash":"d396c3404681ef082e125c349e1a8f09955591e4","isMergeCommit":true,"messageTitle":"Merge pull request #131 from bryantjandra/fix-dg-hyperlink","messageBody":"Fix DG hyperlinks","fileTypesAndContributionMap":{}},{"hash":"f5a064a606d528ec46360d1ee3cadfd3506d5405","isMergeCommit":false,"messageTitle":"Fix UG terminology","messageBody":"","fileTypesAndContributionMap":{"docs":{"insertions":2,"deletions":2}}},{"hash":"29acf4ebdd78b2828257af3ce0026f9447858693","isMergeCommit":false,"messageTitle":"Fix more terminologies","messageBody":"","fileTypesAndContributionMap":{"docs":{"insertions":1,"deletions":3}}},{"hash":"60709adb8aa6c04496a0fa27c8bb6b17d4484b74","isMergeCommit":true,"messageTitle":"Merge pull request #132 from bryantjandra/fix-ug-terminology","messageBody":"Fix UG terminology","tags":["v1.5"],"fileTypesAndContributionMap":{}}]},{"date":"2025-04-05T00:00:00","commitResults":[{"hash":"075c619c4d1ff88581293dd87e4b2bf00ab19288","isMergeCommit":true,"messageTitle":"Merge pull request #201 from hzk-lab/FIx-interview-command-bug-Branch","messageBody":"Fix minor bugs","fileTypesAndContributionMap":{}}]},{"date":"2025-04-06T00:00:00","commitResults":[{"hash":"7031b720003b4859790027443f526d217ba34e4c","isMergeCommit":false,"messageTitle":"Fix several ug bugs","messageBody":"","fileTypesAndContributionMap":{"docs":{"insertions":11,"deletions":5}}},{"hash":"8a5a8dc1239bf3b22b9d1a9bed09f4cce116f7f8","isMergeCommit":true,"messageTitle":"Merge pull request #203 from hzk-lab/FIx-Duration-Branch","messageBody":"Add constraint to Duration","fileTypesAndContributionMap":{}},{"hash":"698dae6c6211674ed7251f01f9dc337d2470260f","isMergeCommit":true,"messageTitle":"Merge pull request #204 from bryantjandra/fix-ped-ug-bugs","messageBody":"Fix several ug bugs","fileTypesAndContributionMap":{}},{"hash":"c2f516e36ce4d68d3f5677d5704cc985bca1cdcd","isMergeCommit":false,"messageTitle":"Fix classify and tag bugs","messageBody":"","fileTypesAndContributionMap":{"functional-code":{"insertions":33,"deletions":12},"docs":{"insertions":15,"deletions":15},"test-code":{"insertions":66,"deletions":22}}},{"hash":"0566887f4748196dde9ebba968e55ae1f7c7da61","isMergeCommit":true,"messageTitle":"Merge pull request #205 from bryantjandra/fix-multiple-commands","messageBody":"Fix classify and tag bugs","fileTypesAndContributionMap":{}},{"hash":"68b23ff30cb35ea1442cf3393ae01267198ea048","isMergeCommit":false,"messageTitle":"Fix ped bugs","messageBody":"","fileTypesAndContributionMap":{"functional-code":{"insertions":14,"deletions":5},"docs":{"insertions":5,"deletions":13},"test-code":{"insertions":12,"deletions":0}}},{"hash":"9714d663feffe3209a3b3907fdc72e79823bb37b","isMergeCommit":false,"messageTitle":"Fix minor bug","messageBody":"","fileTypesAndContributionMap":{"functional-code":{"insertions":1,"deletions":1}}},{"hash":"d6d87806041051aba8a7f7b6036c1251127f982e","isMergeCommit":true,"messageTitle":"Merge pull request #207 from bryantjandra/fix-ped-bugs-bryan","messageBody":"Fix ped bugs","fileTypesAndContributionMap":{}}]},{"date":"2025-04-07T00:00:00","commitResults":[{"hash":"26069a3d956de301c892128267e4c0c3c3c54df4","isMergeCommit":false,"messageTitle":"Fix addressbook terminologies","messageBody":"","fileTypesAndContributionMap":{"functional-code":{"insertions":2,"deletions":2},"docs":{"insertions":2,"deletions":2}}},{"hash":"1ff1a20d3cba6d955540bf32e7acc477ed99ff7d","isMergeCommit":false,"messageTitle":"Fix terminologies in test files","messageBody":"","fileTypesAndContributionMap":{"test-code":{"insertions":2,"deletions":2}}},{"hash":"278736346514e96a6480e100c9e3dc23f2642fe7","isMergeCommit":true,"messageTitle":"Merge pull request #209 from bryantjandra/fix-ped-bugs-bryan-ii","messageBody":"Fix addressbook terminologies","fileTypesAndContributionMap":{}},{"hash":"833f0777518bd4d7feee4990c1b9625e714908ba","isMergeCommit":true,"messageTitle":"Merge pull request #210 from hzk-lab/Fix-February-issue-Branch","messageBody":"Solve February issue","fileTypesAndContributionMap":{}},{"hash":"f01ff8773dfcfd4220b20c155c9f56a57864be02","isMergeCommit":false,"messageTitle":"Fix UI display notes","messageBody":"","fileTypesAndContributionMap":{"functional-code":{"insertions":75,"deletions":64}}},{"hash":"9d44dc69b8c12ed45c251eccfae60ff4c8fb31b9","isMergeCommit":false,"messageTitle":"Fix checkstyle errors","messageBody":"","fileTypesAndContributionMap":{"functional-code":{"insertions":1,"deletions":1}}},{"hash":"18efcf2d89727e4008592de0bb17c55ab8d0ffa0","isMergeCommit":true,"messageTitle":"Merge pull request #211 from bryantjandra/fix-display-notes","messageBody":"Fix UI display notes","fileTypesAndContributionMap":{}},{"hash":"5b30f9959e0c858d58c60b2407e7db627480e31e","isMergeCommit":false,"messageTitle":"Add changes to UG","messageBody":"","fileTypesAndContributionMap":{"docs":{"insertions":48,"deletions":39}}},{"hash":"d75b2069a242b20b8fd96ae0e888962cc31ae54c","isMergeCommit":false,"messageTitle":"Fix typo","messageBody":"","fileTypesAndContributionMap":{"docs":{"insertions":0,"deletions":1}}},{"hash":"1df55b69d4a11c8d2c6791e3922dabfbb0b4f5f1","isMergeCommit":true,"messageTitle":"Merge pull request #212 from bryantjandra/fix-ug-minor-issues","messageBody":"Add changes to UG","fileTypesAndContributionMap":{}},{"hash":"fe542e208ebb9e030bf410572ff58b94db601c98","isMergeCommit":false,"messageTitle":"Add planned enhancements","messageBody":"","fileTypesAndContributionMap":{"docs":{"insertions":136,"deletions":0}}},{"hash":"7dd1e14db88f41d9ab87546101408d00d7f6eb3e","isMergeCommit":false,"messageTitle":"Fix out of bounds error message","messageBody":"","fileTypesAndContributionMap":{"functional-code":{"insertions":5,"deletions":8},"test-code":{"insertions":9,"deletions":18}}}]},{"date":"2025-04-08T00:00:00","commitResults":[{"hash":"05e4c7d02a841ca5fe7266ded4372255310625c4","isMergeCommit":false,"messageTitle":"Update md files","messageBody":"","fileTypesAndContributionMap":{"docs":{"insertions":47,"deletions":15}}},{"hash":"fa7ecb6fcca4ab949ad2be579bccf5410892d164","isMergeCommit":true,"messageTitle":"Merge pull request #213 from bryantjandra/add-planned-enhancements","messageBody":"Add planned enhancements","fileTypesAndContributionMap":{}},{"hash":"27fe89771f28d5a19957e91fc3f37aa04d420a5d","isMergeCommit":false,"messageTitle":"Fix dg display issue","messageBody":"","fileTypesAndContributionMap":{"docs":{"insertions":40,"deletions":18}}},{"hash":"000eebd926dc640acc8d6479e643fb169afe6681","isMergeCommit":true,"messageTitle":"Merge pull request #214 from bryantjandra/fix-dg-display","messageBody":"Fix dg display issue","fileTypesAndContributionMap":{}},{"hash":"86629420052414e9b016d8aa6a0216365a783bec","isMergeCommit":false,"messageTitle":"Fix dg display","messageBody":"","fileTypesAndContributionMap":{"docs":{"insertions":6,"deletions":20}}},{"hash":"17aa54e6c627ae999ab6c7515670bc3833fe1f9f","isMergeCommit":true,"messageTitle":"Merge pull request #215 from bryantjandra/fix-dg-display-error-bryan","messageBody":"Fix dg display","fileTypesAndContributionMap":{}},{"hash":"c1bdaa7dbaf511e5b1b211a6b02e9b939a23fd50","isMergeCommit":false,"messageTitle":"Fix minor typo","messageBody":"","fileTypesAndContributionMap":{"docs":{"insertions":1,"deletions":1}}},{"hash":"cce9ad8f39da14d3abf5fdc1ef13cc5e1ec05d55","isMergeCommit":true,"messageTitle":"Merge pull request #216 from bryantjandra/fix-typo-planned-enhancements","messageBody":"Fix minor typo","fileTypesAndContributionMap":{}}]}],"hzk-lab":[{"date":"2025-03-03T00:00:00","commitResults":[{"hash":"5f766c67d8335b71126f4637c976c9422d1d352a","isMergeCommit":false,"messageTitle":"Update Zekai\u0027s Info on AboutUs Page","messageBody":"","fileTypesAndContributionMap":{"docs":{"insertions":6,"deletions":6}}}]},{"date":"2025-03-06T00:00:00","commitResults":[{"hash":"2fe9ee9736b82a453f5b8eb3aa8d2861a4d3657b","isMergeCommit":true,"messageTitle":"Merge branch \u0027Update-Zekai-AboutUs-Branch\u0027","messageBody":"","fileTypesAndContributionMap":{}},{"hash":"7cd87fb2019bad972d1f1b5c5c6d1a9c3d4fe3d6","isMergeCommit":true,"messageTitle":"Merge pull request #17 from hzk-lab/Update-Zekai-AboutUs-Branch","messageBody":"Update Zekai AboutUs branch","fileTypesAndContributionMap":{}},{"hash":"39970a7f643600216b56ff75ec1a4593eae504da","isMergeCommit":true,"messageTitle":"Merge pull request #19 from bryantjandra/add-bryan-about-us","messageBody":"Add Bryan\u0027s Info in AboutUs Page","fileTypesAndContributionMap":{}},{"hash":"9f1899dbeb70479e27c6cf3147e35b5f9547f66f","isMergeCommit":true,"messageTitle":"Merge pull request #18 from Prog-Neuro-Com/aboutUs","messageBody":"configure aboutUs","fileTypesAndContributionMap":{}},{"hash":"a65eed52be5ace1293aff2a62b59c7e111e6a61a","isMergeCommit":true,"messageTitle":"Merge pull request #20 from LsmnBmnc/Add-Haozhen-info","messageBody":"Update Haozhen\u0027s AboutUs branch ","fileTypesAndContributionMap":{}},{"hash":"ac776085589fe8f0beb467a40971bf72874aacd7","isMergeCommit":false,"messageTitle":"Update AboutUs Page","messageBody":"","fileTypesAndContributionMap":{"docs":{"insertions":0,"deletions":8}}},{"hash":"c328ac5d3b0f65d91fc6eda92bd8c23a68d90886","isMergeCommit":true,"messageTitle":"Merge pull request #21 from hzk-lab/Update-AboutUs-Branch","messageBody":"Update AboutUs Page","fileTypesAndContributionMap":{}}]},{"date":"2025-03-07T00:00:00","commitResults":[{"hash":"a04834ee650b92778b4d8722c339ea9aaaa68113","isMergeCommit":true,"messageTitle":"Merge pull request #34 from Prog-Neuro-Com/README","messageBody":"update photo","fileTypesAndContributionMap":{}}]},{"date":"2025-03-09T00:00:00","commitResults":[{"hash":"d85584a2540386ccd285b930fdcaf68d238bdb12","isMergeCommit":false,"messageTitle":"Update DG with user stories","messageBody":"","fileTypesAndContributionMap":{"docs":{"insertions":9,"deletions":8}}},{"hash":"7eb212129d3d233b5e867dde027db2c6a2212e43","isMergeCommit":false,"messageTitle":"Update DG with use cases","messageBody":"","fileTypesAndContributionMap":{"docs":{"insertions":20,"deletions":12}}},{"hash":"8368e75b42439726f6e229324d94d3eadeee9260","isMergeCommit":false,"messageTitle":"Update DG with user profile \u0026 value propositions","messageBody":"","fileTypesAndContributionMap":{"docs":{"insertions":9,"deletions":6}}},{"hash":"6aa431ba45c3256e2d1cdec46a0deaee4820f6a4","isMergeCommit":true,"messageTitle":"Merge pull request #44 from bryantjandra/refine-developer-guide","messageBody":"Refine developer\u0027s guide","fileTypesAndContributionMap":{}}]},{"date":"2025-03-13T00:00:00","commitResults":[{"hash":"cd078b12e37ee4c0332d1b3c18cd9d3f8bbdebaa","isMergeCommit":true,"messageTitle":"Merge pull request #50 from bryantjandra/add-candidate-feature","messageBody":"Add two new fields when adding a candidate","fileTypesAndContributionMap":{}},{"hash":"0db824534100a69a0a01ef9324f89c0b76cd2054","isMergeCommit":false,"messageTitle":"Update delete command","messageBody":"","fileTypesAndContributionMap":{"functional-code":{"insertions":5,"deletions":5}}}]},{"date":"2025-03-18T00:00:00","commitResults":[{"hash":"20386065d32152cf212b50ff7331db3772a5229b","isMergeCommit":false,"messageTitle":"Resolve candidate duplication problem","messageBody":"","fileTypesAndContributionMap":{"functional-code":{"insertions":10,"deletions":1}}}]},{"date":"2025-03-20T00:00:00","commitResults":[{"hash":"1c19783e7e6539f9b9cad0c7860d0c1b94dfbbeb","isMergeCommit":false,"messageTitle":"Fix email case-sensitive problem","messageBody":"","fileTypesAndContributionMap":{"functional-code":{"insertions":7,"deletions":5},"test-code":{"insertions":17,"deletions":13}}},{"hash":"941205f4311ba680b267068cd9acf7abd5b63152","isMergeCommit":false,"messageTitle":"Fix email case-sensitive problem","messageBody":"","fileTypesAndContributionMap":{"test-code":{"insertions":6,"deletions":1}}},{"hash":"e0fdfa1cf0dca8fb7db97a936b049eef62cf885c","isMergeCommit":false,"messageTitle":"Fix email case-sensitive problem","messageBody":"","fileTypesAndContributionMap":{"test-code":{"insertions":1,"deletions":1}}}]},{"date":"2025-03-27T00:00:00","commitResults":[{"hash":"2189911fb29033dd0dd257bd9506baaadcfeccb5","isMergeCommit":false,"messageTitle":"Add StartTime","messageBody":"Add Duration\n\nUpdate parser classes\n\nUpdate InterviewCommand\n\nUpdate test classes\n\nAdd interview time and duration\n","fileTypesAndContributionMap":{"functional-code":{"insertions":403,"deletions":20},"test-code":{"insertions":291,"deletions":16}}},{"hash":"483dc84584eee8df863a46bbe27a3c93dfc42603","isMergeCommit":true,"messageTitle":"Fix merge conflict","messageBody":"","fileTypesAndContributionMap":{}},{"hash":"e9669a64e9f1c55e5e388a7320c2ff111f29ee13","isMergeCommit":false,"messageTitle":"Fix merge conflict","messageBody":"","fileTypesAndContributionMap":{"functional-code":{"insertions":92,"deletions":32},"test-code":{"insertions":9,"deletions":6}}},{"hash":"4f89583f9e091ea192455d63ae2573a5ed9875c5","isMergeCommit":false,"messageTitle":"Update UML Diagram","messageBody":"","fileTypesAndContributionMap":{"docs":{"insertions":3,"deletions":0}}},{"hash":"803c3b5bf979602f15155c7d32b614d4051ef773","isMergeCommit":true,"messageTitle":"Merge pull request #78 from hzk-lab/Update-UML-Diagram-Branch","messageBody":"Update uml diagram branch","fileTypesAndContributionMap":{}},{"hash":"eecc3d7c05e1e16dc491d1ea29560d619af0a956","isMergeCommit":true,"messageTitle":"Merge pull request #76 from LsmnBmnc/Update-uml","messageBody":"Update uml diagram","fileTypesAndContributionMap":{}},{"hash":"63a78f6d3a9f0a94447edc8405e70b3ca5b0d285","isMergeCommit":false,"messageTitle":"Update personcard UI","messageBody":"","fileTypesAndContributionMap":{"functional-code":{"insertions":3,"deletions":16}}},{"hash":"0a6039980a2fe06811281975186fd7582547e200","isMergeCommit":false,"messageTitle":"Update personcard UI","messageBody":"","fileTypesAndContributionMap":{"functional-code":{"insertions":1,"deletions":1}}},{"hash":"2aeb6fd412cc44044f5f081cdd5edc5c2d868e6e","isMergeCommit":true,"messageTitle":"Merge pull request #79 from hzk-lab/Time-Sorting-feature-Branch","messageBody":"Update personcard UI","tags":["v1.4"],"fileTypesAndContributionMap":{}}]},{"date":"2025-03-31T00:00:00","commitResults":[{"hash":"77683656a3abf7e25d081910d52e9f864613022b","isMergeCommit":false,"messageTitle":"Add Sort Command","messageBody":"","fileTypesAndContributionMap":{"functional-code":{"insertions":102,"deletions":1},"test-code":{"insertions":98,"deletions":0}}},{"hash":"f81808b500e2bba8b36b254e20947f8dd0675c41","isMergeCommit":false,"messageTitle":"Fine tune StartTime","messageBody":"","fileTypesAndContributionMap":{"functional-code":{"insertions":13,"deletions":12}}}]},{"date":"2025-04-01T00:00:00","commitResults":[{"hash":"bdfceb9af315a6d03b0beb466d1c226e1c4f4d39","isMergeCommit":true,"messageTitle":"Merge pull request #101 from bryantjandra/enhance-classify-command","messageBody":"Enhance classify command","fileTypesAndContributionMap":{}},{"hash":"bef7c1bb4097a335633109bb6fe081e7cdf4185c","isMergeCommit":false,"messageTitle":"Update User Guide","messageBody":"","fileTypesAndContributionMap":{"functional-code":{"insertions":2,"deletions":1},"docs":{"insertions":102,"deletions":2}}}]},{"date":"2025-04-03T00:00:00","commitResults":[{"hash":"d41227f51f79683ba77871e9b3ca059d2fddd559","isMergeCommit":false,"messageTitle":"Update Developer\u0027s Guide","messageBody":"","fileTypesAndContributionMap":{"docs":{"insertions":6,"deletions":0}}},{"hash":"c383d7bb68cb4011b4db7cadd2ae65fd83fcaa53","isMergeCommit":true,"messageTitle":"Merge pull request #126 from hzk-lab/Update-DG-Branch","messageBody":"Update Developer\u0027s Guide","fileTypesAndContributionMap":{}}]},{"date":"2025-04-05T00:00:00","commitResults":[{"hash":"59a431f1707ac9575b94ddafad268c73a72b14d1","isMergeCommit":false,"messageTitle":"Fix minor bugs","messageBody":"","fileTypesAndContributionMap":{"functional-code":{"insertions":5,"deletions":0}}}]},{"date":"2025-04-06T00:00:00","commitResults":[{"hash":"24aa37b5cdba8410ed850f9439377b26a0940f9e","isMergeCommit":false,"messageTitle":"Add constraint to Duration","messageBody":"","fileTypesAndContributionMap":{"functional-code":{"insertions":4,"deletions":2}}},{"hash":"dcf63ccc179346e96dc41e1b64eba74343415f2e","isMergeCommit":false,"messageTitle":"Update UG","messageBody":"","fileTypesAndContributionMap":{"functional-code":{"insertions":27,"deletions":4},"docs":{"insertions":1,"deletions":4}}},{"hash":"ac05f77130536d1e9b8fa5094746beea3e8dd79a","isMergeCommit":false,"messageTitle":"Update UG","messageBody":"","fileTypesAndContributionMap":{"docs":{"insertions":3,"deletions":0}}},{"hash":"a3e2818bcae8f3d9fa9e97a078e75bbea14716bf","isMergeCommit":false,"messageTitle":"Update UG","messageBody":"","fileTypesAndContributionMap":{"docs":{"insertions":1,"deletions":1}}},{"hash":"3c9c5928e27801dae796b36fc20c2f8202d00b22","isMergeCommit":false,"messageTitle":"Update UG","messageBody":"","fileTypesAndContributionMap":{"functional-code":{"insertions":1,"deletions":7}}},{"hash":"3740d311dd9ab28121f40bb9db5aca9900b3818c","isMergeCommit":false,"messageTitle":"Update UG","messageBody":"","fileTypesAndContributionMap":{"functional-code":{"insertions":5,"deletions":22}}},{"hash":"434b4568594c9c709380bf40cde21d95c8853b50","isMergeCommit":false,"messageTitle":"Update UG","messageBody":"","fileTypesAndContributionMap":{"functional-code":{"insertions":1,"deletions":1}}},{"hash":"5904aaf58f2d696be627028c94b09f79e0786dcf","isMergeCommit":true,"messageTitle":"Merge pull request #206 from hzk-lab/Update-UserGuide-Branch","messageBody":"Update UG","fileTypesAndContributionMap":{}}]},{"date":"2025-04-07T00:00:00","commitResults":[{"hash":"854fe0f83f622211c83693f1550cc346d4a3254f","isMergeCommit":false,"messageTitle":"Solve February issue","messageBody":"","fileTypesAndContributionMap":{"functional-code":{"insertions":35,"deletions":4}}},{"hash":"97d41c2eff1427497791d810e90b4ed6762471e0","isMergeCommit":false,"messageTitle":"Solve February issue","messageBody":"","fileTypesAndContributionMap":{"functional-code":{"insertions":16,"deletions":16}}}]}],"Prog-Neuro-Com":[{"date":"2025-02-22T00:00:00","commitResults":[{"hash":"b06532f8ea13620cbd4a649cbca93245a2e6a629","isMergeCommit":false,"messageTitle":"Add pull request","messageBody":"","fileTypesAndContributionMap":{"docs":{"insertions":1,"deletions":1}}},{"hash":"34eece1b1743efa2c2ce71d440fc2169feda4cdf","isMergeCommit":true,"messageTitle":"Merge pull request #1 from Prog-Neuro-Com/master","messageBody":"","fileTypesAndContributionMap":{}}]},{"date":"2025-03-06T00:00:00","commitResults":[{"hash":"90383e3208ba5a3b961141156bae1d99f5890827","isMergeCommit":false,"messageTitle":"add personal photo","messageBody":"","fileTypesAndContributionMap":{"docs":{"insertions":4,"deletions":4}}},{"hash":"dd6352bd5cc3ee3ce62e68ca672d4c819ada6fd6","isMergeCommit":true,"messageTitle":"Merge pull request #16 from Prog-Neuro-Com/addPersonalPhoto","messageBody":"add personal photo","fileTypesAndContributionMap":{}},{"hash":"e93765eca9a462da2088a58f0c023c23fde72333","isMergeCommit":false,"messageTitle":"configure aboutUs","messageBody":"","fileTypesAndContributionMap":{"docs":{"insertions":1,"deletions":1}}}]},{"date":"2025-03-07T00:00:00","commitResults":[{"hash":"c239869fdb0379157affff1f0041c556e8f88e97","isMergeCommit":false,"messageTitle":"update README and index.md","messageBody":"","fileTypesAndContributionMap":{"other":{"insertions":2,"deletions":2},"docs":{"insertions":56,"deletions":16}}},{"hash":"e6d807619ec1d01b91a729bbdeae4e08bc98bacd","isMergeCommit":true,"messageTitle":"Merge pull request #33 from bryantjandra/add-ui-mockup","messageBody":"Add UI mockup for intended final product","fileTypesAndContributionMap":{}},{"hash":"93216fa9f134f55db21fe9cf8717ccb92d8da321","isMergeCommit":false,"messageTitle":"update photo","messageBody":"","fileTypesAndContributionMap":{"docs":{"insertions":2,"deletions":2}}}]},{"date":"2025-03-13T00:00:00","commitResults":[{"hash":"9a24b96ca438ae3a11d98ea48152b17dd9e2ea12","isMergeCommit":true,"messageTitle":"Merge pull request #51 from hzk-lab/Implement-Delete-candidates-Branch","messageBody":"Update Delete command","fileTypesAndContributionMap":{}},{"hash":"d31c8ca52f8a6d141c9cf66d0e9cb0b2c46dc637","isMergeCommit":false,"messageTitle":"update find command","messageBody":"","fileTypesAndContributionMap":{"functional-code":{"insertions":4,"deletions":4}}},{"hash":"15849351ea40cf3e87d804acece177d18436de3d","isMergeCommit":false,"messageTitle":"update find command","messageBody":"","fileTypesAndContributionMap":{"functional-code":{"insertions":0,"deletions":1}}}]},{"date":"2025-03-17T00:00:00","commitResults":[{"hash":"7c58db58628ac075900101c322ffc9bde1a34b3a","isMergeCommit":true,"messageTitle":"Merge pull request #57 from bryantjandra/edit-user-guide","messageBody":"Edit User Guide\u0027s terminologies","fileTypesAndContributionMap":{}}]},{"date":"2025-03-20T00:00:00","commitResults":[{"hash":"2768a1fd23ed1328ae606ff8fa3436ff64a5f12a","isMergeCommit":false,"messageTitle":"Change string to fit in RecruitIntel","messageBody":"","fileTypesAndContributionMap":{"functional-code":{"insertions":57,"deletions":57},"docs":{"insertions":16,"deletions":16},"test-code":{"insertions":6,"deletions":6}}},{"hash":"c6441b04ffa28a4f7f2244b2ba17f399c911c0a9","isMergeCommit":false,"messageTitle":"Change string to fit in RecruitIntel","messageBody":"","fileTypesAndContributionMap":{"functional-code":{"insertions":6,"deletions":4}}},{"hash":"f7ecd1e2f6e40f2a1fa60bdee6a45245458e5a44","isMergeCommit":true,"messageTitle":"Merge pull request #64 from bryantjandra/change-jar-filename","messageBody":"Change JAR filename","tags":["v1.3"],"fileTypesAndContributionMap":{}}]},{"date":"2025-03-24T00:00:00","commitResults":[{"hash":"fefcdcf8ef68cbc707702e7aa7d00d68d625777c","isMergeCommit":true,"messageTitle":"Merge pull request #66 from bryantjandra/revamp-ui-theme","messageBody":"Revamp UI","fileTypesAndContributionMap":{}}]},{"date":"2025-03-25T00:00:00","commitResults":[{"hash":"46fb81783913e7c442e3b3ab31368aac6f264ef1","isMergeCommit":true,"messageTitle":"Merge pull request #69 from bryantjandra/add-interviewer-notes-command","messageBody":"Add Interviewer Notes feature","fileTypesAndContributionMap":{}},{"hash":"a246962fee5028439223e75c7d72bed2e03e34a9","isMergeCommit":true,"messageTitle":"Merge pull request #70 from bryantjandra/update-bryans-uml-diagrams","messageBody":"Update model class puml","fileTypesAndContributionMap":{}}]},{"date":"2025-03-26T00:00:00","commitResults":[{"hash":"c5b0f066547107897080120bc578064f9ede1a21","isMergeCommit":false,"messageTitle":"Implement undo command feature","messageBody":"","fileTypesAndContributionMap":{"functional-code":{"insertions":209,"deletions":7}}},{"hash":"555c2f66c16f5aeecdc76f73734d8512f4bb516b","isMergeCommit":false,"messageTitle":"Update undo command feature","messageBody":"","fileTypesAndContributionMap":{"functional-code":{"insertions":23,"deletions":32},"test-code":{"insertions":2,"deletions":1}}},{"hash":"c18249944c9eb49b4f90cb99a6f03942c115e1f3","isMergeCommit":false,"messageTitle":"Test undo command and parser","messageBody":"","fileTypesAndContributionMap":{"functional-code":{"insertions":8,"deletions":1},"test-code":{"insertions":101,"deletions":0}}},{"hash":"d30bbb4405f35b3140353ef56137a219041593c1","isMergeCommit":false,"messageTitle":"Update undo sequence diagram","messageBody":"","fileTypesAndContributionMap":{"docs":{"insertions":6,"deletions":1}}},{"hash":"70c14df0f8c7209ca56002d17d12581dd882bacb","isMergeCommit":false,"messageTitle":"Update undo function for clear command","messageBody":"","fileTypesAndContributionMap":{"functional-code":{"insertions":14,"deletions":2}}}]},{"date":"2025-03-27T00:00:00","commitResults":[{"hash":"4c5be8f4be2dbe1966d2b0fef48d708d2316aa4f","isMergeCommit":true,"messageTitle":"Merge pull request #80 from bryantjandra/enable-assertion","messageBody":"Enable assertions","fileTypesAndContributionMap":{}}]},{"date":"2025-04-02T00:00:00","commitResults":[{"hash":"8f84736f98d54bcdd99c4e335507275d41e73d41","isMergeCommit":true,"messageTitle":"Merge pull request #107 from LsmnBmnc/fix-email-format","messageBody":"Fix email format","fileTypesAndContributionMap":{}},{"hash":"9fadd43bea8e7fafc1d2133e38883d205cf760ed","isMergeCommit":true,"messageTitle":"Merge pull request #109 from bryantjandra/fix-code-quality","messageBody":"Fix code quality","fileTypesAndContributionMap":{}},{"hash":"81fea95ebab7b14ac1f12d9dce381184d6a4fca8","isMergeCommit":false,"messageTitle":"Update undo command to support interview command","messageBody":"","fileTypesAndContributionMap":{"functional-code":{"insertions":15,"deletions":40}}},{"hash":"180149bf8aedfc6bb3c5fca2236752272e6a3e06","isMergeCommit":true,"messageTitle":"Merge pull request #113 from bryantjandra/fix-ui-display-res","messageBody":"Edit UI display res","fileTypesAndContributionMap":{}},{"hash":"1477482e83a60b3520adbf5ab59cd0c5d6edf2ee","isMergeCommit":false,"messageTitle":"Edit DG for the fisrt iteration","messageBody":"","fileTypesAndContributionMap":{"other":{"insertions":1,"deletions":1},"docs":{"insertions":143,"deletions":63}}},{"hash":"13fbffa4761dfdf5ef9037d067131f75aacd20a6","isMergeCommit":true,"messageTitle":"Merge branch \u0027master\u0027 of https://github.com/AY2425S2-CS2103T-F14-3/tp into update-undo","messageBody":"","fileTypesAndContributionMap":{}},{"hash":"cfb0305879d90ed508d958e91b9bfc809aad47d0","isMergeCommit":true,"messageTitle":"Merge branch \u0027master\u0027 of https://github.com/AY2425S2-CS2103T-F14-3/tp into update-undo","messageBody":"","fileTypesAndContributionMap":{}}]},{"date":"2025-04-03T00:00:00","commitResults":[{"hash":"bb20f40bf99ac35e5cb13790d2bb43a9d3dd2591","isMergeCommit":false,"messageTitle":"Update undo command","messageBody":"","fileTypesAndContributionMap":{"functional-code":{"insertions":89,"deletions":3}}},{"hash":"1acc1a7e3c5ed2bea709b9db8963c3deea7c5bc5","isMergeCommit":false,"messageTitle":"Update undo command","messageBody":"","fileTypesAndContributionMap":{"functional-code":{"insertions":158,"deletions":199},"test-code":{"insertions":15,"deletions":23}}},{"hash":"5408dcc95119cae6af7db99937eaa5c5b77114e0","isMergeCommit":true,"messageTitle":"Merge pull request #121 from LsmnBmnc/update-developer-guide","messageBody":"Update uml and user stories","fileTypesAndContributionMap":{}},{"hash":"527a090d6347c1a8e89d29c124336a1fbe2fdd2f","isMergeCommit":false,"messageTitle":"Update developer guide","messageBody":"","fileTypesAndContributionMap":{"docs":{"insertions":37,"deletions":4}}},{"hash":"2bd58669c6694a93a74dc2cb00c74340d344eeae","isMergeCommit":true,"messageTitle":"Merge pull request #123 from Prog-Neuro-Com/developer-guide","messageBody":"Update developer guide","fileTypesAndContributionMap":{}},{"hash":"529e1e9acd483f0d2d5089c65fd4daf2a29b65fd","isMergeCommit":false,"messageTitle":"Update user guide","messageBody":"","fileTypesAndContributionMap":{"docs":{"insertions":5,"deletions":0}}},{"hash":"dc00ab866f4c33e31a4a128f1a0fb340480b0efe","isMergeCommit":true,"messageTitle":"Merge pull request #129 from Prog-Neuro-Com/user-guide","messageBody":"Update user guide","fileTypesAndContributionMap":{}}]},{"date":"2025-04-07T00:00:00","commitResults":[{"hash":"eeb3cd7bd503055b299da5d26a8afc47351ecc0b","isMergeCommit":false,"messageTitle":"Update developer guide","messageBody":"","fileTypesAndContributionMap":{"docs":{"insertions":86,"deletions":49}}},{"hash":"53fbfb56dd531ccfc532fa56c456769c8d0dc22e","isMergeCommit":true,"messageTitle":"Merge pull request #208 from Prog-Neuro-Com/developer-guide","messageBody":"Update developer guide","fileTypesAndContributionMap":{}},{"hash":"2bd5b329d1052f0a2e117b9c0d6968b893a3120f","isMergeCommit":false,"messageTitle":"Update code quality","messageBody":"","fileTypesAndContributionMap":{"functional-code":{"insertions":2,"deletions":0}}}]},{"date":"2025-04-08T00:00:00","commitResults":[{"hash":"f7f80abb2ec9d50b6b73d1e72d0b1d5b7e95828b","isMergeCommit":true,"messageTitle":"Merge branch \u0027master\u0027 of https://github.com/AY2425S2-CS2103T-F14-3/tp","messageBody":"","fileTypesAndContributionMap":{}},{"hash":"a9f9c6225f492a339829fa28ca9a930d8b7f26e3","isMergeCommit":false,"messageTitle":"Update undo and redo test","messageBody":"","fileTypesAndContributionMap":{"test-code":{"insertions":266,"deletions":0}}},{"hash":"c7e0de291d8a405a098b7182b506cf43397b13bb","isMergeCommit":true,"messageTitle":"Merge pull request #218 from Prog-Neuro-Com/update-test","messageBody":"Update test","fileTypesAndContributionMap":{}},{"hash":"0006660a072bf948edbad3d60fc04f3a60d9cd55","isMergeCommit":false,"messageTitle":"Update developer guide","messageBody":"","fileTypesAndContributionMap":{"docs":{"insertions":37,"deletions":37}}},{"hash":"ce7497a5bc2e64ecf404e4a6e31dba90a1977e5c","isMergeCommit":true,"messageTitle":"Merge pull request #219 from Prog-Neuro-Com/developer-guide","messageBody":"Update developer guide","fileTypesAndContributionMap":{}},{"hash":"31539a84ffc78942b16e1aa47f2310631887487b","isMergeCommit":false,"messageTitle":"Update developer guide","messageBody":"","fileTypesAndContributionMap":{"docs":{"insertions":27,"deletions":26}}},{"hash":"4c18f9826a2f593fb98d1660dc4d554b172dc3d8","isMergeCommit":true,"messageTitle":"Merge pull request #220 from Prog-Neuro-Com/developer-guide","messageBody":"Update developer guide","fileTypesAndContributionMap":{}},{"hash":"4e1f621216396e7d68d59b94bd6d22e2a5f00db7","isMergeCommit":false,"messageTitle":"Solve storage bugs","messageBody":"","fileTypesAndContributionMap":{"functional-code":{"insertions":22,"deletions":2}}},{"hash":"50c97e08ca4f147b3771b1d02c79b33ef9d3baa9","isMergeCommit":false,"messageTitle":"Solve storage bugs","messageBody":"","fileTypesAndContributionMap":{"functional-code":{"insertions":1,"deletions":2}}},{"hash":"994483f8cfcab2d597dff6b5208e5bdfe0719ebf","isMergeCommit":false,"messageTitle":"Update developer guide","messageBody":"","fileTypesAndContributionMap":{"docs":{"insertions":13,"deletions":2}}},{"hash":"a2c8638e927ac0b2f65f4bed9a190e1084e6789a","isMergeCommit":true,"messageTitle":"Merge pull request #222 from Prog-Neuro-Com/developer-guide","messageBody":"Update developer guide","fileTypesAndContributionMap":{}},{"hash":"5382d5c5980504137d7a5e236c8e13d551e7ceb7","isMergeCommit":true,"messageTitle":"Merge pull request #221 from Prog-Neuro-Com/solve-storage-bug","messageBody":"Solve storage bug","fileTypesAndContributionMap":{}},{"hash":"0dd4825ad59e5f5e08aafe11a7307685f9145f62","isMergeCommit":false,"messageTitle":"Update developer guide","messageBody":"","fileTypesAndContributionMap":{"docs":{"insertions":1,"deletions":1}}},{"hash":"2e70fd9e55e12a5eb504c40e76ed1b03007dc0d0","isMergeCommit":true,"messageTitle":"Merge pull request #224 from Prog-Neuro-Com/developer-guide","messageBody":"Update developer guide","tags":["v1.6"],"fileTypesAndContributionMap":{}}]}]},"authorFileTypeContributionMap":{"LsmnBmnc":{"docs":109,"functional-code":153,"test-code":116},"bryantjandra":{"docs":703,"functional-code":1651,"test-code":565,"other":5},"hzk-lab":{"docs":63,"functional-code":538,"test-code":424},"Prog-Neuro-Com":{"docs":281,"functional-code":371,"test-code":366,"other":3}},"authorContributionVariance":{"LsmnBmnc":2341.6143,"bryantjandra":49718.848,"hzk-lab":17622.828,"Prog-Neuro-Com":14348.676},"authorDisplayNameMap":{"LsmnBmnc":"CS2103T-F14-3 GONG..ZHEN","bryantjandra":"CS2103T-F14-3 BENE..NDRA","hzk-lab":"CS2103T-F14-3 HUAN..EKAI","Prog-Neuro-Com":"CS2103T-F14-3 LI D..OXIN"}}
