{"authorDailyContributionsMap":{"hrishikeshsathyian":[{"date":"2025-03-06T00:00:00","commitResults":[{"hash":"a1866567510d354dbc90a6b0af7d411c83443568","isMergeCommit":false,"messageTitle":"Update AboutUs page","messageBody":"","fileTypesAndContributionMap":{"docs":{"insertions":4,"deletions":4}}}]},{"date":"2025-03-11T00:00:00","commitResults":[{"hash":"4fd4bcf5db505315f9d75984350076db62d328a6","isMergeCommit":true,"messageTitle":"Merge pull request #36 from soonami69/branch-Update-DG","messageBody":"Update Use Cases in DG","fileTypesAndContributionMap":{}},{"hash":"3ab9af3b9e659a98bc67c0294d28a474f8a9b0cc","isMergeCommit":false,"messageTitle":"Add NFR","messageBody":"","fileTypesAndContributionMap":{"docs":{"insertions":6,"deletions":1}}}]},{"date":"2025-03-12T00:00:00","commitResults":[{"hash":"a8e535331abd2cb7c0af508288a6fd80bcc46fa6","isMergeCommit":false,"messageTitle":"Add Date class","messageBody":"","fileTypesAndContributionMap":{"functional-code":{"insertions":101,"deletions":0}}},{"hash":"c622527902452c6504bf7020459b606f5130a843","isMergeCommit":false,"messageTitle":"Add Title OOP and basic skeletong for Wedding","messageBody":"","fileTypesAndContributionMap":{"functional-code":{"insertions":98,"deletions":8}}},{"hash":"ea8f7ed408b139ae4e3334599315c5b9c517aaab","isMergeCommit":false,"messageTitle":"Add improvements to Wedding","messageBody":"","fileTypesAndContributionMap":{"functional-code":{"insertions":23,"deletions":5}}},{"hash":"20c83d478dc23d032d4eb11625b24cc3aa282610","isMergeCommit":false,"messageTitle":"Implement AddWedding command","messageBody":"","fileTypesAndContributionMap":{"functional-code":{"insertions":66,"deletions":0}}},{"hash":"05a8d176e410cc6aea998b1b5838b4c30dbe8ef2","isMergeCommit":false,"messageTitle":"Fix AddWedding command bug","messageBody":"","fileTypesAndContributionMap":{"functional-code":{"insertions":13,"deletions":0}}},{"hash":"55fea03faa193f3d4cf76f714401e55e5a82773c","isMergeCommit":false,"messageTitle":"Fix checkstyle bugs","messageBody":"","fileTypesAndContributionMap":{"functional-code":{"insertions":12,"deletions":4}}},{"hash":"a2c1b3b6d49d5c05b4cd65a2888afa79235596bf","isMergeCommit":false,"messageTitle":"Fix more checkstyle errors","messageBody":"","fileTypesAndContributionMap":{"functional-code":{"insertions":1,"deletions":3},"other":{"insertions":4,"deletions":1}}}]},{"date":"2025-03-13T00:00:00","commitResults":[{"hash":"3101e2a9d86026e8b5ac6f8664822202ed69bdd2","isMergeCommit":false,"messageTitle":"Add AddWeddingPerson command","messageBody":"","fileTypesAndContributionMap":{"functional-code":{"insertions":73,"deletions":0},"other":{"insertions":4,"deletions":4},"test-code":{"insertions":45,"deletions":0}}},{"hash":"82ea76c0a16d6ca849a6db22d6d860e9e59db3a6","isMergeCommit":false,"messageTitle":"Replicate OOP logic flow from AB3","messageBody":"","fileTypesAndContributionMap":{"functional-code":{"insertions":162,"deletions":55},"test-code":{"insertions":0,"deletions":43}}},{"hash":"e6fd5687a4b0706e7e0b4ddc8d18db1ade4f6e3a","isMergeCommit":false,"messageTitle":"Fix minor bug","messageBody":"","fileTypesAndContributionMap":{"test-code":{"insertions":0,"deletions":1}}}]},{"date":"2025-03-22T00:00:00","commitResults":[{"hash":"674ea9f0fb17cedfb4f9c3d6f12eb86af48bfb7e","isMergeCommit":false,"messageTitle":"Update User Guide","messageBody":"","fileTypesAndContributionMap":{"functional-code":{"insertions":5,"deletions":5},"docs":{"insertions":30,"deletions":25}}}]},{"date":"2025-03-23T00:00:00","commitResults":[{"hash":"e8b395d6ff672a4fd1f9c670de908ace7e7a3fa1","isMergeCommit":false,"messageTitle":"More updates to UG","messageBody":"","fileTypesAndContributionMap":{"docs":{"insertions":22,"deletions":65}}}]},{"date":"2025-03-27T00:00:00","commitResults":[{"hash":"e6bb4ef2e8bbd36e80f0b37d8ad8c3c877046e6f","isMergeCommit":false,"messageTitle":"Add Delete Wedding Functionality","messageBody":"","fileTypesAndContributionMap":{"functional-code":{"insertions":109,"deletions":13}}},{"hash":"0858d3072a376a394f4094dfd32ffb198bf16cc1","isMergeCommit":false,"messageTitle":"Fix help command URL (#68)","messageBody":"* Fix help command URL\n\n* Add requested changes\n\n---------\n\nCo-authored-by: Timo \u003c148756430+soonami69@users.noreply.github.com\u003e","fileTypesAndContributionMap":{"functional-code":{"insertions":25,"deletions":2}}}]},{"date":"2025-03-29T00:00:00","commitResults":[{"hash":"0e1d82607d1042e2bcd78161e2267a4e7f8b6461","isMergeCommit":false,"messageTitle":"Implement base working version of DeleteWeddingPerson","messageBody":"","fileTypesAndContributionMap":{"functional-code":{"insertions":156,"deletions":1}}},{"hash":"272f563bd7ab3d3d3c5cefd478d570d29a16cd31","isMergeCommit":false,"messageTitle":"Clean up and add documentation","messageBody":"","fileTypesAndContributionMap":{"functional-code":{"insertions":24,"deletions":24}}}]},{"date":"2025-03-31T00:00:00","commitResults":[{"hash":"4248eadcf0f009a708d97477d8ea9f25fda02715","isMergeCommit":false,"messageTitle":"Add testing","messageBody":"","fileTypesAndContributionMap":{"test-code":{"insertions":181,"deletions":0}}}]},{"date":"2025-04-02T00:00:00","commitResults":[{"hash":"059eea6e6e0967140bccb7528eb32e4f9ef6e83c","isMergeCommit":false,"messageTitle":"Update DG diagrams","messageBody":"","fileTypesAndContributionMap":{"docs":{"insertions":39,"deletions":39}}},{"hash":"435008544ce7967aee3d6d895aeb7f25eb37c163","isMergeCommit":false,"messageTitle":"Fix Wrong Error Message bug for Open Wedding","messageBody":"","fileTypesAndContributionMap":{"functional-code":{"insertions":37,"deletions":4}}},{"hash":"1cc6d6824588e5c9577adc517cd9875c000bf0c1","isMergeCommit":false,"messageTitle":"Fix failing tests","messageBody":"","fileTypesAndContributionMap":{"test-code":{"insertions":5,"deletions":4}}},{"hash":"91c4172a5e531037172a5777ba2b1fa94cd788ba","isMergeCommit":false,"messageTitle":"Fix checkstyle error","messageBody":"","fileTypesAndContributionMap":{"test-code":{"insertions":0,"deletions":1}}},{"hash":"111afd50ce047bfc1c78d22c0208920ed99d1c7b","isMergeCommit":false,"messageTitle":"Fix non-verbose user message when opening wedding","messageBody":"","fileTypesAndContributionMap":{"functional-code":{"insertions":1,"deletions":7}}},{"hash":"c2bbbe3300f6d5091ad36e8c14a133552d6bafc4","isMergeCommit":false,"messageTitle":"Clear right panel after closing current wedding","messageBody":"","fileTypesAndContributionMap":{"functional-code":{"insertions":1,"deletions":0}}},{"hash":"32d8a08e1f0ef56df3dfa57281ceec4293e5c4e8","isMergeCommit":false,"messageTitle":"Fix filter command related bugs","messageBody":"","fileTypesAndContributionMap":{"functional-code":{"insertions":16,"deletions":2}}},{"hash":"4097c41313d3c797920b6d0ed0047fa37b551ea2","isMergeCommit":false,"messageTitle":"Fix close wedding wrong error message bug","messageBody":"","fileTypesAndContributionMap":{"functional-code":{"insertions":3,"deletions":1}}},{"hash":"3f2892211aff6afa13240171b07a29f8360e0576","isMergeCommit":false,"messageTitle":"Fix failing tests","messageBody":"","fileTypesAndContributionMap":{"test-code":{"insertions":2,"deletions":2}}},{"hash":"ba3f9ca7110f3f247afe4c4439c87f15d4e3d500","isMergeCommit":false,"messageTitle":"Fix checkstyle","messageBody":"","fileTypesAndContributionMap":{"functional-code":{"insertions":0,"deletions":1}}},{"hash":"5f19e56bafed777fc1fb2eccaceefea194e9622f","isMergeCommit":false,"messageTitle":"Add functionality to reset filter upon blank input","messageBody":"","fileTypesAndContributionMap":{"functional-code":{"insertions":25,"deletions":3}}}]},{"date":"2025-04-07T00:00:00","commitResults":[{"hash":"14dc1709e431e34c57db8ba3300ba0b6486d083e","isMergeCommit":true,"messageTitle":"Merge pull request #210 from soonami69/fixBetaBugs","messageBody":"Fix bugs","fileTypesAndContributionMap":{}},{"hash":"d0b84ce6ba3665755621baf9073fb76f28a51b36","isMergeCommit":false,"messageTitle":"Add more specific error message for new wedding command","messageBody":"","fileTypesAndContributionMap":{"functional-code":{"insertions":10,"deletions":3},"test-code":{"insertions":1,"deletions":5}}},{"hash":"abd60f878c92264847e361e0afdc7e94162e2d55","isMergeCommit":false,"messageTitle":"Fix error message for invalid index for delete and remove commands","messageBody":"","fileTypesAndContributionMap":{"functional-code":{"insertions":22,"deletions":9}}},{"hash":"e383c8eb5bc8a399bbf32308ac46fbb852559901","isMergeCommit":false,"messageTitle":"Fix UG inconsistency bug","messageBody":"","fileTypesAndContributionMap":{"docs":{"insertions":1,"deletions":1}}},{"hash":"88026ceef68635fd484c129c46e0f2902977a4dc","isMergeCommit":false,"messageTitle":"Refine UG","messageBody":"","fileTypesAndContributionMap":{"docs":{"insertions":1,"deletions":1}}},{"hash":"c2067d4581a905e547f5a743b55b8671b31969cf","isMergeCommit":false,"messageTitle":"Change clearallweddings to caw and update UG accordingly","messageBody":"","fileTypesAndContributionMap":{"functional-code":{"insertions":1,"deletions":1},"docs":{"insertions":19,"deletions":18}}},{"hash":"c9c4478398404fe91486f02a201702b95cbf035e","isMergeCommit":false,"messageTitle":"Change caw to ca","messageBody":"","fileTypesAndContributionMap":{"functional-code":{"insertions":1,"deletions":1},"docs":{"insertions":5,"deletions":5}}},{"hash":"e23e94bc85731ae4addb0d0873de20bc2b2cdf25","isMergeCommit":false,"messageTitle":"Update variable name to maintain consistency","messageBody":"","fileTypesAndContributionMap":{"functional-code":{"insertions":2,"deletions":2}}}]},{"date":"2025-04-08T00:00:00","commitResults":[{"hash":"331c62fbe3bf764dfc32111f353bde41d03b1741","isMergeCommit":false,"messageTitle":"Fix clear command","messageBody":"","fileTypesAndContributionMap":{"functional-code":{"insertions":7,"deletions":0}}},{"hash":"8ad5c417bf6da02d2d2d3819d0e51390c906b3b3","isMergeCommit":false,"messageTitle":"Fix fix","messageBody":"","fileTypesAndContributionMap":{"functional-code":{"insertions":2,"deletions":2}}}]}],"Rae2480":[{"date":"2025-03-06T00:00:00","commitResults":[{"hash":"9019a488d9f74e73954c1d6e9f479dc98003fc35","isMergeCommit":false,"messageTitle":"Update about us page for rae","messageBody":"","fileTypesAndContributionMap":{"docs":{"insertions":3,"deletions":3}}}]},{"date":"2025-03-08T00:00:00","commitResults":[{"hash":"07cc6bbff74681fee549ca7c134d85daa53c63b8","isMergeCommit":false,"messageTitle":"Add user stories for MVP features in DG","messageBody":"","fileTypesAndContributionMap":{"docs":{"insertions":46,"deletions":0}}},{"hash":"df1924c8bdc1895bed3919058c42cee2424dfef5","isMergeCommit":false,"messageTitle":"Fix markbind style errors","messageBody":"","fileTypesAndContributionMap":{"docs":{"insertions":2,"deletions":2}}},{"hash":"59824eafd6c364e8cd95e2b58482c94bb664f682","isMergeCommit":false,"messageTitle":"Tweak user stories","messageBody":"","fileTypesAndContributionMap":{"docs":{"insertions":18,"deletions":8}}},{"hash":"4e003a8e2317243ccd6d0e8010ef884262f84f8f","isMergeCommit":false,"messageTitle":"Redirect AB3 repo links to TP repo","messageBody":"","fileTypesAndContributionMap":{"docs":{"insertions":5,"deletions":5}}},{"hash":"bc538545f9108dc2e08495a1daa053a97692bad0","isMergeCommit":false,"messageTitle":"Rename some instances of AB3 to HappyEverAfter","messageBody":"","fileTypesAndContributionMap":{"docs":{"insertions":6,"deletions":6}}},{"hash":"bb1cafe9aef651bb9062d28e014f2633727d50d0","isMergeCommit":false,"messageTitle":"Update personal particulars","messageBody":"","fileTypesAndContributionMap":{"docs":{"insertions":8,"deletions":17}}}]},{"date":"2025-03-11T00:00:00","commitResults":[{"hash":"4d23dbba511435dec681ca221c72aa0aa10146f1","isMergeCommit":true,"messageTitle":"Merge pull request #38 from hrishikeshsathyian/Add-NFR","messageBody":"Add NFR","fileTypesAndContributionMap":{}}]},{"date":"2025-03-13T00:00:00","commitResults":[{"hash":"27798e793ec5d55ec7adcef4b6624922d55197da","isMergeCommit":true,"messageTitle":"Merge pull request #44 from hrishikeshsathyian/Add-Wedding-OOP","messageBody":"Add wedding OOP","fileTypesAndContributionMap":{}}]},{"date":"2025-03-17T00:00:00","commitResults":[{"hash":"265b28498c763eb4cc8d72ad7e87e2e487775730","isMergeCommit":false,"messageTitle":"Implement logic to maintain state of wedding","messageBody":"","fileTypesAndContributionMap":{"functional-code":{"insertions":27,"deletions":1}}},{"hash":"408f1715765d76d4b5fe2faaa97d2470cc951f46","isMergeCommit":false,"messageTitle":"Enable wedding drafting","messageBody":"","fileTypesAndContributionMap":{"functional-code":{"insertions":224,"deletions":93}}}]},{"date":"2025-03-18T00:00:00","commitResults":[{"hash":"6b23f0f7434c9dbba6346dc08be56b1c81338fb8","isMergeCommit":false,"messageTitle":"Add wedding-related command parsing","messageBody":"","fileTypesAndContributionMap":{"functional-code":{"insertions":370,"deletions":18}}},{"hash":"1047e42093db0bd59621c5307ece85f2b30a90b3","isMergeCommit":false,"messageTitle":"Tie in wedding logic with pre-existing ab3 logic","messageBody":"","fileTypesAndContributionMap":{"functional-code":{"insertions":364,"deletions":104}}},{"hash":"87864d6f6241be41738fe8c96f4f36dc0d040214","isMergeCommit":false,"messageTitle":"Fix small style issues","messageBody":"","fileTypesAndContributionMap":{"functional-code":{"insertions":102,"deletions":53}}}]},{"date":"2025-03-27T00:00:00","commitResults":[{"hash":"325cf61a121dc356336c4451af2f114f3921c770","isMergeCommit":false,"messageTitle":"Create command class","messageBody":"","fileTypesAndContributionMap":{"functional-code":{"insertions":22,"deletions":0}}},{"hash":"b3815ee3dafe6193b4ecdd5663d3275cd632a0e1","isMergeCommit":false,"messageTitle":"Enable wedding sorting inside model classes","messageBody":"","fileTypesAndContributionMap":{"functional-code":{"insertions":31,"deletions":1}}},{"hash":"cca121073915e4b3df0271d60a6335f041216cc2","isMergeCommit":false,"messageTitle":"Add sorting onto main logic of app","messageBody":"","fileTypesAndContributionMap":{"functional-code":{"insertions":4,"deletions":0}}},{"hash":"69246ff7881e91b48c01600438179f5339c1d5be","isMergeCommit":false,"messageTitle":"Add documentation for new feature: sorting weddings by date (#76)","messageBody":"","fileTypesAndContributionMap":{"docs":{"insertions":49,"deletions":20}}}]},{"date":"2025-04-02T00:00:00","commitResults":[{"hash":"90201c5b7fa89caa01a73a9af4e1fcb39bae4e92","isMergeCommit":false,"messageTitle":"Create UML diagrams for model structure","messageBody":"","fileTypesAndContributionMap":{"docs":{"insertions":41,"deletions":20}}},{"hash":"5870c227c9855b2c47a4bcc436ca8c4866eee10b","isMergeCommit":false,"messageTitle":"Remove whitespace","messageBody":"","fileTypesAndContributionMap":{"docs":{"insertions":29,"deletions":29}}}]},{"date":"2025-04-03T00:00:00","commitResults":[{"hash":"0753ce2345d34aadfa7114f7d4e46e620c3d833b","isMergeCommit":false,"messageTitle":"Update developer guide","messageBody":"","fileTypesAndContributionMap":{"docs":{"insertions":5,"deletions":3}}},{"hash":"9a0fb297f1f3b6dff1e93f8af6772547c0f5335f","isMergeCommit":false,"messageTitle":"Make cosmetic change to class referenced in DG updates","messageBody":"","fileTypesAndContributionMap":{"functional-code":{"insertions":7,"deletions":4}}},{"hash":"6791ac44d20dd8442171b5de9450d5511193eb20","isMergeCommit":false,"messageTitle":"Update ug \u0026 upload better helpmessage screenshot","messageBody":"","fileTypesAndContributionMap":{"docs":{"insertions":11,"deletions":12}}},{"hash":"30ae81aaab1a342d8fd2471efcf37be1b5f6c476","isMergeCommit":true,"messageTitle":"Merge branch \u0027master\u0027 into UG-and-DG-update","messageBody":"","fileTypesAndContributionMap":{}}]},{"date":"2025-04-04T00:00:00","commitResults":[{"hash":"bcde5ca126c3b623046aaaca4ff6a1ec5e79fb38","isMergeCommit":true,"messageTitle":"Merge pull request #148 from Xzh119/Branch-Fix-Filter","messageBody":"Modify filter","fileTypesAndContributionMap":{}},{"hash":"dcfe5d049a89d08dcaf48cf4cebcc4851f51a75d","isMergeCommit":true,"messageTitle":"Merge pull request #147 from Xzh119/Branch-Fix-Bugs","messageBody":"Fix bug and Update UG","fileTypesAndContributionMap":{}},{"hash":"df3297371e5b8899790d0cbaabac72cfcbda9e2c","isMergeCommit":true,"messageTitle":"Merge pull request #145 from soonami69/edit-User-Guide","messageBody":"Edit User Guide and changed name of application","fileTypesAndContributionMap":{}},{"hash":"513e3d1dacd5237f50836fdacaf6a82f301f94dc","isMergeCommit":false,"messageTitle":"Update docs to reflect our product\u0027s name","messageBody":"","fileTypesAndContributionMap":{"functional-code":{"insertions":1,"deletions":1},"docs":{"insertions":13,"deletions":13}}},{"hash":"898e266aab885110da7a2e8692053f3dc4c4b767","isMergeCommit":true,"messageTitle":"Merge pull request #149 from Rae2480/dg-changes","messageBody":"Update docs to reflect our product\u0027s name","tags":["v1.5"],"fileTypesAndContributionMap":{}}]},{"date":"2025-04-07T00:00:00","commitResults":[{"hash":"1d7d4de5bd5f8fe6e70e7f4b682c3a1cb43b63b6","isMergeCommit":false,"messageTitle":"Remove undo/redo implementation","messageBody":"","fileTypesAndContributionMap":{"docs":{"insertions":3,"deletions":3}}}]},{"date":"2025-04-08T00:00:00","commitResults":[{"hash":"f67a921ac5d45614df7296d656c63cfba425457e","isMergeCommit":false,"messageTitle":"Update manual testing appendix","messageBody":"","fileTypesAndContributionMap":{"docs":{"insertions":172,"deletions":26}}},{"hash":"b848327c447dfd93f530cec7ebf3574faeabaa78","isMergeCommit":false,"messageTitle":"Fix typo","messageBody":"","fileTypesAndContributionMap":{"docs":{"insertions":1,"deletions":1}}},{"hash":"b6a85da2b9068f9258e04cf4534a00cef710c86d","isMergeCommit":true,"messageTitle":"Merge pull request #219 from Xzh119/Branch-Fix-somebugs","messageBody":"Fix the bug of not closing after deleting","fileTypesAndContributionMap":{}},{"hash":"0b1405b8331d7f3437eb44b657944ef5554eeffa","isMergeCommit":false,"messageTitle":"Remedy inconsistent model naming","messageBody":"","fileTypesAndContributionMap":{"docs":{"insertions":3,"deletions":3}}},{"hash":"abff4af8ddd5da61456301e6838c754598708340","isMergeCommit":false,"messageTitle":"Correct storage naming in UML","messageBody":"","fileTypesAndContributionMap":{"docs":{"insertions":5,"deletions":5}}},{"hash":"5ca4eee640225fbb93aa2a3b5868994139b3b108","isMergeCommit":false,"messageTitle":"Improve formatting","messageBody":"","fileTypesAndContributionMap":{"docs":{"insertions":4,"deletions":4}}},{"hash":"305a7d9779e42b911d0dfdca17e763c3620e2162","isMergeCommit":true,"messageTitle":"Merge pull request #220 from Rae2480/fix-dg-bugs","messageBody":"Fix remaining DG bugs","fileTypesAndContributionMap":{}},{"hash":"cc401232afe0c491ddf8f470295e485a936a13cb","isMergeCommit":false,"messageTitle":"Make UI better","messageBody":"","fileTypesAndContributionMap":{"functional-code":{"insertions":79,"deletions":2}}}]}],"zedonggg":[{"date":"2025-03-06T00:00:00","commitResults":[{"hash":"7a40bc245805260a4d7fc715dcd1c4ac991b2bc4","isMergeCommit":false,"messageTitle":"Add Zedong details to AboutUs.md","messageBody":"","fileTypesAndContributionMap":{"docs":{"insertions":3,"deletions":3}}},{"hash":"9b0b3914cefe317d3f5075936bb1116dd60cf04d","isMergeCommit":true,"messageTitle":"Merge pull request #24 from soonami69/branch-User-Gudie","messageBody":"Update AboutUs to be about me","fileTypesAndContributionMap":{}}]},{"date":"2025-03-09T00:00:00","commitResults":[{"hash":"1eb3080506962a02316b87d01e795b99a9140228","isMergeCommit":true,"messageTitle":"Merge pull request #31 from Rae2480/update-website","messageBody":"Update DG","fileTypesAndContributionMap":{}},{"hash":"e613b846abff0dc74832d9f79a23ad1077c38d2f","isMergeCommit":true,"messageTitle":"Merge pull request #33 from Xzh119/Branch-Update-DG","messageBody":"Update Glossary in DG","fileTypesAndContributionMap":{}},{"hash":"ce1a328c0f72c360145d080ef423a9b280f76fc8","isMergeCommit":true,"messageTitle":"Merge pull request #35 from Xzh119/Branch-Update-README","messageBody":"Update README","fileTypesAndContributionMap":{}}]},{"date":"2025-03-15T00:00:00","commitResults":[{"hash":"1eaad2794e25dd5151d984a4cf3abdf6f0a8d6ad","isMergeCommit":false,"messageTitle":"Update Weddings to use a UniqueWeddingList","messageBody":"","fileTypesAndContributionMap":{"functional-code":{"insertions":126,"deletions":3}}},{"hash":"3b57b10e45f076b2d9a03fbdbf9622071b50371e","isMergeCommit":false,"messageTitle":"Add toString method in Wedding","messageBody":"","fileTypesAndContributionMap":{"functional-code":{"insertions":8,"deletions":0}}},{"hash":"fac4fb55e290b50b1f80e802bad96a65360f4e8e","isMergeCommit":false,"messageTitle":"Fix WeddingNotFoundException","messageBody":"","fileTypesAndContributionMap":{"functional-code":{"insertions":1,"deletions":1}}},{"hash":"459b43df5db5165f210f019bbe74238610671db8","isMergeCommit":false,"messageTitle":"Update Wedding class","messageBody":"","fileTypesAndContributionMap":{"functional-code":{"insertions":21,"deletions":10}}},{"hash":"8ca1644d36c79610163aa60bd1c8063819120666","isMergeCommit":false,"messageTitle":"Add javadoc comment","messageBody":"","fileTypesAndContributionMap":{"functional-code":{"insertions":8,"deletions":0}}}]},{"date":"2025-03-18T00:00:00","commitResults":[{"hash":"6d54be92b285d1e4334cafd18d881feecf2af8fe","isMergeCommit":true,"messageTitle":"Merge pull request #48 from Rae2480/wedding-commands-parsing","messageBody":"Wedding commands parsing","fileTypesAndContributionMap":{}}]},{"date":"2025-03-20T00:00:00","commitResults":[{"hash":"3b82af6e986e1a18e62d953bb72b5646343b1fc4","isMergeCommit":true,"messageTitle":"Merge branch \u0027master\u0027 into branch-Update-UI","messageBody":"","fileTypesAndContributionMap":{}},{"hash":"ba46efaed12ff3d506641a5ef2c18caee7d0cdd4","isMergeCommit":true,"messageTitle":"Merge pull request #53 from soonami69/branch-Update-UI","messageBody":"Branch update UI","fileTypesAndContributionMap":{}},{"hash":"06d8f1a2887173827bc5fb4cac556977912ea1bb","isMergeCommit":false,"messageTitle":"add json versions of wedding and weddingplanner","messageBody":"","fileTypesAndContributionMap":{"functional-code":{"insertions":356,"deletions":29}}},{"hash":"37e3ac94c6204d2e3728fc5c9466583aba5cc3e8","isMergeCommit":false,"messageTitle":"adapt MainApp to implement wedding planner storage","messageBody":"","fileTypesAndContributionMap":{"functional-code":{"insertions":24,"deletions":23}}},{"hash":"0045f6c24a7e927c6436cbfae521aa7630712821","isMergeCommit":true,"messageTitle":"Merge branch \u0027master\u0027 into branch-storage-zedong","messageBody":"","fileTypesAndContributionMap":{}},{"hash":"b43fc9947cd28557ad55f6ad9573c03ebecdb942","isMergeCommit":false,"messageTitle":"add persistent storage","messageBody":"","fileTypesAndContributionMap":{"functional-code":{"insertions":41,"deletions":19},"test-code":{"insertions":1,"deletions":1}}},{"hash":"f34bdb42ec5c6941203ba4d2b70e65a828aa1910","isMergeCommit":true,"messageTitle":"Merge pull request #54 from soonami69/branch-Update-UI","messageBody":"Branch update UI","tags":["v1.3"],"fileTypesAndContributionMap":{}},{"hash":"46bbeeb28457e48448183fba9a782a4cacbec8a1","isMergeCommit":true,"messageTitle":"Merge branch \u0027master\u0027 into branch-storage-zedong","messageBody":"","fileTypesAndContributionMap":{}},{"hash":"08c120889416469c2d5586a6421c25684642ff5c","isMergeCommit":false,"messageTitle":"fix checkstyle errors","messageBody":"","fileTypesAndContributionMap":{"functional-code":{"insertions":14,"deletions":21}}},{"hash":"7eed806c09136d09fbeab740e3011c002dae6077","isMergeCommit":true,"messageTitle":"Merge pull request #55 from zedonggg/branch-storage-zedong","messageBody":"Add Persistent Storage","fileTypesAndContributionMap":{}},{"hash":"7c35e56abe50ac1f00a44d4713e0ba08d5b7423f","isMergeCommit":true,"messageTitle":"Merge branch \u0027master\u0027 into Branch-add-testing","messageBody":"","fileTypesAndContributionMap":{}}]},{"date":"2025-03-27T00:00:00","commitResults":[{"hash":"60fa4c57590d979178e4ea0fdb25a3e8e17379e5","isMergeCommit":true,"messageTitle":"Merge pull request #73 from soonami69/branch-Add-Guest-And-Staff","messageBody":"Add Guest and Staff classes","fileTypesAndContributionMap":{}},{"hash":"db50cfbbb76afbaade6aeb14127d15b7e3f308b2","isMergeCommit":true,"messageTitle":"Merge branch \u0027master\u0027 into sort-by-date","messageBody":"","fileTypesAndContributionMap":{}},{"hash":"73cc6c53afba05c1097273255fb2d359f459d055","isMergeCommit":true,"messageTitle":"Merge pull request #75 from Rae2480/sort-by-date","messageBody":"Allow sorting by date","fileTypesAndContributionMap":{}},{"hash":"25ae9350d85a5e950e377775478d664b34127d91","isMergeCommit":false,"messageTitle":"Add filter by tag command","messageBody":"","fileTypesAndContributionMap":{"functional-code":{"insertions":132,"deletions":0}}},{"hash":"e424a46e8237093333bb6bbe1e87eda07fbff76f","isMergeCommit":false,"messageTitle":"fix checkstyle","messageBody":"","fileTypesAndContributionMap":{"functional-code":{"insertions":8,"deletions":3}}},{"hash":"17caa314eb24d6e6a3c70ae673e857b7d713eaef","isMergeCommit":true,"messageTitle":"Merge pull request #78 from zedonggg/branch-zd-filter","messageBody":"Add filter command","tags":["v1.4"],"fileTypesAndContributionMap":{}}]},{"date":"2025-04-02T00:00:00","commitResults":[{"hash":"4e9a144b16b634fd09fbde977db31a0ee757d2a9","isMergeCommit":false,"messageTitle":"update UML diagram for storage","messageBody":"","fileTypesAndContributionMap":{"other":{"insertions":6,"deletions":1},"docs":{"insertions":11,"deletions":9}}},{"hash":"f7190f4234997c7e0db4e71cb9e6c4b9ab08ddac","isMergeCommit":false,"messageTitle":"update architecture sequence diagram","messageBody":"","fileTypesAndContributionMap":{"docs":{"insertions":2,"deletions":2}}},{"hash":"94754252d0f38b6430c9f904fc6797bfdf03da08","isMergeCommit":false,"messageTitle":"update some parts of DG","messageBody":"","fileTypesAndContributionMap":{"docs":{"insertions":8,"deletions":8}}},{"hash":"78a550d7c0f256058a987e1ec15e889e2b0c2d76","isMergeCommit":false,"messageTitle":"fix sample wedding data","messageBody":"","fileTypesAndContributionMap":{"functional-code":{"insertions":17,"deletions":4}}}]},{"date":"2025-04-03T00:00:00","commitResults":[{"hash":"70704c408c9a180fba6d3ff1856082996b1c5486","isMergeCommit":false,"messageTitle":"Fix verbose wedding display on opening selected wedding","messageBody":"","fileTypesAndContributionMap":{"functional-code":{"insertions":8,"deletions":1}}},{"hash":"b739a37f93e3c40de59d12f0766d2f649b65cedb","isMergeCommit":false,"messageTitle":"Add strict date checking","messageBody":"","fileTypesAndContributionMap":{"functional-code":{"insertions":6,"deletions":4}}},{"hash":"3382897c60f8ade59434105043b58c69e553f0aa","isMergeCommit":false,"messageTitle":"Add more testcases for date","messageBody":"","fileTypesAndContributionMap":{"test-code":{"insertions":6,"deletions":0}}},{"hash":"9ac65497233088f351ba505e2e5b6bb71df840ab","isMergeCommit":false,"messageTitle":"Add more descriptive date error message","messageBody":"","fileTypesAndContributionMap":{"functional-code":{"insertions":1,"deletions":1}}},{"hash":"d14bf0b6ca4184b12fbc7c29836a90a68b67bb3f","isMergeCommit":false,"messageTitle":"Rename logger file to weddingplanner.log","messageBody":"","fileTypesAndContributionMap":{"functional-code":{"insertions":1,"deletions":1}}},{"hash":"6494181b4e28248ccb73030d016e2b1fdc5a8e8d","isMergeCommit":false,"messageTitle":"Add clear all methods in wedding model","messageBody":"","fileTypesAndContributionMap":{"functional-code":{"insertions":155,"deletions":0}}}]},{"date":"2025-04-04T00:00:00","commitResults":[{"hash":"3bd9380d011e09789a2418cd9aa65b89445d17bc","isMergeCommit":false,"messageTitle":"Add clearallweddings feature","messageBody":"","fileTypesAndContributionMap":{"functional-code":{"insertions":58,"deletions":2}}},{"hash":"b16c071dc0e60ea0ab12f2ba9778acb2e9ce9df6","isMergeCommit":false,"messageTitle":"Add documentation for clearallweddings","messageBody":"","fileTypesAndContributionMap":{"functional-code":{"insertions":3,"deletions":0},"docs":{"insertions":13,"deletions":0}}},{"hash":"a0c1cedc3e53ce75fa8341b435b54c58090e64f6","isMergeCommit":false,"messageTitle":"Fix checkstyle and miscellaneous issues","messageBody":"","fileTypesAndContributionMap":{"functional-code":{"insertions":55,"deletions":14}}},{"hash":"17c6969ff13be75b1807bd8196975a0048cae3a4","isMergeCommit":true,"messageTitle":"Merge pull request #146 from Xzh119/Branch-Update-UG2","messageBody":"Update UG to match current commands","fileTypesAndContributionMap":{}},{"hash":"8f3b4cc61e3a47f763de481196e29b5c6ff6d2ee","isMergeCommit":true,"messageTitle":"Merge branch \u0027master\u0027 into branch-clearall-zd","messageBody":"","fileTypesAndContributionMap":{}},{"hash":"c5cc1c0e6769f057e81ed9330d3a9aa9dc3469df","isMergeCommit":true,"messageTitle":"Merge pull request #143 from zedonggg/branch-clearall-zd","messageBody":"Add support to clear all weddings","fileTypesAndContributionMap":{}}]},{"date":"2025-04-07T00:00:00","commitResults":[{"hash":"d5e7d1d7819794a12e89199e2189ec7e8e20900b","isMergeCommit":false,"messageTitle":"Fix new wedding command","messageBody":"","fileTypesAndContributionMap":{"functional-code":{"insertions":105,"deletions":21}}},{"hash":"7186e8bf350737196ab5dcc27d9592776f3171eb","isMergeCommit":false,"messageTitle":"fix some testcases","messageBody":"","fileTypesAndContributionMap":{"test-code":{"insertions":38,"deletions":31}}},{"hash":"36d00af0485822db4a11ede93b9b67ec216ee1b7","isMergeCommit":true,"messageTitle":"Merge pull request #2 from soonami69/fixZedongBranch","messageBody":"Fix zedong branch","fileTypesAndContributionMap":{}}]},{"date":"2025-04-08T00:00:00","commitResults":[{"hash":"854708a59c4736a47cdaca58c462ee27adb97633","isMergeCommit":true,"messageTitle":"Merge pull request #217 from Rae2480/fix-dg-bugs","messageBody":"Update DG","fileTypesAndContributionMap":{}},{"hash":"a94a2c7944561edf69f09cf5a5fda746598c6710","isMergeCommit":true,"messageTitle":"Merge pull request #218 from Xzh119/Branch-Fix-PEbugs","messageBody":"Branch fix PEbugs","fileTypesAndContributionMap":{}},{"hash":"351aacfc46631b283c65dbc074620cdb7d232275","isMergeCommit":false,"messageTitle":"modify ug","messageBody":"","fileTypesAndContributionMap":{"docs":{"insertions":78,"deletions":137}}},{"hash":"a1df7d81f5916790183aa6f86368a8a8cc3d4f6a","isMergeCommit":false,"messageTitle":"update ug","messageBody":"","fileTypesAndContributionMap":{"docs":{"insertions":47,"deletions":18}}},{"hash":"ee7bb6ff8b9dbd1850597d6e1c3cd9eff0989138","isMergeCommit":false,"messageTitle":"update ug","messageBody":"","fileTypesAndContributionMap":{"docs":{"insertions":36,"deletions":23}}},{"hash":"fa99d78f6cfbc484e8604eab452885c85b912cfe","isMergeCommit":false,"messageTitle":"update all info boxes to be non-seamless","messageBody":"","fileTypesAndContributionMap":{"docs":{"insertions":1,"deletions":1}}},{"hash":"dcae92768d9c7057f51ce8f2c79bd7ee1e6b025a","isMergeCommit":true,"messageTitle":"Merge branch \u0027master\u0027 into branch-fix-dg","messageBody":"","fileTypesAndContributionMap":{}},{"hash":"d078e946e7168525b9cda1345e82c1b4edca28cd","isMergeCommit":true,"messageTitle":"Merge pull request #221 from zedonggg/branch-fix-dg","messageBody":"Update User Guide","fileTypesAndContributionMap":{}},{"hash":"b6781a017d3e6c25e56343b6d4657a924378ada0","isMergeCommit":false,"messageTitle":"update broken links in ug","messageBody":"","fileTypesAndContributionMap":{"docs":{"insertions":18,"deletions":18}}},{"hash":"bfe716a1e087d2c71a1692d69c9d304b607e3cc3","isMergeCommit":true,"messageTitle":"Merge pull request #226 from Rae2480/make-ui-better","messageBody":"Make UI better","fileTypesAndContributionMap":{}},{"hash":"10a38cec1d52748b9f8957390cd661cbec96ad83","isMergeCommit":false,"messageTitle":"update user guide","messageBody":"","fileTypesAndContributionMap":{"docs":{"insertions":6,"deletions":4}}},{"hash":"ae896f30bf205443081fbb4756bc07e5ab3149fe","isMergeCommit":false,"messageTitle":"update ug","messageBody":"","fileTypesAndContributionMap":{"docs":{"insertions":5,"deletions":5}}},{"hash":"8a3d5cf8c73287e8542d2d0071e8da524b10c587","isMergeCommit":true,"messageTitle":"Merge branch \u0027master\u0027 into branch-fix-dg","messageBody":"","fileTypesAndContributionMap":{}}]}],"soonami69":[{"date":"2025-03-06T00:00:00","commitResults":[{"hash":"948574b7652a163852b993da51f149441dc78e2c","isMergeCommit":false,"messageTitle":"Update AboutUs to be about me","messageBody":"","fileTypesAndContributionMap":{"docs":{"insertions":6,"deletions":6}}},{"hash":"7cb740d25c6c2a54afde83fe80c09317ee48cd8c","isMergeCommit":true,"messageTitle":"Merge pull request #22 from hrishikeshsathyian/Update-AboutUs-Hrishi","messageBody":"Update AboutUs page Hrishi","fileTypesAndContributionMap":{}},{"hash":"103a9563c8ceabe16922a313949fb410635ef798","isMergeCommit":true,"messageTitle":"Merge pull request #25 from zedonggg/branch-Update-AboutUs-Zd","messageBody":"Add Zedong details to AboutUs.md","fileTypesAndContributionMap":{}},{"hash":"d8a922df3ea924a994448fd05c3a01d0fb9f2980","isMergeCommit":true,"messageTitle":"Merge branch \u0027master\u0027 into Branch-Update-AboutUs-page","messageBody":"","fileTypesAndContributionMap":{}},{"hash":"4dd95df80c2e67c20fe905f3c2bf9178a02039f9","isMergeCommit":true,"messageTitle":"Merge pull request #27 from Xzh119/Branch-Update-AboutUs-page","messageBody":"Update AboutUs page for Zhehao","fileTypesAndContributionMap":{}}]},{"date":"2025-03-10T00:00:00","commitResults":[{"hash":"ad6a0282bd34cef5cace86ffe5cc6c03ef611d0b","isMergeCommit":false,"messageTitle":"Update Use Cases in DG","messageBody":"","fileTypesAndContributionMap":{"docs":{"insertions":67,"deletions":8}}}]},{"date":"2025-03-15T00:00:00","commitResults":[{"hash":"654e7dfc8a7c01d22ae67ccbf673806a502e0fe2","isMergeCommit":false,"messageTitle":"Change GUI to match mockup","messageBody":"","fileTypesAndContributionMap":{"functional-code":{"insertions":75,"deletions":36},"other":{"insertions":2,"deletions":2}}},{"hash":"e983ebb5ec7cb8976d5b6a83b082faac0398dd9a","isMergeCommit":true,"messageTitle":"Merge branch \u0027master\u0027 into branch-Update-UI","messageBody":"","fileTypesAndContributionMap":{}},{"hash":"86eecb9a156fce638201172ec10f0f6d19227a88","isMergeCommit":true,"messageTitle":"Merge pull request #46 from zedonggg/branch-storage-zedong","messageBody":"Add UniqueWeddingList storage","fileTypesAndContributionMap":{}},{"hash":"d3e369fa20c1c991e795e5cef7e14d38d2cf49f5","isMergeCommit":true,"messageTitle":"Merge branch \u0027master\u0027 into branch-Update-UI","messageBody":"","fileTypesAndContributionMap":{}},{"hash":"5cbbbb91438df3fb99d6ea4f066f66849a195656","isMergeCommit":true,"messageTitle":"Merge pull request #47 from zedonggg/branch-storage-zedong","messageBody":"Update Wedding class","fileTypesAndContributionMap":{}}]},{"date":"2025-03-17T00:00:00","commitResults":[{"hash":"d59e909e009e292ed78fbfacd38ded311a4b59f9","isMergeCommit":false,"messageTitle":"Change GUI to display weddings","messageBody":"","fileTypesAndContributionMap":{"functional-code":{"insertions":261,"deletions":74}}},{"hash":"564885fa30e3ca35f6cad4ba1ff04fd95983537e","isMergeCommit":true,"messageTitle":"Merge branch \u0027master\u0027 into branch-Update-UI","messageBody":"","fileTypesAndContributionMap":{}}]},{"date":"2025-03-19T00:00:00","commitResults":[{"hash":"23480a14a2de78759c2e3ade788b18678700f588","isMergeCommit":true,"messageTitle":"Merge pull request #50 from Xzh119/Branch-refactor-wedding","messageBody":"Refactor wedding","fileTypesAndContributionMap":{}},{"hash":"6bcebe161afcca0df5971e99f8c2c1a4fdd6e6db","isMergeCommit":false,"messageTitle":"Edit CSS to match mockup","messageBody":"","fileTypesAndContributionMap":{"functional-code":{"insertions":80,"deletions":67}}},{"hash":"00f570114a7bbbc26656f48cf3224bdd6bda5bd3","isMergeCommit":true,"messageTitle":"Merge branch \u0027master\u0027 into branch-Update-UI","messageBody":"","fileTypesAndContributionMap":{}},{"hash":"b362415fc2c142eb7b3722c9debc37b86e743bfb","isMergeCommit":false,"messageTitle":"Fix styling to comply with CI tests","messageBody":"","fileTypesAndContributionMap":{"functional-code":{"insertions":4,"deletions":4}}},{"hash":"d1ee2f03aa5cbe62665e4bac68fed22f0c0a4f14","isMergeCommit":false,"messageTitle":"Patched up logic issues in merge","messageBody":"","fileTypesAndContributionMap":{"functional-code":{"insertions":2,"deletions":16},"other":{"insertions":648,"deletions":0}}},{"hash":"8031c69a2d1599daee4c2b7e5c082f1bb1f104db","isMergeCommit":false,"messageTitle":"Fix more Checkstyle issues","messageBody":"","fileTypesAndContributionMap":{"functional-code":{"insertions":2,"deletions":5},"test-code":{"insertions":12,"deletions":13}}},{"hash":"098f2cdf46891715c1400c0a765c3877ca333919","isMergeCommit":false,"messageTitle":"FIx a single line of code that was preventing CI tests from passing","messageBody":"","fileTypesAndContributionMap":{"functional-code":{"insertions":2,"deletions":1}}}]},{"date":"2025-03-20T00:00:00","commitResults":[{"hash":"1781405f2d197fd88dc2aaf35042744494b1c2bf","isMergeCommit":false,"messageTitle":"Configure WeddingModel to display Wedding personnel","messageBody":"","fileTypesAndContributionMap":{"functional-code":{"insertions":194,"deletions":64},"other":{"insertions":26,"deletions":10},"test-code":{"insertions":54,"deletions":39}}},{"hash":"a05475bd8f9e59ea24f56305518c48629dfa4dce","isMergeCommit":false,"messageTitle":"Update .gitignore and removed bin files","messageBody":"","fileTypesAndContributionMap":{"other":{"insertions":0,"deletions":648}}},{"hash":"d09fe3d1c082322f6509f28fb2d6c844ff0ba444","isMergeCommit":true,"messageTitle":"Merge branch \u0027branch-Update-UI\u0027 of https://github.com/soonami69/tp into branch-Update-UI","messageBody":"","fileTypesAndContributionMap":{}},{"hash":"dcade1ecfda2498c518bfd26d35b3ac48fd96a8a","isMergeCommit":false,"messageTitle":"Fix compile error in WeddingModelManager","messageBody":"","fileTypesAndContributionMap":{"functional-code":{"insertions":2,"deletions":0}}},{"hash":"6586e448c3b72c11fbd64a521e7764ac83566d3d","isMergeCommit":false,"messageTitle":"Edit code to adhere to style guide","messageBody":"","fileTypesAndContributionMap":{"functional-code":{"insertions":14,"deletions":25}}},{"hash":"103ebfba109610ca7ba4963f9e70910a9d5f9370","isMergeCommit":false,"messageTitle":"Provide execute permission to runchecks.sh (I think)","messageBody":"","fileTypesAndContributionMap":{"other":{"insertions":0,"deletions":0}}},{"hash":"8553ea6b3ed30469db79454b73645a97543f8c00","isMergeCommit":false,"messageTitle":"Provide execute permission to the other scripts","messageBody":"","fileTypesAndContributionMap":{"other":{"insertions":0,"deletions":0}}},{"hash":"d4f770a45e2fb57e330df73a632f322a3c798f7f","isMergeCommit":false,"messageTitle":"Change files to use LF line separators","messageBody":"","fileTypesAndContributionMap":{"functional-code":{"insertions":41,"deletions":41}}},{"hash":"9926c5aaa5ab50d7c48522925f3a96cf13124213","isMergeCommit":false,"messageTitle":"Change files to use LF line separators","messageBody":"","fileTypesAndContributionMap":{"functional-code":{"insertions":99,"deletions":99}}},{"hash":"59cf4af37b45f47907d1f81f2379df19b8140fe5","isMergeCommit":false,"messageTitle":"Clean up unused imports in tests","messageBody":"","fileTypesAndContributionMap":{"test-code":{"insertions":1,"deletions":21}}}]},{"date":"2025-03-21T00:00:00","commitResults":[{"hash":"fa858bd7a43b0a7120707392e078e78fe701733f","isMergeCommit":false,"messageTitle":"Fix failing tests (I think)","messageBody":"","fileTypesAndContributionMap":{"functional-code":{"insertions":0,"deletions":5},"docs":{"insertions":10,"deletions":10},"test-code":{"insertions":26,"deletions":19}}},{"hash":"36f5eceb3273910622f267c9662aafd9b5a3175b","isMergeCommit":false,"messageTitle":"Fix unused imports","messageBody":"","fileTypesAndContributionMap":{"test-code":{"insertions":0,"deletions":3}}},{"hash":"a26ac6e3d30fb4879bd400c5ab312162e7f57660","isMergeCommit":true,"messageTitle":"Merge pull request #64 from Xzh119/Branch-green-website","messageBody":"Update markbind and product scope","fileTypesAndContributionMap":{}},{"hash":"9d76e8758f53bd594be294208f48586f34a6b540","isMergeCommit":true,"messageTitle":"Merge branch \u0027master\u0027 into fixCITests","messageBody":"","fileTypesAndContributionMap":{}}]},{"date":"2025-03-24T00:00:00","commitResults":[{"hash":"0620312dd624da09c770efa5f7ee05cbb235bca9","isMergeCommit":true,"messageTitle":"Merge pull request #69 from Xzh119/Branch-Update-UG","messageBody":"UserGuide update","fileTypesAndContributionMap":{}}]},{"date":"2025-03-25T00:00:00","commitResults":[{"hash":"207e0cda184918dd72372373cdd8c64f2e1a3ff0","isMergeCommit":false,"messageTitle":"Add Guest and Staff classes","messageBody":"","fileTypesAndContributionMap":{"functional-code":{"insertions":194,"deletions":1}}}]},{"date":"2025-03-26T00:00:00","commitResults":[{"hash":"ab099f1b3df9629d015467ca925129bdc4677e7b","isMergeCommit":false,"messageTitle":"Change files to use LF line separators","messageBody":"","fileTypesAndContributionMap":{"functional-code":{"insertions":193,"deletions":193}}}]},{"date":"2025-03-27T00:00:00","commitResults":[{"hash":"4299d8b8396b5a9daaa79670d8bd4e6ed1fbb7e9","isMergeCommit":false,"messageTitle":"Fix checkstyle issues","messageBody":"","fileTypesAndContributionMap":{"functional-code":{"insertions":4,"deletions":4}}},{"hash":"b37e276e402dda39756ccf2e6af0fc46251c6902","isMergeCommit":false,"messageTitle":"Remove old help command and put new one in place of it in commands folder","messageBody":"","fileTypesAndContributionMap":{"functional-code":{"insertions":7,"deletions":30}}},{"hash":"c512164fd8117b7500935add175ecf6402eef057","isMergeCommit":false,"messageTitle":"Fix wrong import order","messageBody":"","fileTypesAndContributionMap":{"functional-code":{"insertions":1,"deletions":1}}}]},{"date":"2025-03-29T00:00:00","commitResults":[{"hash":"735358506923b6d939956659f28f3a729bfb9475","isMergeCommit":false,"messageTitle":"Update UML diagram for UI","messageBody":"","fileTypesAndContributionMap":{"docs":{"insertions":22,"deletions":15}}},{"hash":"61236a0e83f75107d716d148217e1be5229d482b","isMergeCommit":false,"messageTitle":"Change architecture diagram","messageBody":"","fileTypesAndContributionMap":{"docs":{"insertions":5,"deletions":5}}},{"hash":"31af66c8904f63b5fb9849ebba677b1b0cd45eaf","isMergeCommit":false,"messageTitle":"Edit UI portion of DeveloperGuide","messageBody":"","fileTypesAndContributionMap":{"docs":{"insertions":3,"deletions":1}}}]},{"date":"2025-03-31T00:00:00","commitResults":[{"hash":"49a5946976cdec71645e994c984a67ed5e9e8b61","isMergeCommit":false,"messageTitle":"Edit UserGuide","messageBody":"","fileTypesAndContributionMap":{"docs":{"insertions":43,"deletions":6}}},{"hash":"092c29e574f4ce13a05a994ff914afa5c0176ad3","isMergeCommit":true,"messageTitle":"Merge branch \u0027master\u0027 of https://github.com/AY2425S2-CS2103T-W09-4/tp into NewUMLDiagrams","messageBody":"","fileTypesAndContributionMap":{}},{"hash":"c78c3097b67ae2eeb5ac6ea34c7774b913e53bce","isMergeCommit":false,"messageTitle":"Update UserGuide with 1.5 features","messageBody":"","fileTypesAndContributionMap":{"docs":{"insertions":33,"deletions":29}}},{"hash":"b4086a36028b8403cd03e8eedb60557cb11bfe8c","isMergeCommit":true,"messageTitle":"Merge branch \u0027master\u0027 into Delete-Wedding","messageBody":"","fileTypesAndContributionMap":{}},{"hash":"04f2201c35d707a07dbe1bb75aa766b30b9c2a50","isMergeCommit":false,"messageTitle":"Update WeddingPlannerParser.java","messageBody":"","fileTypesAndContributionMap":{"functional-code":{"insertions":1,"deletions":1}}},{"hash":"d408bf251130e6625cf88841f1cb91212e7274cb","isMergeCommit":true,"messageTitle":"Merge pull request #80 from hrishikeshsathyian/Delete-Wedding","messageBody":"Delete wedding","fileTypesAndContributionMap":{}},{"hash":"6164575fd245b05190722436cae6925957e0eaa6","isMergeCommit":true,"messageTitle":"Merge pull request #79 from soonami69/NewUMLDiagrams","messageBody":"Update UML diagram for UI","fileTypesAndContributionMap":{}},{"hash":"8303c0649b78ab4fe9e979ae2e0c533df5833921","isMergeCommit":false,"messageTitle":"Update tests and faulty checkstyle (#83)","messageBody":"* Update tests and faulty checkstyle\n\n* Remove unused import\n\n* Fix style issues\n\n* Fix style issues frfr this time","fileTypesAndContributionMap":{"functional-code":{"insertions":16,"deletions":6},"test-code":{"insertions":7,"deletions":8}}}]},{"date":"2025-04-01T00:00:00","commitResults":[{"hash":"3088b9282d5ddbadbc2975fa0047d4736eb70e04","isMergeCommit":false,"messageTitle":"Update UserGuide.md","messageBody":"","fileTypesAndContributionMap":{"docs":{"insertions":2,"deletions":1}}},{"hash":"0704648c92029b0819f925052c5a93c0e0b52e94","isMergeCommit":true,"messageTitle":"Merge pull request #84 from AY2425S2-CS2103T-W09-4/soonami69-patch-1","messageBody":"Update UserGuide.md","fileTypesAndContributionMap":{}}]},{"date":"2025-04-03T00:00:00","commitResults":[{"hash":"cbbc34cfa9b76d95cfb25b03f81305d90ddfdc62","isMergeCommit":true,"messageTitle":"Merge pull request #118 from zedonggg/add-sample-data-zd","messageBody":"Fix sample wedding data","fileTypesAndContributionMap":{}},{"hash":"d476eb9749e233001a0dcf0a6b11b56c52295629","isMergeCommit":true,"messageTitle":"Merge pull request #86 from zedonggg/branch-update-dg-zedong","messageBody":"Update developer guide","fileTypesAndContributionMap":{}}]},{"date":"2025-04-04T00:00:00","commitResults":[{"hash":"1055cc22bec45e2e359f05804efd53f21d3452ee","isMergeCommit":true,"messageTitle":"Merge pull request #138 from zedonggg/alpha-bugfix-zd","messageBody":"Fix verbose wedding display on opening selected wedding","fileTypesAndContributionMap":{}},{"hash":"44ae9cf1b62c88f98f8f572446f8f8642ddeecd3","isMergeCommit":false,"messageTitle":"Fix UI selectable box issue and help style issue","messageBody":"","fileTypesAndContributionMap":{"functional-code":{"insertions":5,"deletions":23}}},{"hash":"1b8251554227e9b6d6c05509466991da158801d8","isMergeCommit":true,"messageTitle":"Merge pull request #139 from Xzh119/Branch-EditPerson","messageBody":"Add the feature of editing a member of a wedding","fileTypesAndContributionMap":{}},{"hash":"11a6cf8677e3664c10320d5b163554a849fae9cd","isMergeCommit":false,"messageTitle":"Removed old deprecated delete and edit commands and their corresponding tests and parsers","messageBody":"","fileTypesAndContributionMap":{"functional-code":{"insertions":0,"deletions":444},"test-code":{"insertions":0,"deletions":751}}},{"hash":"fab78166c8beedeff09ae31e400393f5e604b94f","isMergeCommit":false,"messageTitle":"Removed the stringent requirement that Date needs to be in the future","messageBody":"","fileTypesAndContributionMap":{"functional-code":{"insertions":1,"deletions":1},"test-code":{"insertions":4,"deletions":7}}},{"hash":"403e8595443b39d0d896460b0b31e4825ae37e6f","isMergeCommit":true,"messageTitle":"Merge branch \u0027master\u0027 of https://github.com/AY2425S2-CS2103T-W09-4/tp into fix-Alpha-Bugs","messageBody":"","fileTypesAndContributionMap":{}},{"hash":"6c43f2cdb79c289a229048cabf8905e996eceb2c","isMergeCommit":false,"messageTitle":"Removed coupling of EditWeddingPersonCommand to EditCommand","messageBody":"","fileTypesAndContributionMap":{"functional-code":{"insertions":122,"deletions":6},"test-code":{"insertions":175,"deletions":3}}},{"hash":"0a9d9876e11ec441c8b6aa0b0527f500edefdc13","isMergeCommit":true,"messageTitle":"Merge pull request #137 from Xzh119/Update-Diagram","messageBody":"Update diagram","fileTypesAndContributionMap":{}},{"hash":"64b2d3f31cb5ac06284d6baf5a30dd5afa609b58","isMergeCommit":false,"messageTitle":"Fix style issues","messageBody":"","fileTypesAndContributionMap":{"docs":{"insertions":4,"deletions":4},"test-code":{"insertions":3,"deletions":4}}},{"hash":"42aa7b66c7feae5953e4e20ce0714090f92a2bc5","isMergeCommit":false,"messageTitle":"Edit User Guide and changed name of application","messageBody":"","fileTypesAndContributionMap":{"functional-code":{"insertions":1,"deletions":1}}},{"hash":"f2e39185083ad73ee7c3f5d0144b58f6e163b189","isMergeCommit":false,"messageTitle":"Fix checkstyle issues again","messageBody":"","fileTypesAndContributionMap":{"test-code":{"insertions":0,"deletions":3}}},{"hash":"bb612131eab562aa1fb10a45fd846819187e3eb1","isMergeCommit":true,"messageTitle":"Merge pull request #142 from soonami69/fix-Alpha-Bugs","messageBody":"Fixed alpha-bugs listed","fileTypesAndContributionMap":{}}]},{"date":"2025-04-06T00:00:00","commitResults":[{"hash":"757e63959e7e9db94c6a1dda3cb27cf2f15f6092","isMergeCommit":false,"messageTitle":"Fix bug where find command was still being parsed.","messageBody":"","fileTypesAndContributionMap":{"functional-code":{"insertions":1,"deletions":4}}},{"hash":"41c36c3ce9cd0c0d6f276acf0ea398e3f45ccffc","isMergeCommit":false,"messageTitle":"Fix bug where I lowercased the entire command by accident","messageBody":"","fileTypesAndContributionMap":{"functional-code":{"insertions":2,"deletions":3}}},{"hash":"5f8f6d07ada4a30fe8b4a13d35d15c482889a4fe","isMergeCommit":false,"messageTitle":"Fix inconsistent error message in find command","messageBody":"","fileTypesAndContributionMap":{"functional-code":{"insertions":2,"deletions":1},"test-code":{"insertions":0,"deletions":8}}}]},{"date":"2025-04-07T00:00:00","commitResults":[{"hash":"04cca1961e17f32bca906ce9f4a262cb0837d6d4","isMergeCommit":false,"messageTitle":"Remove unused import in tests","messageBody":"","fileTypesAndContributionMap":{"test-code":{"insertions":0,"deletions":6}}},{"hash":"67ab5886db0fe0f205397e65384f018e8c0fd9cc","isMergeCommit":false,"messageTitle":"Update UG and UI","messageBody":"","fileTypesAndContributionMap":{"functional-code":{"insertions":34,"deletions":37},"docs":{"insertions":324,"deletions":223}}},{"hash":"3abdf0be86ea3d6335d5563702321e0ba56b1a60","isMergeCommit":false,"messageTitle":"Update UG again","messageBody":"","fileTypesAndContributionMap":{"docs":{"insertions":13,"deletions":10}}},{"hash":"c0b289d3273724c0831e8a52fab80e53f8fea608","isMergeCommit":false,"messageTitle":"Update UG again","messageBody":"","fileTypesAndContributionMap":{"docs":{"insertions":4,"deletions":3}}},{"hash":"e60f5ab8261cc587bfeaf329f55817600c8c03a9","isMergeCommit":false,"messageTitle":"Update UG again","messageBody":"","fileTypesAndContributionMap":{"docs":{"insertions":4,"deletions":0}}},{"hash":"1428a2d302ba6fa531911d79cf6f9d927bef9e1c","isMergeCommit":true,"messageTitle":"Merge branch \u0027master\u0027 into fixBetaBugs","messageBody":"","fileTypesAndContributionMap":{}},{"hash":"d102392a438544ac15e0b986d3036bd4a681b45a","isMergeCommit":true,"messageTitle":"Merge branch \u0027branch-fix-addwedding-zd\u0027 of https://github.com/zedonggg/tp into fixZedongBranch","messageBody":"","fileTypesAndContributionMap":{}},{"hash":"7bc8b12a27d49f58b66dd65882d72efec74b04f0","isMergeCommit":false,"messageTitle":"Fix test and abstracted boolean check for better code style","messageBody":"","fileTypesAndContributionMap":{"functional-code":{"insertions":7,"deletions":2},"test-code":{"insertions":12,"deletions":10}}},{"hash":"07ed71a0f06f6ff019bf199d47ccfef9781713d4","isMergeCommit":false,"messageTitle":"Fix formatting issue in UG","messageBody":"","fileTypesAndContributionMap":{"docs":{"insertions":8,"deletions":13}}},{"hash":"b8becba07bb0355bd825011d8f2ae94699f68e2d","isMergeCommit":true,"messageTitle":"Merge pull request #215 from soonami69/fixBetaBugs","messageBody":"Fix formatting issue in UG","fileTypesAndContributionMap":{}},{"hash":"c9146ee197b221a6fcb12d4e29f31d961099e7e2","isMergeCommit":false,"messageTitle":"Change icon","messageBody":"","fileTypesAndContributionMap":{"functional-code":{"insertions":3,"deletions":3},"docs":{"insertions":1,"deletions":1},"test-code":{"insertions":1,"deletions":1}}},{"hash":"18cb0233000e15c26b1e4953a5b2b771adc2a770","isMergeCommit":false,"messageTitle":"Update UG again","messageBody":"","fileTypesAndContributionMap":{"docs":{"insertions":2,"deletions":2}}},{"hash":"4126aca3b1dafcdae7a6cfd58731da42ed8777a0","isMergeCommit":true,"messageTitle":"Merge pull request #213 from zedonggg/branch-fix-addwedding-zd","messageBody":"Fix new wedding command","fileTypesAndContributionMap":{}}]},{"date":"2025-04-08T00:00:00","commitResults":[{"hash":"401c2d1f4215c4a1b52a6f9e651b46f2d24a6136","isMergeCommit":false,"messageTitle":"Update DG","messageBody":"","fileTypesAndContributionMap":{"docs":{"insertions":29,"deletions":20}}},{"hash":"ba719be6c3d78b9dcca1a338a49ed426d7388624","isMergeCommit":false,"messageTitle":"Add table of contents to DG","messageBody":"","fileTypesAndContributionMap":{"docs":{"insertions":28,"deletions":1}}},{"hash":"90d2d0672e2f3e420b0f2f6247c0887f347d9027","isMergeCommit":true,"messageTitle":"Merge pull request #222 from Xzh119/Branch-Fix-Newbugs","messageBody":"Fix clear and enhance filter","fileTypesAndContributionMap":{}},{"hash":"a5b8f1d23a12ecd1a3b4adf5a4a29d1494c95d53","isMergeCommit":false,"messageTitle":"Update acknowledgements in DG","messageBody":"","fileTypesAndContributionMap":{"docs":{"insertions":7,"deletions":3}}},{"hash":"a41ebe5305edbfdc456049e7657d8f0a4fa187a6","isMergeCommit":true,"messageTitle":"Merge pull request #225 from AY2425S2-CS2103T-W09-4/updateDocs","messageBody":"Update docs","fileTypesAndContributionMap":{}},{"hash":"edce24bd62abb1045a6a4e282fdc2fa68168fb52","isMergeCommit":false,"messageTitle":"Add one more planned enhancement","messageBody":"","fileTypesAndContributionMap":{"docs":{"insertions":4,"deletions":0}}},{"hash":"4169e0c949e40fed573b63c3e8b49a1a16d4413b","isMergeCommit":true,"messageTitle":"Merge pull request #227 from AY2425S2-CS2103T-W09-4/updateDocs","messageBody":"Add one more planned enhancement","fileTypesAndContributionMap":{}},{"hash":"37b4bf47581f8256ec020ee851136cbd1fc26caa","isMergeCommit":true,"messageTitle":"Merge pull request #228 from zedonggg/branch-fix-dg","messageBody":"Branch fix dg","fileTypesAndContributionMap":{}},{"hash":"492d878091e2a2efc2ebccd1c25ca432c00bac24","isMergeCommit":true,"messageTitle":"Merge pull request #229 from hrishikeshsathyian/Fix-Clear-Contacts","messageBody":"Fix clear contacts","tags":["v1.6"],"fileTypesAndContributionMap":{}}]},{"date":"2025-04-10T00:00:00","commitResults":[{"hash":"a936bdbd14047057485502a16aa7b10a2e4418de","isMergeCommit":false,"messageTitle":"Update DeveloperGuide.md","messageBody":"","fileTypesAndContributionMap":{"docs":{"insertions":0,"deletions":8}}}]},{"date":"2025-04-13T00:00:00","commitResults":[{"hash":"d774b2b18c6f16b21073ccef3aa45080a6a30ff8","isMergeCommit":false,"messageTitle":"Fixed scroll issue","messageBody":"","fileTypesAndContributionMap":{"functional-code":{"insertions":1,"deletions":2}}},{"hash":"3fecac5b32bee2c849601a126090cdd360d59fa9","isMergeCommit":true,"messageTitle":"Merge pull request #231 from soonami69/fixBugs","messageBody":"Fixed scroll issue","fileTypesAndContributionMap":{}}]}],"Xzh119":[{"date":"2025-03-06T00:00:00","commitResults":[{"hash":"e699a78e21df7c412854031570a658e86eb943ec","isMergeCommit":false,"messageTitle":"Add Zhehao details to AboutUs.md","messageBody":"","fileTypesAndContributionMap":{"docs":{"insertions":3,"deletions":3}}},{"hash":"f55b51b13bfee1a2ae7236ca3cb13afe5a740a36","isMergeCommit":true,"messageTitle":"Merge branch \u0027master\u0027 into update-aboutus-page","messageBody":"","fileTypesAndContributionMap":{}},{"hash":"ab08113350144d1d9fde3c9a21d6d3f414829bde","isMergeCommit":true,"messageTitle":"Merge pull request #28 from Rae2480/update-aboutus-page","messageBody":"Update about us page for rae","fileTypesAndContributionMap":{}}]},{"date":"2025-03-09T00:00:00","commitResults":[{"hash":"9d721433c9b932e944d9004fbe3769b2a70f79c2","isMergeCommit":false,"messageTitle":"Update Glossary in DG","messageBody":"","fileTypesAndContributionMap":{"docs":{"insertions":7,"deletions":1}}},{"hash":"73cfb7a37afda873494d08d05fb6eea6705025e9","isMergeCommit":false,"messageTitle":"Update README","messageBody":"","fileTypesAndContributionMap":{"docs":{"insertions":12,"deletions":11}}},{"hash":"f6aef164379176617fb3abba9f89cd3e7b4677ae","isMergeCommit":false,"messageTitle":"Update README","messageBody":"","fileTypesAndContributionMap":{"docs":{"insertions":1,"deletions":3}}},{"hash":"5c9d41527595caa9192d67d8c3b7f65efe7f2ba0","isMergeCommit":false,"messageTitle":"Update README","messageBody":"","fileTypesAndContributionMap":{"docs":{"insertions":2,"deletions":1}}}]},{"date":"2025-03-19T00:00:00","commitResults":[{"hash":"1fc42d2ab7d470a6696e4f95c3b5d4ba2a32c5eb","isMergeCommit":false,"messageTitle":"Refactor wedding","messageBody":"","fileTypesAndContributionMap":{"functional-code":{"insertions":148,"deletions":205}}},{"hash":"65ea8436c1644894b69cc6ba985ca38220e039fd","isMergeCommit":true,"messageTitle":"Merge pull request #51 from soonami69/fixCheckstyle","messageBody":"Fix checkstyle","fileTypesAndContributionMap":{}}]},{"date":"2025-03-20T00:00:00","commitResults":[{"hash":"6288241872cd64a26632a8eaa1289ef6b952ac21","isMergeCommit":false,"messageTitle":"Add tests for current wedding commands","messageBody":"","fileTypesAndContributionMap":{"test-code":{"insertions":557,"deletions":0}}},{"hash":"fe53b4273a7f9c55469f9bd0569c9dfa8f852849","isMergeCommit":false,"messageTitle":"Add tests for current wedding command parsers","messageBody":"","fileTypesAndContributionMap":{"test-code":{"insertions":203,"deletions":0}}},{"hash":"8f14955de5a654abfd683d0c8f9891b8fb590d4a","isMergeCommit":false,"messageTitle":"Add tests for wedding related classes in model","messageBody":"","fileTypesAndContributionMap":{"test-code":{"insertions":950,"deletions":0}}},{"hash":"caba4d040119f4e7f3357ff6aa0588a4a05e341c","isMergeCommit":false,"messageTitle":"Fix bugs for wedding related classes in model","messageBody":"","fileTypesAndContributionMap":{"functional-code":{"insertions":10,"deletions":1}}},{"hash":"6e21644f53de9fcf415a4a7247adfdd571f034c1","isMergeCommit":false,"messageTitle":"Add tests for exceptions in wedding of model","messageBody":"","fileTypesAndContributionMap":{"test-code":{"insertions":41,"deletions":0}}},{"hash":"157fc5634da1b66377d71cdf0ac9efa969cefebc","isMergeCommit":false,"messageTitle":"Fix check style bugs","messageBody":"","fileTypesAndContributionMap":{"test-code":{"insertions":18,"deletions":16}}},{"hash":"a306a7b7973b21445aca00c6b9577d8c6d30b377","isMergeCommit":false,"messageTitle":"Fix check style bug","messageBody":"","fileTypesAndContributionMap":{"test-code":{"insertions":1,"deletions":2}}},{"hash":"8a0f04ab44981e59fac7a2387cfbd94ce4ade4a2","isMergeCommit":false,"messageTitle":"Add Javadoc comment","messageBody":"","fileTypesAndContributionMap":{"functional-code":{"insertions":8,"deletions":0}}},{"hash":"153c358bde0faa69b59d0f8474580980917d2800","isMergeCommit":false,"messageTitle":"Fix check style bugs","messageBody":"","fileTypesAndContributionMap":{"test-code":{"insertions":106,"deletions":92}}},{"hash":"078be6634a7c8e6090fcbc0e0e34a72f75d0b389","isMergeCommit":false,"messageTitle":"Fix check style bugs","messageBody":"","fileTypesAndContributionMap":{"test-code":{"insertions":73,"deletions":82}}},{"hash":"2ae67a618eed6135e90e153c5f693edc5d658dfc","isMergeCommit":true,"messageTitle":"Merge pull request #57 from Xzh119/Branch-add-testing","messageBody":"Add tests for increments so far and fix minor bugs","fileTypesAndContributionMap":{}}]},{"date":"2025-03-21T00:00:00","commitResults":[{"hash":"96cf8ebfcd36691ee803d939c543e9a187a714df","isMergeCommit":false,"messageTitle":"Update markbind and product scope","messageBody":"","fileTypesAndContributionMap":{"docs":{"insertions":4,"deletions":4}}}]},{"date":"2025-03-23T00:00:00","commitResults":[{"hash":"eec6768070765d8ee44a12936668548b5164ade5","isMergeCommit":true,"messageTitle":"Merge pull request #65 from soonami69/fixCITests","messageBody":"Fix failing tests (I think)","fileTypesAndContributionMap":{}},{"hash":"5b88017dea1caa25c03ccf7c4c7e36652c22560a","isMergeCommit":true,"messageTitle":"Merge branch \u0027master\u0027 into Update-UG","messageBody":"","fileTypesAndContributionMap":{}},{"hash":"840f38985feef4e625dce2025887fc7a51e1740d","isMergeCommit":true,"messageTitle":"Merge pull request #66 from hrishikeshsathyian/Update-UG","messageBody":"Update User Guide","fileTypesAndContributionMap":{}},{"hash":"d3419929e9d0afbdc8363e9e074932b54aae5b14","isMergeCommit":false,"messageTitle":"UserGuide update","messageBody":"","fileTypesAndContributionMap":{"docs":{"insertions":85,"deletions":34}}},{"hash":"a34aae5e7feadf3723a0fca32f9d2e0bae9a5f3c","isMergeCommit":false,"messageTitle":"Fix checkstyle","messageBody":"","fileTypesAndContributionMap":{"functional-code":{"insertions":4,"deletions":6}}},{"hash":"0f70323beed4eec2cbec2762d94a33669bd49595","isMergeCommit":false,"messageTitle":"Fix checkstyle","messageBody":"","fileTypesAndContributionMap":{"functional-code":{"insertions":1,"deletions":1}}}]},{"date":"2025-03-27T00:00:00","commitResults":[{"hash":"f7182879d2e9d12ed9426a1738c2f998f4117f74","isMergeCommit":false,"messageTitle":"Add find certain member command","messageBody":"","fileTypesAndContributionMap":{"functional-code":{"insertions":211,"deletions":0}}},{"hash":"07c2d1f225210a37cbf31d25c4cfc225618db20f","isMergeCommit":false,"messageTitle":"Fix check style","messageBody":"","fileTypesAndContributionMap":{"functional-code":{"insertions":0,"deletions":1}}},{"hash":"3d8ec696eaefc8e9d090b66095dfdbc5cd80965a","isMergeCommit":false,"messageTitle":"Fix checkstyle","messageBody":"","fileTypesAndContributionMap":{"functional-code":{"insertions":1,"deletions":1}}},{"hash":"a1b8e13f3c7dba5103a9d49322594053038cd5fc","isMergeCommit":true,"messageTitle":"Merge pull request #74 from Xzh119/Branch-Add-Search","messageBody":"Add find certain member command","fileTypesAndContributionMap":{}},{"hash":"1c02fec708bf6b1646a77e89ef27e4ce53d12ebf","isMergeCommit":true,"messageTitle":"Merge pull request #77 from soonami69/FixCheckstyle","messageBody":"Fix checkstyle issues","fileTypesAndContributionMap":{}}]},{"date":"2025-04-03T00:00:00","commitResults":[{"hash":"b06d4829c82111a77b0a085b28cdd55934ed705f","isMergeCommit":true,"messageTitle":"Merge branch \u0027master\u0027 into Update-DG","messageBody":"","fileTypesAndContributionMap":{}},{"hash":"3e5102cefdb100332583d4dd31f010cced78b884","isMergeCommit":true,"messageTitle":"Merge pull request #87 from hrishikeshsathyian/Update-DG","messageBody":"Update DG diagrams","fileTypesAndContributionMap":{}},{"hash":"3ef4f8c3056d6d81e5dd45273f970e99d8adb05c","isMergeCommit":true,"messageTitle":"Merge pull request #109 from Rae2480/UML-diagrams","messageBody":"Create UML diagrams for model structure","fileTypesAndContributionMap":{}},{"hash":"7538f3912bf97684bf417ed65fad0e99e24422bc","isMergeCommit":false,"messageTitle":"Add findmember sequence diagram","messageBody":"","fileTypesAndContributionMap":{"docs":{"insertions":78,"deletions":0}}},{"hash":"6d938ece1632cdc4a864d7128877f101faa87501","isMergeCommit":false,"messageTitle":"Fix checkstyle","messageBody":"","fileTypesAndContributionMap":{"docs":{"insertions":1,"deletions":1}}},{"hash":"cb6411263b66d4038ac57b834962309037b53c10","isMergeCommit":false,"messageTitle":"Add the feature of editing a member of a wedding","messageBody":"","fileTypesAndContributionMap":{"functional-code":{"insertions":287,"deletions":0}}},{"hash":"21d4fe235ee8c4092ee03d7beb9aee56b25bfc3b","isMergeCommit":false,"messageTitle":"Fix checkstyle","messageBody":"","fileTypesAndContributionMap":{"functional-code":{"insertions":13,"deletions":8}}},{"hash":"18d9aad417992ed7d13a3c685472ead9c15b1f7a","isMergeCommit":false,"messageTitle":"Fix checkstyle","messageBody":"","fileTypesAndContributionMap":{"functional-code":{"insertions":4,"deletions":4}}},{"hash":"ff6c4f24cdae62543c300cc436f99be0a64ac6d7","isMergeCommit":false,"messageTitle":"Modify error message","messageBody":"","fileTypesAndContributionMap":{"functional-code":{"insertions":4,"deletions":4}}},{"hash":"5ceb6e035b0655652c1e6c24f98d74b44fb04ccf","isMergeCommit":false,"messageTitle":"Fix classifying bride and groom as member which is inconsistent with documentation","messageBody":"","fileTypesAndContributionMap":{"functional-code":{"insertions":9,"deletions":9}}},{"hash":"34743cf35dc94db6f48b17f93d3f3632fc8870b9","isMergeCommit":true,"messageTitle":"Merge pull request #122 from Rae2480/UG-and-DG-update","messageBody":"Ug and dg update","fileTypesAndContributionMap":{}},{"hash":"98cbc6ea5427a422113d1fcac7af49041e9634b8","isMergeCommit":false,"messageTitle":"Update DG","messageBody":"","fileTypesAndContributionMap":{"docs":{"insertions":15,"deletions":1}}},{"hash":"65b6fb32c892ebb2659c99881c6d0be8da0b7d3d","isMergeCommit":true,"messageTitle":"Merge pull request #107 from hrishikeshsathyian/Fix-Alpha-Bugs","messageBody":"Fix Wrong Error Message bug for Open Wedding","fileTypesAndContributionMap":{}}]},{"date":"2025-04-04T00:00:00","commitResults":[{"hash":"2143ca600f2d54bae3192b4e366555b22ec1270e","isMergeCommit":false,"messageTitle":"Refactor the findmembercommand","messageBody":"","fileTypesAndContributionMap":{"functional-code":{"insertions":4,"deletions":4},"other":{"insertions":9,"deletions":9}}},{"hash":"fc424891223f90521abdd66362b1011225355633","isMergeCommit":false,"messageTitle":"Update UG to match current commands","messageBody":"","fileTypesAndContributionMap":{"docs":{"insertions":111,"deletions":46}}},{"hash":"761c4a3a0efcc2d062cd3b26f08d6323dd46d89e","isMergeCommit":false,"messageTitle":"Modify findperson functionality","messageBody":"","fileTypesAndContributionMap":{"functional-code":{"insertions":6,"deletions":5}}},{"hash":"1209b47df73767a8de50db54d6610827c77a01dc","isMergeCommit":false,"messageTitle":"Update UG","messageBody":"","fileTypesAndContributionMap":{"docs":{"insertions":4,"deletions":3}}},{"hash":"3d452768b5b1545654bc44e344bd31a8c6f9517d","isMergeCommit":false,"messageTitle":"Update UG","messageBody":"","fileTypesAndContributionMap":{"docs":{"insertions":2,"deletions":1}}},{"hash":"b85d2cf4cf596c988fa8da58db1f14e4c9e3785a","isMergeCommit":false,"messageTitle":"Modify filter","messageBody":"","fileTypesAndContributionMap":{"functional-code":{"insertions":9,"deletions":6}}},{"hash":"3b4834871013abd83c11ca3b1256e20d10f50950","isMergeCommit":false,"messageTitle":"Fix checkstyle","messageBody":"","fileTypesAndContributionMap":{"functional-code":{"insertions":0,"deletions":2}}}]},{"date":"2025-04-07T00:00:00","commitResults":[{"hash":"ab31ac2b3a866f87175e48a09550f92f953bfbbf","isMergeCommit":true,"messageTitle":"Merge pull request #212 from hrishikeshsathyian/Fix-PED-Bugs","messageBody":"Add more specific error message for new wedding command","fileTypesAndContributionMap":{}},{"hash":"d9e3afa40f68ec9095e2a980a551aca20192d32f","isMergeCommit":true,"messageTitle":"Merge pull request #214 from soonami69/fixBetaBugs","messageBody":"Update UG and UI","fileTypesAndContributionMap":{}},{"hash":"4e114c028a493d9055aa0e903d5c047721253c26","isMergeCommit":false,"messageTitle":"Enhance name functionality","messageBody":"","fileTypesAndContributionMap":{"functional-code":{"insertions":3,"deletions":2}}},{"hash":"0ca750d6898c3807ba64927fb5965f7008119bbd","isMergeCommit":false,"messageTitle":"Update UG","messageBody":"","fileTypesAndContributionMap":{"docs":{"insertions":101,"deletions":95}}},{"hash":"be06b3f40f1dfbce279ea2fe1dc098fabb921298","isMergeCommit":false,"messageTitle":"Enhance name functionality","messageBody":"","fileTypesAndContributionMap":{"functional-code":{"insertions":1,"deletions":1}}},{"hash":"b93c384f2bd90c0fc422e611931411f79fb7acbe","isMergeCommit":false,"messageTitle":"Change command words","messageBody":"","fileTypesAndContributionMap":{"functional-code":{"insertions":4,"deletions":3}}},{"hash":"be1cddae5988963ee3b6acc4c579b78be46dc99b","isMergeCommit":true,"messageTitle":"Merge pull request #216 from soonami69/fixBetaBugs","messageBody":"Fix beta bugs","fileTypesAndContributionMap":{}},{"hash":"4fa42b26968641bee3322011e9776de3c2b83312","isMergeCommit":true,"messageTitle":"Merge branch \u0027master\u0027 into Branch-Fix-PEbugs","messageBody":"","fileTypesAndContributionMap":{}},{"hash":"bb6e380cf7944929507ee44a755704c2d5fc8966","isMergeCommit":false,"messageTitle":"Update clear command words","messageBody":"","fileTypesAndContributionMap":{"functional-code":{"insertions":1,"deletions":1},"docs":{"insertions":20,"deletions":20}}},{"hash":"71105a268984720c4ceb125ec2e6babff217bf52","isMergeCommit":false,"messageTitle":"Fix check style","messageBody":"","fileTypesAndContributionMap":{"functional-code":{"insertions":0,"deletions":4}}},{"hash":"3c11a5e83f7da30332b74a2777ef139aec663045","isMergeCommit":false,"messageTitle":"Fix check style","messageBody":"","fileTypesAndContributionMap":{"test-code":{"insertions":0,"deletions":6}}},{"hash":"a43cad7961e7d9230a1e9f9f9ddd3bf95b225549","isMergeCommit":false,"messageTitle":"Fix checkstyle","messageBody":"","fileTypesAndContributionMap":{"test-code":{"insertions":0,"deletions":1}}}]},{"date":"2025-04-08T00:00:00","commitResults":[{"hash":"1893ccabd722998e6f51e241d4b0b424be250518","isMergeCommit":false,"messageTitle":"Fix the bug of not closing after deleting","messageBody":"","fileTypesAndContributionMap":{"functional-code":{"insertions":5,"deletions":0},"docs":{"insertions":1,"deletions":1}}},{"hash":"d2b8b3743124096335469ee985c33d5bb5b63f63","isMergeCommit":false,"messageTitle":"Fix clear command","messageBody":"","fileTypesAndContributionMap":{"functional-code":{"insertions":0,"deletions":5}}},{"hash":"520dac004c2a0b8c4f7b2b586c9a4c04491a4e51","isMergeCommit":false,"messageTitle":"Enhance filter functionality","messageBody":"","fileTypesAndContributionMap":{"functional-code":{"insertions":22,"deletions":17}}},{"hash":"fb3d740820b5a2dfc7e4626c204ff7b8d859ddfa","isMergeCommit":false,"messageTitle":"Fix checkstyle","messageBody":"","fileTypesAndContributionMap":{"functional-code":{"insertions":0,"deletions":3}}}]},{"date":"2025-04-10T00:00:00","commitResults":[{"hash":"3fc04a06d43cdcd60b0fbe0a3ed09eceffa754bb","isMergeCommit":true,"messageTitle":"Merge pull request #230 from AY2425S2-CS2103T-W09-4/soonami69-patch-2","messageBody":"Update DeveloperGuide.md","fileTypesAndContributionMap":{}}]}]},"authorFileTypeContributionMap":{"hrishikeshsathyian":{"docs":58,"functional-code":701,"test-code":188},"Rae2480":{"docs":261,"functional-code":889,"test-code":0},"zedonggg":{"docs":199,"functional-code":991,"test-code":35,"other":6},"soonami69":{"docs":329,"functional-code":700,"test-code":108},"Xzh119":{"docs":210,"functional-code":480,"test-code":1711}},"authorContributionVariance":{"hrishikeshsathyian":7010.4834,"Rae2480":23008.281,"zedonggg":10032.438,"soonami69":100830.984,"Xzh119":93789.875},"authorDisplayNameMap":{"hrishikeshsathyian":"CS2103T-W09-4 HRIS..YIAN","Rae2480":"CS2103T-W09-4 RAEE..SAIN","zedonggg":"CS2103T-W09-4 SUN ..DONG","soonami69":"CS2103T-W09-4 SOON..OTHY","Xzh119":"CS2103T-W09-4 XU Z..EHAO"}}
