{"authorDailyContributionsMap":{"matthanfoo":[{"date":"2025-03-05T00:00:00","commitResults":[{"hash":"a45c9b1f11801eb739b4928f58afddb27426db34","isMergeCommit":true,"messageTitle":"Merge pull request #8 from matthanfoo/master","messageBody":"Add personal profile picture","fileTypesAndContributionMap":{}}]},{"date":"2025-03-06T00:00:00","commitResults":[{"hash":"ea33ecb438e50881ccaa209dda7fe465efaa0e78","isMergeCommit":false,"messageTitle":"Edit About Us file","messageBody":"","fileTypesAndContributionMap":{"docs":{"insertions":3,"deletions":4}}}]},{"date":"2025-03-12T00:00:00","commitResults":[{"hash":"82e5bff2f9c76b4d5d3b454fca3af704c48d0107","isMergeCommit":false,"messageTitle":"docs: add an NFR, use case, and glossary terms","messageBody":"","fileTypesAndContributionMap":{"docs":{"insertions":23,"deletions":1}}},{"hash":"ded8eda3d8ec797f7f542e06634a700117e255b8","isMergeCommit":false,"messageTitle":"feat (add contact): reconfigure to remove address field and add in company and position fields","messageBody":"","fileTypesAndContributionMap":{"functional-code":{"insertions":294,"deletions":78}}}]},{"date":"2025-03-13T00:00:00","commitResults":[{"hash":"7b59704ddcfd5a58b551bbd97e213e135156be60","isMergeCommit":false,"messageTitle":"docs: change numbering for use case","messageBody":"","fileTypesAndContributionMap":{"docs":{"insertions":4,"deletions":4}}},{"hash":"4275c580a707f919599cd36dda5f329a11eabe2b","isMergeCommit":false,"messageTitle":"Fix bugs with remaining address functionality","messageBody":"Resolves #30\n","fileTypesAndContributionMap":{"test-code":{"insertions":5629,"deletions":147}}},{"hash":"b6f33a0529b65dd707b0af414e9203ec26f8035b","isMergeCommit":false,"messageTitle":"style: adhere to checkstyle standards","messageBody":"fixes #30\n","fileTypesAndContributionMap":{"functional-code":{"insertions":36,"deletions":29},"test-code":{"insertions":61,"deletions":50}}},{"hash":"ff4446b005b3bb0445cb0c5e49d3351247e94bea","isMergeCommit":false,"messageTitle":"style: resolve checkstyle issues","messageBody":"fixes #30\n","fileTypesAndContributionMap":{"test-code":{"insertions":48,"deletions":10}}}]},{"date":"2025-03-14T00:00:00","commitResults":[{"hash":"1026d51ad2d6a810f4db94aa503f6c51e88bffaf","isMergeCommit":false,"messageTitle":"Test commit to seek help with identifying bug","messageBody":"","fileTypesAndContributionMap":{"functional-code":{"insertions":1,"deletions":1},"test-code":{"insertions":37,"deletions":22}}}]},{"date":"2025-03-15T00:00:00","commitResults":[{"hash":"53ec4f69006343623e37463db209efe7b3acb994","isMergeCommit":false,"messageTitle":"Fix #30 testing issues","messageBody":"","fileTypesAndContributionMap":{"functional-code":{"insertions":16,"deletions":1},"test-code":{"insertions":69,"deletions":44}}},{"hash":"2f028860858c1a9f05dce87f33755758f70a5799","isMergeCommit":false,"messageTitle":"Fix #30","messageBody":"","fileTypesAndContributionMap":{"test-code":{"insertions":66,"deletions":0}}},{"hash":"301725eba21b2ba280c084f38fea3846a76cd4f0","isMergeCommit":false,"messageTitle":"no message","messageBody":"","fileTypesAndContributionMap":{"functional-code":{"insertions":1,"deletions":1}}},{"hash":"80855c36d556cd8d8083487af15e99fd86c3abcc","isMergeCommit":false,"messageTitle":"Fix #30","messageBody":"","fileTypesAndContributionMap":{"test-code":{"insertions":1,"deletions":1}}},{"hash":"54564f9173f826e57dcf8021cad343fbb4c0fbbe","isMergeCommit":true,"messageTitle":"Merge pull request #30 from matthanfoo/add-command","messageBody":"feat (add contact):","fileTypesAndContributionMap":{}}]},{"date":"2025-03-17T00:00:00","commitResults":[{"hash":"3aded1d5c62a933ceb5ff7bb159d36a65f068224","isMergeCommit":true,"messageTitle":"Merge pull request #49 from zephaniahong/FXML-fields","messageBody":"Add new fields","fileTypesAndContributionMap":{}}]},{"date":"2025-03-19T00:00:00","commitResults":[{"hash":"5791e8bf8b08c8f889289302688b2674f5c03ba8","isMergeCommit":false,"messageTitle":"docs Update UserGuide to show new Add Command syntax","messageBody":"","fileTypesAndContributionMap":{"docs":{"insertions":3,"deletions":3}}}]},{"date":"2025-03-20T00:00:00","commitResults":[{"hash":"e63ca9c8a46fa8ec331cb98190497ef3c91af730","isMergeCommit":false,"messageTitle":"docs edit user guide to indicate special \"hiring\" tag","messageBody":"","fileTypesAndContributionMap":{"docs":{"insertions":1,"deletions":0}}},{"hash":"a7c4910692ab5181dbba7daf6c3687588e0a856d","isMergeCommit":false,"messageTitle":"feat: add filter command functionality (filter contacts on tags)","messageBody":"","fileTypesAndContributionMap":{"functional-code":{"insertions":127,"deletions":0}}},{"hash":"e4eab14bb7479d29a57cc8790f47dc52112f1de6","isMergeCommit":false,"messageTitle":"feat: add full filter command parsing function","messageBody":"","fileTypesAndContributionMap":{"functional-code":{"insertions":33,"deletions":0}}},{"hash":"0dbf2c0c0c97ec53c7fd83b0dbe6cc173b949f90","isMergeCommit":false,"messageTitle":"docs: update UserGuide to include details about filter command","messageBody":"","fileTypesAndContributionMap":{"docs":{"insertions":17,"deletions":0}}}]},{"date":"2025-03-28T00:00:00","commitResults":[{"hash":"ffea2e89027e00dc7238358238ff6aa865d7ce3d","isMergeCommit":false,"messageTitle":"docs: remove Address class and add in Company and Position into ModelClassDiagram","messageBody":"","fileTypesAndContributionMap":{"docs":{"insertions":4,"deletions":2}}}]},{"date":"2025-03-31T00:00:00","commitResults":[{"hash":"770d4896887f02ece653c7c62205b90a8cc8e76e","isMergeCommit":false,"messageTitle":"fix(UI): resolve scanner nextline issues","messageBody":"","fileTypesAndContributionMap":{"functional-code":{"insertions":1,"deletions":1}}},{"hash":"098d75e27e69019f05fda7aadcccb442e3f95a68","isMergeCommit":true,"messageTitle":"Merge pull request #117 from matthanfoo/fix-HelpWindow-bug","messageBody":"fix(UI): resolve scanner nextline issues","fileTypesAndContributionMap":{}}]},{"date":"2025-04-02T00:00:00","commitResults":[{"hash":"651180805c360022c84d697e949e5c50b64d1dfb","isMergeCommit":false,"messageTitle":"Updated DeveloperGuide.md","messageBody":"","fileTypesAndContributionMap":{"docs":{"insertions":82,"deletions":21}}},{"hash":"e9fb0bf851a8878904e2888f16c5fc69af9e764c","isMergeCommit":false,"messageTitle":"no message","messageBody":"","fileTypesAndContributionMap":{"docs":{"insertions":1,"deletions":0}}},{"hash":"2b7419ea3fee62f182a9880b313ff4a9d2bea8f4","isMergeCommit":false,"messageTitle":"Add syntax changes and line breaks for readability","messageBody":"","fileTypesAndContributionMap":{"docs":{"insertions":2,"deletions":2}}}]},{"date":"2025-04-03T00:00:00","commitResults":[{"hash":"0efe235e2b587930aa13c1195c141b5e833c6d33","isMergeCommit":true,"messageTitle":"Merge pull request #152 from matthanfoo/master","messageBody":"Add syntax changes and line breaks for readability","fileTypesAndContributionMap":{}},{"hash":"69df4716c8df8c45fcf30d41b62ba7d15116a9be","isMergeCommit":false,"messageTitle":"Change GUI screenshot in User Guide to reflect new display format","messageBody":"","fileTypesAndContributionMap":{"docs":{"insertions":2,"deletions":2}}},{"hash":"ab646b602911f507357013401a6d03ea9fb6742d","isMergeCommit":false,"messageTitle":"Edit any remaining mentions of AB3 as well as remove address fields and replace with company and position fields","messageBody":"","fileTypesAndContributionMap":{"docs":{"insertions":3,"deletions":3}}},{"hash":"7238c46de9345329e04752489e71786d7d50d4ae","isMergeCommit":false,"messageTitle":"Edit name matching to be case-insensitive to prevent case-insensitive duplicate names from being added to the contact list","messageBody":"","fileTypesAndContributionMap":{"functional-code":{"insertions":1,"deletions":1}}},{"hash":"4fa5f26fdfb194f51603165ecb0cae19cfa74bbf","isMergeCommit":false,"messageTitle":"Edit tests to match new case-insensitive name-matching","messageBody":"","fileTypesAndContributionMap":{"test-code":{"insertions":2,"deletions":2}}}]},{"date":"2025-04-07T00:00:00","commitResults":[{"hash":"692e94c704fe397931515a4daa35c3d409a37615","isMergeCommit":false,"messageTitle":"Fix error message in Tag","messageBody":"","fileTypesAndContributionMap":{"functional-code":{"insertions":1,"deletions":1}}},{"hash":"fe18082433c0f8cce9192a3060ad8f89f6b984e4","isMergeCommit":false,"messageTitle":"Reconfigure duplicate Person logic to now factor in phone number as well, allowing for people with the same name but different phone numbers to be added to the list of contacts","messageBody":"","fileTypesAndContributionMap":{"functional-code":{"insertions":2,"deletions":1},"docs":{"insertions":1,"deletions":1},"test-code":{"insertions":2,"deletions":2}}},{"hash":"162c0c1d52d828648bd3c3d6968339a4c9ba486b","isMergeCommit":true,"messageTitle":"Merge branch \u0027master\u0027 into fix-AddCommand","messageBody":"","fileTypesAndContributionMap":{}},{"hash":"f0b3864519146a5c3b12df96387121930bd8befd","isMergeCommit":false,"messageTitle":"Reconfigure accepted input for Name to allow symbols (effectively all possible input)","messageBody":"","fileTypesAndContributionMap":{"functional-code":{"insertions":3,"deletions":3},"docs":{"insertions":1,"deletions":0},"test-code":{"insertions":8,"deletions":45}}},{"hash":"e8efefb438d9903674d9e95418a1c30d638a9e39","isMergeCommit":true,"messageTitle":"Merge branch \u0027fix-AddCommand\u0027 of https://github.com/matthanfoo/tp into fix-AddCommand","messageBody":"# Conflicts:\n#\tdocs/UserGuide.md\n","fileTypesAndContributionMap":{}}]},{"date":"2025-04-08T00:00:00","commitResults":[{"hash":"f33c120ffb4e505343f99f6367f7fd85880c2e1f","isMergeCommit":true,"messageTitle":"Merge pull request #246 from zephaniahong/acknowledgements","messageBody":"Add acknowledgements","fileTypesAndContributionMap":{}},{"hash":"9da61b3d519248f4a81f23b524b35515484c3022","isMergeCommit":false,"messageTitle":"Fix index page to reflect new name","messageBody":"","fileTypesAndContributionMap":{"docs":{"insertions":4,"deletions":4}}},{"hash":"c2324db7180cd35fba0c6ef24f97a21576e25c9e","isMergeCommit":true,"messageTitle":"Merge pull request #247 from matthanfoo/edit-UserGuide","messageBody":"Fix index page to reflect new name","fileTypesAndContributionMap":{}},{"hash":"2f4a44bf36616018d8da310aecef69c2b119d13a","isMergeCommit":false,"messageTitle":"Fix syntax issues in index.md","messageBody":"","fileTypesAndContributionMap":{"docs":{"insertions":1,"deletions":1}}},{"hash":"b0a26b0d2a57dd2d602248baddf9563560a0fe36","isMergeCommit":true,"messageTitle":"Merge pull request #248 from matthanfoo/edit-UserGuide","messageBody":"Fix syntax issues in index.md","fileTypesAndContributionMap":{}},{"hash":"5d335726ce8256ef3a5bd1b0cc79144f479402b4","isMergeCommit":false,"messageTitle":"Add missing details in Saving Data component of DG","messageBody":"","fileTypesAndContributionMap":{"docs":{"insertions":2,"deletions":3}}},{"hash":"a5ddfd18ef10cfe5022be9a3b743726ba2325752","isMergeCommit":true,"messageTitle":"Merge branch \u0027master\u0027 into edit-UserGuide","messageBody":"","fileTypesAndContributionMap":{}},{"hash":"596f10b1b99ec1ca150580d45b201913a07697e2","isMergeCommit":true,"messageTitle":"Merge pull request #249 from matthanfoo/edit-UserGuide","messageBody":"Add missing details in Saving Data component of DG","tags":["v1.6"],"fileTypesAndContributionMap":{}}]}],"JuhromeAlexander":[{"date":"2025-03-06T00:00:00","commitResults":[{"hash":"13b75a19c2791e6ad4d7ee110a80aa51c1099acb","isMergeCommit":false,"messageTitle":"docs: update AboutUs Page with Juraimi\u0027s Details","messageBody":"","fileTypesAndContributionMap":{"docs":{"insertions":2,"deletions":3}}},{"hash":"11bb1313852cf5b49cd239aea8de1c44915fa85c","isMergeCommit":true,"messageTitle":"Merge pull request #11 from zephaniahong/10-add-photo","messageBody":"Add personal photo","fileTypesAndContributionMap":{}},{"hash":"ad130e153bc653df710ec9e856710d490f49b2cc","isMergeCommit":true,"messageTitle":"Merge pull request #14 from zephaniahong/12-Update-Page","messageBody":"Update README and AboutUs","fileTypesAndContributionMap":{}},{"hash":"c050b7b199fd6424beb6be5a9713dec91ebb360c","isMergeCommit":true,"messageTitle":"Merge pull request #16 from matthanfoo/add-UI-screenshot","messageBody":"Add updated UI Screenshot","fileTypesAndContributionMap":{}},{"hash":"88c2bb89723465bf374a3fb66d342655934ea98b","isMergeCommit":true,"messageTitle":"Merge branch \u0027master\u0027 into edit-AboutUs-doc","messageBody":"","fileTypesAndContributionMap":{}},{"hash":"33d0bc4f8cb58b6dcc9800c8b58236def742e9fe","isMergeCommit":true,"messageTitle":"Merge pull request #17 from matthanfoo/edit-AboutUs-doc","messageBody":"Edit About Us file","fileTypesAndContributionMap":{}},{"hash":"05b32d1cf56ac4b35f8f58feb00dfa4027ee2920","isMergeCommit":false,"messageTitle":"docs: update DeveloperGuide with MVP User Stories","messageBody":"","fileTypesAndContributionMap":{"docs":{"insertions":6,"deletions":8}}},{"hash":"315ca32b4c429c539eaefa36c69026301c6fc880","isMergeCommit":false,"messageTitle":"docs: update Developer Guide with product scope details","messageBody":"","fileTypesAndContributionMap":{"docs":{"insertions":3,"deletions":2}}}]},{"date":"2025-03-12T00:00:00","commitResults":[{"hash":"c2dc1ddeccba739995c8789b345d30bcfdb5bbbc","isMergeCommit":true,"messageTitle":"Merge pull request #24 from matthanfoo/dg-update","messageBody":"docs: add an NFR, use case, and glossary terms","fileTypesAndContributionMap":{}},{"hash":"fa68c43063b05caa7f7c6a980650933976e1ceed","isMergeCommit":false,"messageTitle":"docs: update user stories section with remaining stories","messageBody":"","fileTypesAndContributionMap":{"docs":{"insertions":32,"deletions":8}}},{"hash":"9f283154f0d51810d16e5daf586885afad4863b5","isMergeCommit":false,"messageTitle":"docs: update DG with sections for the needed use cases","messageBody":"","fileTypesAndContributionMap":{"docs":{"insertions":7,"deletions":0}}},{"hash":"1ba348a6aa7a68b5f824a6b2d7dbff27c8ee249c","isMergeCommit":false,"messageTitle":"docs: add NFR \u0026 Glossary term to DG","messageBody":"","fileTypesAndContributionMap":{"docs":{"insertions":2,"deletions":0}}},{"hash":"bce6464ac13049c1bc303688a0a523ed5eca3aa3","isMergeCommit":false,"messageTitle":"docs: add a use case for MVP story to DG","messageBody":"","fileTypesAndContributionMap":{"docs":{"insertions":17,"deletions":0}}}]},{"date":"2025-03-13T00:00:00","commitResults":[{"hash":"978d45c3f05ae1bfab4c3492aaaf6d1a79a96331","isMergeCommit":true,"messageTitle":"Merge pull request #32 from gn07/branch-update-dev-guide","messageBody":"docs: add use case NFR and glossary to DG","fileTypesAndContributionMap":{}},{"hash":"4ad90a6c5b908ac2fd225c5eccfe076cd4a2494c","isMergeCommit":false,"messageTitle":"refactor: refactor class name to generic version for future implementation","messageBody":"","fileTypesAndContributionMap":{"functional-code":{"insertions":5,"deletions":5},"other":{"insertions":5,"deletions":5},"test-code":{"insertions":31,"deletions":31}}},{"hash":"460527ab0274e9108d3a1b57ef796ac29cc3f227","isMergeCommit":false,"messageTitle":"feat: add partial search utility to StringUtil","messageBody":"","fileTypesAndContributionMap":{"functional-code":{"insertions":23,"deletions":0}}},{"hash":"a0b72c3e4483134c2c9b294a56e621b38996c500","isMergeCommit":false,"messageTitle":"feat: implement partial search for FindCommand","messageBody":"","fileTypesAndContributionMap":{"functional-code":{"insertions":39,"deletions":11}}},{"hash":"0348a586fec0fd66c293d59d594e5565ecd7c6dc","isMergeCommit":true,"messageTitle":"Merge pull request #41 from zephaniahong/use-case","messageBody":"docs: Fix formatting","fileTypesAndContributionMap":{}},{"hash":"231934022ebb45d455ba27d937d51b1c2edb6586","isMergeCommit":true,"messageTitle":"Merge remote-tracking branch \u0027upstream/master\u0027 into Add-Basic-Search-Functionality","messageBody":"chore: pull upstream branches to ensure no merge conflicts\n","fileTypesAndContributionMap":{}},{"hash":"e6c2826e4e44a24b7f6272adcb040cd91d196458","isMergeCommit":false,"messageTitle":"feat: add getter to FindCommand class for the predicate field","messageBody":"","fileTypesAndContributionMap":{"functional-code":{"insertions":4,"deletions":0}}},{"hash":"511bc05fde625bcdef061ed84774661c0e857351","isMergeCommit":false,"messageTitle":"test: fix Find Command tests to ensure tests work with new changes","messageBody":"","fileTypesAndContributionMap":{"test-code":{"insertions":38,"deletions":22}}},{"hash":"517ddd5b2860c5104f8d26a86dbd01dff9cfb617","isMergeCommit":false,"messageTitle":"style: fix checkstyle errors","messageBody":"","fileTypesAndContributionMap":{"functional-code":{"insertions":4,"deletions":5}}},{"hash":"0db8ab87e68b915acf8b184e65f70048d8f4f32a","isMergeCommit":false,"messageTitle":"style: fix checkstyle errors in Predicate Class","messageBody":"","fileTypesAndContributionMap":{"functional-code":{"insertions":10,"deletions":1}}},{"hash":"4212c752fd138c53ae245557833dcaf9803f65c4","isMergeCommit":false,"messageTitle":"test: fix tests affected by predicate file change","messageBody":"","fileTypesAndContributionMap":{"test-code":{"insertions":27,"deletions":13}}},{"hash":"213ff415424e6646fa7b2687e1485f624a5c373e","isMergeCommit":false,"messageTitle":"style: fix checkstyle errors in Predicate File","messageBody":"","fileTypesAndContributionMap":{"functional-code":{"insertions":1,"deletions":1}}},{"hash":"95b4903b120d4f4e489a95df30a8b4b605b5dd5a","isMergeCommit":false,"messageTitle":"fix checkstyle errors in test files","messageBody":"","fileTypesAndContributionMap":{"test-code":{"insertions":5,"deletions":20}}},{"hash":"a7c9693df657faf501d3f1aaa2878ee6062c9025","isMergeCommit":false,"messageTitle":"test: fix logical errors with find command tests","messageBody":"","fileTypesAndContributionMap":{"test-code":{"insertions":3,"deletions":6}}}]},{"date":"2025-03-15T00:00:00","commitResults":[{"hash":"0f4d29b622544cb011554395e1c7fc9496421008","isMergeCommit":false,"messageTitle":"fix: fix imports for testutil classes","messageBody":"","fileTypesAndContributionMap":{"test-code":{"insertions":0,"deletions":5520}}},{"hash":"b29b423eb0c0a20b9f136b3efb78500a61382cc8","isMergeCommit":false,"messageTitle":"fix: fix test files that cause test case failures","messageBody":"","fileTypesAndContributionMap":{"test-code":{"insertions":3,"deletions":2}}}]},{"date":"2025-03-17T00:00:00","commitResults":[{"hash":"1f0d901e4c17f65e5b556b4bc4ecd4262d5bb310","isMergeCommit":false,"messageTitle":"fix: fix behaviour for find command to return result of specific sequence","messageBody":"","fileTypesAndContributionMap":{"functional-code":{"insertions":16,"deletions":12}}},{"hash":"8a1f2b24183478f9e54c5d1367c2313ff86931f3","isMergeCommit":false,"messageTitle":"test: modify test behaviour to follow changes made to affected classes","messageBody":"","fileTypesAndContributionMap":{"test-code":{"insertions":64,"deletions":36}}},{"hash":"644db51047b96fc03990bc33cc498eb393da10c2","isMergeCommit":false,"messageTitle":"style: resolved checkstyle errors in Main \u0026 Test Classes","messageBody":"","fileTypesAndContributionMap":{"functional-code":{"insertions":2,"deletions":2},"test-code":{"insertions":0,"deletions":12}}}]},{"date":"2025-03-18T00:00:00","commitResults":[{"hash":"b6fe3d088f122c777e20ee348970a3017eb7ae91","isMergeCommit":false,"messageTitle":"docs: update UG for the Find Command","messageBody":"","fileTypesAndContributionMap":{"docs":{"insertions":7,"deletions":7}}}]},{"date":"2025-03-19T00:00:00","commitResults":[{"hash":"e22339fa0816fd9646397fcfdc85f30b97da0f18","isMergeCommit":true,"messageTitle":"Merge pull request #54 from matthanfoo/edit-UserGuide-AddCommand","messageBody":"docs Update UserGuide to show new Add Command syntax","fileTypesAndContributionMap":{}}]},{"date":"2025-03-22T00:00:00","commitResults":[{"hash":"2818330382b04aed2c63880bdfd26891bb52c3db","isMergeCommit":false,"messageTitle":"feat: add company functionality to find command","messageBody":"","fileTypesAndContributionMap":{"functional-code":{"insertions":18,"deletions":17}}},{"hash":"eb114be4c793d13b2b8da1e94005e52da431151f","isMergeCommit":false,"messageTitle":"test: fix tests related to new find command enhancements","messageBody":"","fileTypesAndContributionMap":{"test-code":{"insertions":23,"deletions":31}}},{"hash":"4fdc278e86a131002cea8dcf7d1152b8218c929e","isMergeCommit":false,"messageTitle":"chore: remove unused import statements","messageBody":"","fileTypesAndContributionMap":{"functional-code":{"insertions":0,"deletions":7},"test-code":{"insertions":0,"deletions":9}}},{"hash":"d763fe4db63db716500b6cca10b7fa49ad68c852","isMergeCommit":true,"messageTitle":"Merge pull request #81 from gn07/meetings","messageBody":"Add new feature: meetings","fileTypesAndContributionMap":{}}]},{"date":"2025-03-24T00:00:00","commitResults":[{"hash":"55c87084e5ac314f34c73b20fe55c6a9991efd80","isMergeCommit":false,"messageTitle":"feat: add basic sort functionality","messageBody":"","fileTypesAndContributionMap":{"functional-code":{"insertions":121,"deletions":2}}}]},{"date":"2025-03-25T00:00:00","commitResults":[{"hash":"673656e1dcd78efaba225f6b62ae1265e4dc060e","isMergeCommit":false,"messageTitle":"style: fix checkstyle errors","messageBody":"","fileTypesAndContributionMap":{"functional-code":{"insertions":28,"deletions":11},"test-code":{"insertions":6,"deletions":0}}},{"hash":"d1488085f444049e1a6bce44856768610bae14c0","isMergeCommit":false,"messageTitle":"feat: enhance Person Class with new Importance Field","messageBody":"","fileTypesAndContributionMap":{"functional-code":{"insertions":158,"deletions":21}}}]},{"date":"2025-03-26T00:00:00","commitResults":[{"hash":"9cba2556eaa6c295544c6489a786f3dbf745d45a","isMergeCommit":false,"messageTitle":"test: fix current tests that involve the modified Person Class","messageBody":"","fileTypesAndContributionMap":{"test-code":{"insertions":111,"deletions":47}}},{"hash":"9b078ad97f184ab72e98ab5f967b020e1199b532","isMergeCommit":false,"messageTitle":"chore: fix checkstyle errors","messageBody":"","fileTypesAndContributionMap":{"functional-code":{"insertions":10,"deletions":5}}},{"hash":"e7c9189d7ff93a9b0f3272866ff4756cbae36478","isMergeCommit":false,"messageTitle":"docs: update UG with new enhancements","messageBody":"","fileTypesAndContributionMap":{"docs":{"insertions":9,"deletions":8}}},{"hash":"9209ec20e04298ea65db8d0d7f9b742d1e88a7f0","isMergeCommit":false,"messageTitle":"fix: fix find command to follow format of other commands","messageBody":"","fileTypesAndContributionMap":{"functional-code":{"insertions":7,"deletions":25}}},{"hash":"a3e3761cb0b211dbe654f97c795589dbc505c61f","isMergeCommit":false,"messageTitle":"fix: fix bug with trailing and leading whitespaces","messageBody":"","fileTypesAndContributionMap":{"functional-code":{"insertions":3,"deletions":1}}},{"hash":"98b23fccff7492ad2aa78499932a2e30eaf631d4","isMergeCommit":false,"messageTitle":"docs: refactor MESSAGE_USAGE docs for Find Command","messageBody":"","fileTypesAndContributionMap":{"functional-code":{"insertions":4,"deletions":2}}}]},{"date":"2025-03-27T00:00:00","commitResults":[{"hash":"c0ad66a5a510add84d51c01f44dc3ed3dfd4d4bd","isMergeCommit":false,"messageTitle":"feat: enhance sort command with importance field","messageBody":"","fileTypesAndContributionMap":{"functional-code":{"insertions":48,"deletions":2}}},{"hash":"d4f6e80b96e34d535090a8fc82082047a3ae6f10","isMergeCommit":false,"messageTitle":"fix: fix accepted values for the Importance Class","messageBody":"","fileTypesAndContributionMap":{"functional-code":{"insertions":14,"deletions":2}}},{"hash":"ac6d0dbd86d3324f175fce0afe33973757b96b6a","isMergeCommit":true,"messageTitle":"Merge pull request #100 from zephaniahong/list-all-meetings","messageBody":"Create list meetings feature","fileTypesAndContributionMap":{}},{"hash":"a1712e36dbdc258443a3fd22a0738e0ba47f0ac4","isMergeCommit":false,"messageTitle":"docs: update UG for enhanced find functionality","messageBody":"","fileTypesAndContributionMap":{"docs":{"insertions":4,"deletions":2}}},{"hash":"5ef6a4cef5cefecc57527da2c4bdda16965453e0","isMergeCommit":false,"messageTitle":"docs: update UG for new Sort Command","messageBody":"","fileTypesAndContributionMap":{"docs":{"insertions":16,"deletions":0}}}]},{"date":"2025-03-28T00:00:00","commitResults":[{"hash":"1ecd10ff1a63b8a73cbae6ea145fa1e4f447eaa0","isMergeCommit":false,"messageTitle":"docs: update UML diagrams","messageBody":"","fileTypesAndContributionMap":{"docs":{"insertions":3,"deletions":0}}},{"hash":"7a5773f0bb07369a63410f0e247c04e2be546014","isMergeCommit":true,"messageTitle":"Merge pull request #114 from matthanfoo/edit-UML-diags","messageBody":"docs: edit ModelClassDiagram","fileTypesAndContributionMap":{}}]},{"date":"2025-04-01T00:00:00","commitResults":[{"hash":"e59d5caac764b19e9555744e96424fd5f788dd0e","isMergeCommit":false,"messageTitle":"chore: enable support of java assertions","messageBody":"","fileTypesAndContributionMap":{"other":{"insertions":4,"deletions":0}}}]},{"date":"2025-04-02T00:00:00","commitResults":[{"hash":"fe46cd540aa9eefedecb4063e8d0e7366efdbc50","isMergeCommit":true,"messageTitle":"Merge pull request #128 from matthanfoo/master","messageBody":"Updated DeveloperGuide.md","fileTypesAndContributionMap":{}},{"hash":"879f5f427ce70e1abb26a2959d3d76eba50bc50a","isMergeCommit":true,"messageTitle":"Merge pull request #143 from gn07/delete-meeting","messageBody":"feature: delete meeting","fileTypesAndContributionMap":{}},{"hash":"5dd2fae1cbcc389954353b29cda9ff5c52644e32","isMergeCommit":false,"messageTitle":"fix: fix error message displayed for find command","messageBody":"","fileTypesAndContributionMap":{"functional-code":{"insertions":4,"deletions":0}}}]},{"date":"2025-04-03T00:00:00","commitResults":[{"hash":"88e583edaa7d45917fe477bc2765b62d262c1c17","isMergeCommit":false,"messageTitle":"fix: fix help command not displaying UG","messageBody":"","fileTypesAndContributionMap":{"functional-code":{"insertions":6,"deletions":6},"other":{"insertions":4,"deletions":0}}},{"hash":"3eca96cfb2a3e68eab042f79fe7aa5d60b14a569","isMergeCommit":true,"messageTitle":"Merge pull request #153 from matthanfoo/edit-UserGuide","messageBody":"Edit User Guide to fix Syntax Issues","fileTypesAndContributionMap":{}},{"hash":"cb10fc5fc0dea645827fb3eb059c15d49e0f052f","isMergeCommit":true,"messageTitle":"Merge pull request #154 from matthanfoo/fix-AddCommand","messageBody":"Edit Name Matching logic","fileTypesAndContributionMap":{}},{"hash":"284c43acff20c4bac71c3bb25d21a0221766d478","isMergeCommit":true,"messageTitle":"Merge pull request #157 from gn07/user-guide","messageBody":"docs: update DG and UG","fileTypesAndContributionMap":{}},{"hash":"845c24a1ea4310e8b030c336d4e2574c42c25010","isMergeCommit":true,"messageTitle":"Merge pull request #158 from gn07/addmeeting-bugs","messageBody":"bug: fix addmeeting error message","fileTypesAndContributionMap":{}},{"hash":"7271494d5f9783cd9d4afb0af2279e395864702d","isMergeCommit":false,"messageTitle":"feat: add DateTime Validation for addmeeting command","messageBody":"","fileTypesAndContributionMap":{"functional-code":{"insertions":39,"deletions":8}}},{"hash":"2ceb7dcc75e7ac7fff493dae76fbed15b348ff44","isMergeCommit":false,"messageTitle":"docs: update UG with new DateTime Validation functionality","messageBody":"","fileTypesAndContributionMap":{"functional-code":{"insertions":7,"deletions":7},"docs":{"insertions":7,"deletions":1}}},{"hash":"22e6aebfba5bbde1d032eada625a97bcf90a407d","isMergeCommit":true,"messageTitle":"Merge pull request #162 from zephaniahong/meeting-use-case","messageBody":"Update DG to include list and edit meetings","fileTypesAndContributionMap":{}},{"hash":"d6de61b7f85c05801a16a39ae9ea4200f1f740ae","isMergeCommit":true,"messageTitle":"Merge pull request #166 from zephaniahong/user-guide-meetings","messageBody":"Update UG for edit meetings","fileTypesAndContributionMap":{}},{"hash":"2f50d04648fe39ba7b73d4cfec1b7f4d1d51b3f2","isMergeCommit":true,"messageTitle":"Merge pull request #167 from zephaniahong/extraneous-space","messageBody":"Fix formatting of error message when adding meeting","fileTypesAndContributionMap":{}}]},{"date":"2025-04-07T00:00:00","commitResults":[{"hash":"ca4e643da672d84314b1ec90c442c9589e1aa4c5","isMergeCommit":false,"messageTitle":"fix: fix unintended behaviour with multiple company fields for Find","messageBody":"","fileTypesAndContributionMap":{"functional-code":{"insertions":3,"deletions":0}}},{"hash":"94627c454c74bab3698b9a26c3da0df50d61021c","isMergeCommit":false,"messageTitle":"docs: update docs with fixed Find Command implementation","messageBody":"","fileTypesAndContributionMap":{"docs":{"insertions":2,"deletions":1}}},{"hash":"b7c593748deb61322f90653999dfb99207c96d28","isMergeCommit":false,"messageTitle":"fix: fix datetime parser issue for invalid dates","messageBody":"","fileTypesAndContributionMap":{"functional-code":{"insertions":21,"deletions":15}}},{"hash":"fa256c7613225d88737ac65e2303655009c8231a","isMergeCommit":true,"messageTitle":"Merge pull request #235 from zephaniahong/documentation-bugs","messageBody":"Documentation bugs","fileTypesAndContributionMap":{}},{"hash":"67d6fd7782153a72456d9f6b76906a174d28d7e1","isMergeCommit":false,"messageTitle":"fix: standardise display of Importance Field with rest of Contact Fields","messageBody":"","fileTypesAndContributionMap":{"functional-code":{"insertions":10,"deletions":2}}},{"hash":"40fb5de26c75a590986315b6f49c6d628a7cca6b","isMergeCommit":false,"messageTitle":"docs: update documentation for fixes to Importance display","messageBody":"","fileTypesAndContributionMap":{"docs":{"insertions":1,"deletions":1}}},{"hash":"0a4df1ad8b0e043c40289441f2b9ef3526ebd407","isMergeCommit":false,"messageTitle":"fix: fix error message that stated wrong sort parameters","messageBody":"","fileTypesAndContributionMap":{"functional-code":{"insertions":2,"deletions":2}}},{"hash":"90d1fabe82f281a06a6381c14af11aee239b47be","isMergeCommit":false,"messageTitle":"docs: minor UG and DG updates","messageBody":"","fileTypesAndContributionMap":{"docs":{"insertions":44,"deletions":41}}},{"hash":"a1149b118a9096f72c3e6019290b5fdf3fe47e7f","isMergeCommit":true,"messageTitle":"Merge branch \u0027master\u0027 into fix-AddCommand","messageBody":"","fileTypesAndContributionMap":{}},{"hash":"c6f5176fd3e71cf0ae1470a5f7e47441c0a6a235","isMergeCommit":true,"messageTitle":"Merge pull request #233 from matthanfoo/fix-AddCommand","messageBody":"Fix error message in Tag","fileTypesAndContributionMap":{}},{"hash":"5d8564f19998e8b1727d6fe2cf350a6b25896127","isMergeCommit":true,"messageTitle":"Merge pull request #239 from gn07/user-guide","messageBody":"bug: fix addmeeting command examples","fileTypesAndContributionMap":{}},{"hash":"f59082f0c44e6a74520110a5c5f2beb35d05feee","isMergeCommit":true,"messageTitle":"Merge pull request #241 from gn07/addmeeting-bugs","messageBody":"bug: fix add meeting empty mp error message","fileTypesAndContributionMap":{}},{"hash":"6027127aaf38dc95f1d17f3e0d4578ff66885dbf","isMergeCommit":true,"messageTitle":"Merge pull request #243 from matthanfoo/fix-AddCommand","messageBody":"Fix add command","fileTypesAndContributionMap":{}}]},{"date":"2025-04-08T00:00:00","commitResults":[{"hash":"106f7ac36d8b2c3c6942185b8683fab27e49b952","isMergeCommit":true,"messageTitle":"Merge pull request #242 from gn07/addmeeting-bugs","messageBody":"fix add meeting with same person at same time","fileTypesAndContributionMap":{}},{"hash":"a67dee934a9e3d7e9d5b194cf3fb1ecaf5ea81f7","isMergeCommit":true,"messageTitle":"Merge pull request #244 from gn07/help-command","messageBody":"bug: reduce help window default size","fileTypesAndContributionMap":{}},{"hash":"808afeec9c4977093e62c1a0f322f6f52745ffe2","isMergeCommit":true,"messageTitle":"Merge pull request #245 from gn07/delete-meeting","messageBody":"bug: update error message for delete and edit for person and meetings","fileTypesAndContributionMap":{}}]}],"zephaniahong":[{"date":"2025-02-21T00:00:00","commitResults":[{"hash":"fe8216ac62218c672b2723d517921a7c6d284d30","isMergeCommit":false,"messageTitle":"Update names in About Us page","messageBody":"","fileTypesAndContributionMap":{"docs":{"insertions":5,"deletions":15}}},{"hash":"d2e7611a1ebe3d528f3289a50c53f8f6f38d5d59","isMergeCommit":true,"messageTitle":"Merge pull request #1 from zephaniahong/master","messageBody":"Update names in About Us page","fileTypesAndContributionMap":{}},{"hash":"c259adc3720201d592a6da8967c574137079f00e","isMergeCommit":false,"messageTitle":"Add line at EOF","messageBody":"","fileTypesAndContributionMap":{"docs":{"insertions":1,"deletions":1}}},{"hash":"837844928be51343383118763dc3d10214057b10","isMergeCommit":false,"messageTitle":"Change title","messageBody":"","fileTypesAndContributionMap":{"other":{"insertions":1,"deletions":1}}},{"hash":"9741ac7d8aeaa8812a9044ca12c8bceb4263f039","isMergeCommit":true,"messageTitle":"Merge pull request #2 from zephaniahong/master","messageBody":"Minor changes to docs","fileTypesAndContributionMap":{}}]},{"date":"2025-03-06T00:00:00","commitResults":[{"hash":"0280a2eafbc2482239971620e3a6da8604e18e77","isMergeCommit":true,"messageTitle":"Merge pull request #9 from gn07/master","messageBody":"update github build status badge link","fileTypesAndContributionMap":{}},{"hash":"1bea4353e856636597c7c226013ff30bdc4ba3dd","isMergeCommit":false,"messageTitle":"Update README and AboutUs","messageBody":"","fileTypesAndContributionMap":{"docs":{"insertions":15,"deletions":12}}},{"hash":"9d6af3aafa79b7ba9445ba31b586f8da008f68f3","isMergeCommit":true,"messageTitle":"Merge branch \u0027master\u0027 into 12-Update-Page","messageBody":"","fileTypesAndContributionMap":{}},{"hash":"cb85d39cb589b9225bb0b14bcaecc03c03e69d0a","isMergeCommit":false,"messageTitle":"Add newline at EOF","messageBody":"","fileTypesAndContributionMap":{"docs":{"insertions":1,"deletions":1}}},{"hash":"fae9130bfb1008904d1877488b5b8547fa78ab60","isMergeCommit":true,"messageTitle":"Merge","messageBody":"","fileTypesAndContributionMap":{}},{"hash":"f0f6c1cf63c2583cbb12a83cf8601d04fc0cd51f","isMergeCommit":true,"messageTitle":"Merge pull request #15 from JuhromeAlexander/Update-About-Us-Juraimi","messageBody":"Update AboutUs Page with Juraimi\u0027s Details","fileTypesAndContributionMap":{}}]},{"date":"2025-03-09T00:00:00","commitResults":[{"hash":"de8b72792321bcbe097655c45e34b79305aeae4a","isMergeCommit":true,"messageTitle":"Merge pull request #21 from JuhromeAlexander/Update-DG-Product-Scope","messageBody":"Update Developer Guide with product scope details","fileTypesAndContributionMap":{}},{"hash":"59212abe0215aa0be43d6725023063697000e8d0","isMergeCommit":true,"messageTitle":"Merge pull request #19 from JuhromeAlexander/Update-MVP-User-Stories","messageBody":"Update Developer Guide with MVP User Stories","fileTypesAndContributionMap":{}},{"hash":"ec34c19cb266641924cf0ce7a8755248d39ad9a5","isMergeCommit":true,"messageTitle":"Merge pull request #22 from gn07/master","messageBody":"Edit about us file","fileTypesAndContributionMap":{}}]},{"date":"2025-03-13T00:00:00","commitResults":[{"hash":"f8c4011d239a44c4fed326fcd92b84078a3b3f98","isMergeCommit":false,"messageTitle":"docs: Add use case for viewing all contacts","messageBody":"","fileTypesAndContributionMap":{"docs":{"insertions":11,"deletions":2}}},{"hash":"b618501ac3958f8071da2112dede06d1622babf5","isMergeCommit":false,"messageTitle":"docs: Add an NFR","messageBody":"","fileTypesAndContributionMap":{"docs":{"insertions":1,"deletions":0}}},{"hash":"a4f79e55b277223799c560c3ddac51a6d5ba1303","isMergeCommit":true,"messageTitle":"Merge pull request #39 from zephaniahong/master","messageBody":"Add use case and NFR","fileTypesAndContributionMap":{}},{"hash":"8fe4cf1eb2fd92764d0324a99824ecccd8f9b53e","isMergeCommit":true,"messageTitle":"Merge pull request #34 from gn07/feature-delete","messageBody":"Feature: edit delete command guide to be more specific","fileTypesAndContributionMap":{}},{"hash":"235e5b7fed0353ec8b64f551d3cdb84ed067a062","isMergeCommit":false,"messageTitle":"docs: Fix formatting","messageBody":"","fileTypesAndContributionMap":{"docs":{"insertions":6,"deletions":6}}}]},{"date":"2025-03-14T00:00:00","commitResults":[{"hash":"b25cc357ee1f951458c0514986f3042f3cfb590e","isMergeCommit":true,"messageTitle":"Merge pull request #42 from JuhromeAlexander/Add-Basic-Search-Functionality","messageBody":"Add basic search functionality","fileTypesAndContributionMap":{}}]},{"date":"2025-03-17T00:00:00","commitResults":[{"hash":"0751280ee7d2aeb1419567f0ec79554a551143e8","isMergeCommit":true,"messageTitle":"Merge pull request #44 from JuhromeAlexander/Troubleshoot-Tests","messageBody":"","fileTypesAndContributionMap":{}},{"hash":"4e0ddab44d13556ac67adcca33116e186eb7dec3","isMergeCommit":false,"messageTitle":"Add new fields","messageBody":"","fileTypesAndContributionMap":{"functional-code":{"insertions":2,"deletions":1}}}]},{"date":"2025-03-20T00:00:00","commitResults":[{"hash":"d47dc0ddc37c416b749bdd3cdee0e9d1a41a24ed","isMergeCommit":true,"messageTitle":"Merge pull request #61 from gn07/master","messageBody":"update help window information","fileTypesAndContributionMap":{}},{"hash":"8560b2ab0f963e7c4f9614298fe1bbd376792e42","isMergeCommit":true,"messageTitle":"Merge pull request #69 from matthanfoo/implement-filter-command","messageBody":"feat: add filter command functionality (filter contacts on tags)","fileTypesAndContributionMap":{}},{"hash":"47e80dad9dd5336976214e17afebd6173146eb54","isMergeCommit":true,"messageTitle":"Merge pull request #66 from matthanfoo/hiring-tag","messageBody":"docs edit user guide to indicate special \"hiring\" tag","fileTypesAndContributionMap":{}},{"hash":"3c1f69e82954ea95133d1ca4db510f197dfb9b9b","isMergeCommit":true,"messageTitle":"Merge pull request #62 from gn07/help-command","messageBody":"feature: list all commands using help command","fileTypesAndContributionMap":{}},{"hash":"0b173753c980d6ff2150ca9f62f7747f029e9778","isMergeCommit":true,"messageTitle":"Merge pull request #63 from gn07/user-guide","messageBody":"docs: update user and developer guides","fileTypesAndContributionMap":{}},{"hash":"5e37c57d1c2fdd692af62bc07355e94226e25226","isMergeCommit":false,"messageTitle":"Prepare release","messageBody":"","fileTypesAndContributionMap":{"functional-code":{"insertions":1,"deletions":1},"other":{"insertions":1,"deletions":1}}},{"hash":"8ee9293f007bf362dc6695367067c441d4c24941","isMergeCommit":true,"messageTitle":"Merge pull request #74 from zephaniahong/create-release","messageBody":"Prepare release","tags":["v1.3"],"fileTypesAndContributionMap":{}}]},{"date":"2025-03-25T00:00:00","commitResults":[{"hash":"97762ec8ebac1452c67b32fa4adbd3289e170941","isMergeCommit":false,"messageTitle":"Create list meetings feature","messageBody":"","fileTypesAndContributionMap":{"functional-code":{"insertions":275,"deletions":44}}}]},{"date":"2025-03-26T00:00:00","commitResults":[{"hash":"3ce849cadaaa727aabecfb0ae6363b4dccc41ba8","isMergeCommit":true,"messageTitle":"Merge pull request #98 from gn07/branch-update-dev-guide","messageBody":"Docs: update DG for add meeting command","fileTypesAndContributionMap":{}},{"hash":"efc8817fba4450858e3ac827386ac6b0610d9cb1","isMergeCommit":false,"messageTitle":"Add assert and logging for meetings","messageBody":"","fileTypesAndContributionMap":{"functional-code":{"insertions":2,"deletions":0}}}]},{"date":"2025-03-27T00:00:00","commitResults":[{"hash":"874ad35df83c9c6e6cabe431d05eda8c2c2461ca","isMergeCommit":false,"messageTitle":"Fix check errors","messageBody":"","fileTypesAndContributionMap":{"functional-code":{"insertions":10,"deletions":9},"test-code":{"insertions":5,"deletions":0}}},{"hash":"9be8ec094c3f1c9aef7e900cb58cba548f0174d7","isMergeCommit":true,"messageTitle":"Merge pull request #103 from JuhromeAlexander/Fix-Importance-Accepted-Values","messageBody":"Fix Accepted Values for Importance Class","fileTypesAndContributionMap":{}},{"hash":"5b3f75548ee691900722ef7b17e85dcc9665fcbd","isMergeCommit":true,"messageTitle":"Merge pull request #101 from JuhromeAlexander/Enhance-Sort-Importance","messageBody":"Enhance Sort Command with new Importance Field","fileTypesAndContributionMap":{}},{"hash":"75dfd9e056a3dc39fa836bc5ebb549392e37da22","isMergeCommit":true,"messageTitle":"Merge pull request #99 from gn07/user-guide","messageBody":"Docs: update user guides for add meeting command","tags":["v1.4"],"fileTypesAndContributionMap":{}}]},{"date":"2025-03-28T00:00:00","commitResults":[{"hash":"c236281811fe758751557f7ad209ec8bd612f01d","isMergeCommit":true,"messageTitle":"Merge pull request #107 from gn07/puml","messageBody":"Docs: update model class diagram","fileTypesAndContributionMap":{}},{"hash":"fdb4c05b359c8dc96ed5dfaeeb4c20be31d1a220","isMergeCommit":false,"messageTitle":"Modify model class diagram","messageBody":"","fileTypesAndContributionMap":{"docs":{"insertions":3,"deletions":2}}}]},{"date":"2025-04-02T00:00:00","commitResults":[{"hash":"58874e8c7f8c83f3dcc5d538b905e983beb205f2","isMergeCommit":false,"messageTitle":"Implement edit meeting feature","messageBody":"","fileTypesAndContributionMap":{"functional-code":{"insertions":398,"deletions":10},"test-code":{"insertions":4,"deletions":3}}}]},{"date":"2025-04-03T00:00:00","commitResults":[{"hash":"cd8f2ed91318c808361f49cfa6e2e3c3d1d44b36","isMergeCommit":false,"messageTitle":"Update DG to include list and edit meetings","messageBody":"","fileTypesAndContributionMap":{"docs":{"insertions":38,"deletions":16}}},{"hash":"49f6888a5faa62f8affccad0dda6b2d701522569","isMergeCommit":true,"messageTitle":"Merge branch \u0027master\u0027 into meeting-use-case","messageBody":"","fileTypesAndContributionMap":{}},{"hash":"5da5143e55c44db146757d56d5c1bdcbebfcd461","isMergeCommit":true,"messageTitle":"Merge pull request #160 from JuhromeAlexander/Add-Date-Time-Validation","messageBody":"Add date time validation","fileTypesAndContributionMap":{}},{"hash":"c13daa079dea512e228c62da416dbbb9333559df","isMergeCommit":false,"messageTitle":"Update UG for edit meetings","messageBody":"","fileTypesAndContributionMap":{"docs":{"insertions":4,"deletions":2}}},{"hash":"9870f9953622b6d4080e97329d32b9df8c9e8cc2","isMergeCommit":false,"messageTitle":"Fix formatting of error message when adding meeting","messageBody":"","fileTypesAndContributionMap":{"functional-code":{"insertions":1,"deletions":1}}},{"hash":"3fd9ccc7b9130a2cf2b09d44e4f1926839edd2ed","isMergeCommit":false,"messageTitle":"Disallow empty contact when editing meeting","messageBody":"","fileTypesAndContributionMap":{"functional-code":{"insertions":6,"deletions":5}}},{"hash":"64e918dcab6e670e32fa1ed202ee768fa4c9616b","isMergeCommit":false,"messageTitle":"Add commas between names for message when meeting is successfully created","messageBody":"","fileTypesAndContributionMap":{"functional-code":{"insertions":3,"deletions":1}}},{"hash":"eefbb7d5e7960a3577df900268dba40cc1559b4e","isMergeCommit":false,"messageTitle":"Update meeting list with new name when editing contact name","messageBody":"","fileTypesAndContributionMap":{"functional-code":{"insertions":19,"deletions":7}}},{"hash":"08c011a156c681075570e41fb9f28e1e79c3b89e","isMergeCommit":true,"messageTitle":"Merge pull request #159 from gn07/addmeeting-bugs","messageBody":"fix meeting empty person string error message","fileTypesAndContributionMap":{}},{"hash":"d7e37e63518024067b991a8c894271b77984bc40","isMergeCommit":false,"messageTitle":"Prevent deletion of contact if contact has existing meetings","messageBody":"","fileTypesAndContributionMap":{"functional-code":{"insertions":9,"deletions":1}}},{"hash":"ec5b8fb77df6e046f62c80fdf09ae427beda4c83","isMergeCommit":true,"messageTitle":"Merge pull request #168 from zephaniahong/editmeeting-empty-contact","messageBody":"Disallow empty contact when editing meeting","fileTypesAndContributionMap":{}},{"hash":"bad0dc5e3a1b3bf16b4319be411d5cba1fa555b1","isMergeCommit":false,"messageTitle":"Fix checks","messageBody":"","fileTypesAndContributionMap":{"test-code":{"insertions":29,"deletions":31}}},{"hash":"b0ab9b12f0e47239d68bd7a39dc9ca519de3ba3a","isMergeCommit":false,"messageTitle":"Fix checks","messageBody":"","fileTypesAndContributionMap":{"functional-code":{"insertions":0,"deletions":1}}},{"hash":"36558d638d83948cac512c0a368cd562536aaf05","isMergeCommit":false,"messageTitle":"Fix checks","messageBody":"","fileTypesAndContributionMap":{"functional-code":{"insertions":14,"deletions":5},"test-code":{"insertions":50,"deletions":53}}},{"hash":"9cf688f46b89bc34abed7a95cbcb8fb98f3ec6c0","isMergeCommit":true,"messageTitle":"Merge branch \u0027master\u0027 into add-meeting-message-formatting","messageBody":"","fileTypesAndContributionMap":{}},{"hash":"7dbf062098d8f8f321020b6eda8c018c5fda7367","isMergeCommit":true,"messageTitle":"Merge pull request #171 from zephaniahong/delete-person-meeting","messageBody":"Prevent deletion of contact if contact has existing meetings","fileTypesAndContributionMap":{}},{"hash":"7ff54ce04247f8ca5351248647217ad8cb557e19","isMergeCommit":true,"messageTitle":"Merge pull request #170 from zephaniahong/edit-name","messageBody":"Update meeting list with new name when editing contact name","fileTypesAndContributionMap":{}},{"hash":"6d7801f0cd8dce996ad486e3b30c6f8cc0ff9748","isMergeCommit":false,"messageTitle":"Update Messages.java","messageBody":"","fileTypesAndContributionMap":{"functional-code":{"insertions":0,"deletions":1}}},{"hash":"f211bd41d2456cc33a5ac28d0ef5bd26ebe858b9","isMergeCommit":false,"messageTitle":"Update Messages.java","messageBody":"","fileTypesAndContributionMap":{"functional-code":{"insertions":0,"deletions":2}}},{"hash":"81bf010714d5513945d20de0b2f10088392010ce","isMergeCommit":true,"messageTitle":"Merge pull request #169 from zephaniahong/add-meeting-message-formatting","messageBody":"Add commas between names for message when meeting is successfully created","fileTypesAndContributionMap":{}}]},{"date":"2025-04-07T00:00:00","commitResults":[{"hash":"157994bf96c9797a18ecbe0723961758ec414c47","isMergeCommit":false,"messageTitle":"Fix duplicated NFR","messageBody":"","fileTypesAndContributionMap":{"docs":{"insertions":8,"deletions":19}}},{"hash":"3868516f0c11292d7865505d91ca9591c4b71a0d","isMergeCommit":false,"messageTitle":"Fix typo","messageBody":"","fileTypesAndContributionMap":{"docs":{"insertions":4,"deletions":3}}},{"hash":"114c5d6c1186fff01641e7f251ae9ba0c201a456","isMergeCommit":false,"messageTitle":"Add target audience in UG","messageBody":"","fileTypesAndContributionMap":{"docs":{"insertions":1,"deletions":1}}},{"hash":"2dc52e16192abafba414cd1cf3f172c63f6a8665","isMergeCommit":false,"messageTitle":"Change title of app to InternHive","messageBody":"","fileTypesAndContributionMap":{"functional-code":{"insertions":1,"deletions":1}}},{"hash":"3cf88e0655fdeb81e8114a4210db63f2022e35eb","isMergeCommit":false,"messageTitle":"Make command messages for readable by adding new lines","messageBody":"","fileTypesAndContributionMap":{"functional-code":{"insertions":3,"deletions":1}}},{"hash":"03f739142b3291a2202cb70703ad4b52700c12e0","isMergeCommit":false,"messageTitle":"Remove redundant statements","messageBody":"","fileTypesAndContributionMap":{"docs":{"insertions":1,"deletions":7}}},{"hash":"5ead8ded480d1d8695890d4c22d2fc7bde51f5f0","isMergeCommit":false,"messageTitle":"Fix long name exceeding box size","messageBody":"","fileTypesAndContributionMap":{"functional-code":{"insertions":8,"deletions":1}}},{"hash":"42a69dabddb4448f5ae469e3c00c540b7366575e","isMergeCommit":false,"messageTitle":"Clarify use case of listing meetings","messageBody":"","fileTypesAndContributionMap":{"docs":{"insertions":1,"deletions":1}}},{"hash":"0e7b17ded2929e18f3847b04e052a2abe3ad9ad4","isMergeCommit":false,"messageTitle":"Fix typo for delete meeting header","messageBody":"","fileTypesAndContributionMap":{"docs":{"insertions":1,"deletions":1}}},{"hash":"00b7f549787f7333487aef8f0579ef962b465f54","isMergeCommit":false,"messageTitle":"Fix typo","messageBody":"","fileTypesAndContributionMap":{"docs":{"insertions":1,"deletions":1}}},{"hash":"532fbcb85c0c514979f6c7e701b2a83962f65ba0","isMergeCommit":false,"messageTitle":"Specify that extraneous parameters for list command will be ignored","messageBody":"","fileTypesAndContributionMap":{"docs":{"insertions":2,"deletions":0}}},{"hash":"2008b29a08bdd83d11d24016e6a65a78de4de506","isMergeCommit":false,"messageTitle":"Clarify prerequisits when deleting a contact","messageBody":"","fileTypesAndContributionMap":{"docs":{"insertions":6,"deletions":1}}},{"hash":"dac73afc824352c7ae58fba3b469f13f3a62e560","isMergeCommit":false,"messageTitle":"Fix typo","messageBody":"","fileTypesAndContributionMap":{"docs":{"insertions":1,"deletions":1}}},{"hash":"5f57042ec5c4333abb4ccbd9e4eb2da290dbff15","isMergeCommit":false,"messageTitle":"Fix checks","messageBody":"","fileTypesAndContributionMap":{"docs":{"insertions":5,"deletions":5}}},{"hash":"add3ea97dc3276e951f15f10a80efd353ad03523","isMergeCommit":true,"messageTitle":"Merge pull request #234 from JuhromeAlexander/Fix-Find-Multiple-Params","messageBody":"Fix Find Command unintended behaviour","fileTypesAndContributionMap":{}},{"hash":"33d86183c36fd424ea23ef288b27a63c2ad64388","isMergeCommit":true,"messageTitle":"Merge pull request #236 from JuhromeAlexander/Fix-Errors-For-Invalid-Date","messageBody":"Fix datetime parser issue for invalid dates","fileTypesAndContributionMap":{}}]},{"date":"2025-04-08T00:00:00","commitResults":[{"hash":"3425ae4b037db5e4110cd88c2bb37d8a1f5a88d9","isMergeCommit":false,"messageTitle":"Add acknowledgements","messageBody":"","fileTypesAndContributionMap":{"docs":{"insertions":3,"deletions":1}}}]}],"gn07":[{"date":"2025-03-05T00:00:00","commitResults":[{"hash":"234a07cbb6f68ae46cbedf316cce48e5829878e3","isMergeCommit":true,"messageTitle":"Merge pull request #4 from JuhromeAlexander/Add-Juraimi-Photo","messageBody":"Add Juraimi\u0027s Photo","fileTypesAndContributionMap":{}},{"hash":"bb056593090d54186444fb8211d4ecbfe74c6763","isMergeCommit":false,"messageTitle":"update github build status badge link","messageBody":"","fileTypesAndContributionMap":{"docs":{"insertions":1,"deletions":1}}}]},{"date":"2025-03-07T00:00:00","commitResults":[{"hash":"cec468a0cec83411c5444759bafe4cb73112a262","isMergeCommit":false,"messageTitle":"Edit about us file","messageBody":"","fileTypesAndContributionMap":{"docs":{"insertions":4,"deletions":5}}}]},{"date":"2025-03-12T00:00:00","commitResults":[{"hash":"756116905d2a7351b51bfbcc98a1f77489323d3d","isMergeCommit":true,"messageTitle":"Merge pull request #27 from JuhromeAlexander/Add-User-Stories","messageBody":"Add remaining user stories to DG","fileTypesAndContributionMap":{}},{"hash":"acfab355efecbc9e592196f673998b81a6790d41","isMergeCommit":true,"messageTitle":"Merge pull request #29 from JuhromeAlexander/Add-Use-Case-NFR-to-DG","messageBody":"Add Use Case, NFR to DG","fileTypesAndContributionMap":{}}]},{"date":"2025-03-13T00:00:00","commitResults":[{"hash":"dce56d152718758795831d2f9a55448913b14f05","isMergeCommit":false,"messageTitle":"add use case for delete contact","messageBody":"","fileTypesAndContributionMap":{"docs":{"insertions":15,"deletions":0}}},{"hash":"72ab0aa2aebba66a2046b10f4dc4c56254a5b596","isMergeCommit":false,"messageTitle":"docs: add NFR and Glossary entry to DG","messageBody":"","fileTypesAndContributionMap":{"docs":{"insertions":2,"deletions":0}}},{"hash":"3c8b29e37915c1ca3b94a5044cd1e6e5192e5135","isMergeCommit":true,"messageTitle":"Merge pull request #31 from matthanfoo/dg-update","messageBody":"docs: change numbering for use case","fileTypesAndContributionMap":{}},{"hash":"c69f012d21a0ae03cd2c22aeac630b143f16eeaf","isMergeCommit":true,"messageTitle":"Merge branch \u0027master\u0027 into branch-update-dev-guide","messageBody":"","fileTypesAndContributionMap":{}},{"hash":"c4e1c29c8664e8dd2062f144473926705b030463","isMergeCommit":false,"messageTitle":"docs: update delete command usage","messageBody":"","fileTypesAndContributionMap":{"functional-code":{"insertions":1,"deletions":1}}},{"hash":"20bed6154828ff001cd7516c567117ca2419752e","isMergeCommit":true,"messageTitle":"Merge branch \u0027master\u0027 into feature-delete","messageBody":"","fileTypesAndContributionMap":{}}]},{"date":"2025-03-19T00:00:00","commitResults":[{"hash":"909cd11836fce5ffd0e634803f6755f76d60e9dd","isMergeCommit":true,"messageTitle":"Merge pull request #51 from JuhromeAlexander/Fix-Find-Command-Return-Results","messageBody":"Fix Find Command Behaviour","fileTypesAndContributionMap":{}},{"hash":"b8a9e771169e0d23725985fedd1dceb063f93475","isMergeCommit":true,"messageTitle":"Merge pull request #53 from JuhromeAlexander/Update-Find-UG-Documentation","messageBody":"Update UG for the Find Command","fileTypesAndContributionMap":{}},{"hash":"cadb71543caa468f696c132468aff0feb4ca9076","isMergeCommit":false,"messageTitle":"update help window information","messageBody":"","fileTypesAndContributionMap":{"functional-code":{"insertions":2,"deletions":2}}},{"hash":"d3f36457659508ffc86ab130340d16afa1f4f26d","isMergeCommit":false,"messageTitle":"style: fix help command check style","messageBody":"","fileTypesAndContributionMap":{"functional-code":{"insertions":4,"deletions":2}}},{"hash":"bba84c7562f79cf1f05cf3d867c8bb290fe551a2","isMergeCommit":false,"messageTitle":"style: fix help command style","messageBody":"","fileTypesAndContributionMap":{"functional-code":{"insertions":2,"deletions":2}}},{"hash":"4016b4ed8f81c3dcbf5cd83b588f5df8fc6004ef","isMergeCommit":false,"messageTitle":"style: update help string","messageBody":"","fileTypesAndContributionMap":{"functional-code":{"insertions":2,"deletions":2}}}]},{"date":"2025-03-20T00:00:00","commitResults":[{"hash":"03826d2951a459919b0e4ebe27a32617c84e371e","isMergeCommit":false,"messageTitle":"feature: display command usages in help window","messageBody":"when the help command is called, the window shows a short snippet of the user guide containing only the command usages part of the guide\n","fileTypesAndContributionMap":{"functional-code":{"insertions":69,"deletions":15},"other":{"insertions":5,"deletions":0},"docs":{"insertions":3,"deletions":0}}},{"hash":"7c167ca6d4ba693e0e74b9ecc03e1b6acdd0e89c","isMergeCommit":false,"messageTitle":"Revert \"feature: display command usages in help window\"","messageBody":"This reverts commit 03826d2951a459919b0e4ebe27a32617c84e371e.\n","fileTypesAndContributionMap":{"functional-code":{"insertions":15,"deletions":69},"other":{"insertions":0,"deletions":5},"docs":{"insertions":0,"deletions":3}}},{"hash":"81adff5333d53c01ec4ca7981dca6967fd144bb7","isMergeCommit":false,"messageTitle":"style: fix trailing spaces","messageBody":"","fileTypesAndContributionMap":{"functional-code":{"insertions":0,"deletions":2}}},{"hash":"2c7b56b5041168f8077f0e9ca06dba0a3a810bd3","isMergeCommit":false,"messageTitle":"style: fix import styles","messageBody":"","fileTypesAndContributionMap":{"functional-code":{"insertions":3,"deletions":4}}},{"hash":"1f3592a62b839995d656479c1f6ef4358affd936","isMergeCommit":false,"messageTitle":"style: fix import ordering","messageBody":"","fileTypesAndContributionMap":{"functional-code":{"insertions":1,"deletions":4}}},{"hash":"7a059c87cd064fc7605043513264345994b52c29","isMergeCommit":false,"messageTitle":"style: fix import group","messageBody":"","fileTypesAndContributionMap":{"functional-code":{"insertions":1,"deletions":0}}},{"hash":"96a72db120179b9bb39d02383ad83c59259b1c87","isMergeCommit":false,"messageTitle":"docs: update user and developer guides","messageBody":"","fileTypesAndContributionMap":{"docs":{"insertions":6,"deletions":14}}},{"hash":"952bda4ee5891c2223202fb4338f09df381bfebb","isMergeCommit":true,"messageTitle":"Merge branch \u0027master\u0027 into help-command","messageBody":"","fileTypesAndContributionMap":{}},{"hash":"32d0df709ebccad0fb6ea646bb9cca08d848d946","isMergeCommit":false,"messageTitle":"feature: fix merge conflict","messageBody":"","fileTypesAndContributionMap":{"functional-code":{"insertions":1,"deletions":1}}},{"hash":"72fde3e2e34a99219451735c8a3316043543f2df","isMergeCommit":false,"messageTitle":"feature: add code removed during merge conflict","messageBody":"","fileTypesAndContributionMap":{"functional-code":{"insertions":18,"deletions":13},"other":{"insertions":3,"deletions":0},"docs":{"insertions":2,"deletions":0}}},{"hash":"cc118773423169fcd7e39397269be2cec0ff67c3","isMergeCommit":false,"messageTitle":"feature: fix imports","messageBody":"","fileTypesAndContributionMap":{"functional-code":{"insertions":2,"deletions":1}}}]},{"date":"2025-03-21T00:00:00","commitResults":[{"hash":"73f58ef3f2ccf5ffa8d61f268439d6d9b68fbead","isMergeCommit":true,"messageTitle":"Merge branch \u0027guides\u0027","messageBody":"","fileTypesAndContributionMap":{}}]},{"date":"2025-03-22T00:00:00","commitResults":[{"hash":"01f5a28252aa5b3455682d3ea6f6ce9b15ae738b","isMergeCommit":true,"messageTitle":"Merge pull request #79 from JuhromeAlexander/Fix-Tests-Find-Command-Company","messageBody":"Enhance Find command functionality","fileTypesAndContributionMap":{}},{"hash":"c8e4c544071e0290a0ba243d5953cfaaf74c5ae8","isMergeCommit":true,"messageTitle":"Merge remote-tracking branch \u0027upstream/master\u0027","messageBody":"","fileTypesAndContributionMap":{}},{"hash":"7cb7ed8af42650676064786a6ffda1e646a7d566","isMergeCommit":false,"messageTitle":"feature: add  the add meeting command","messageBody":"Allow users to add meetings\n\nOur product requires a meetings feature to keep track of the user\u0027s current/future meetings.\n\nThe meetings models and add command have been setup and can be accessed from the ui.\n","fileTypesAndContributionMap":{"functional-code":{"insertions":792,"deletions":5}}},{"hash":"96375e4b29e247c92ef931cdc32d584bd08ec14d","isMergeCommit":false,"messageTitle":"styl: fix checkstyle errors","messageBody":"","fileTypesAndContributionMap":{"functional-code":{"insertions":28,"deletions":27}}},{"hash":"a16c6809c2fb4e077625c11404be8456c09198c7","isMergeCommit":false,"messageTitle":"test: fix checkstyle errors","messageBody":"","fileTypesAndContributionMap":{"test-code":{"insertions":35,"deletions":3}}},{"hash":"41d383f4defb3ca30d69a76b9233b3d7e890e4fe","isMergeCommit":false,"messageTitle":"test: add meeting to test and renamed TypicalAddressBook","messageBody":"","fileTypesAndContributionMap":{"other":{"insertions":22,"deletions":2},"test-code":{"insertions":96,"deletions":26}}},{"hash":"d428a8e9d4dad93a18adb5b8dedd4a3d8da0659c","isMergeCommit":false,"messageTitle":"style: fix trailing spaces","messageBody":"","fileTypesAndContributionMap":{"test-code":{"insertions":1,"deletions":2}}},{"hash":"3b8e128057976c15e44721aef9d12b4b7c6bae65","isMergeCommit":false,"messageTitle":"style: fix checkstyle errors imports","messageBody":"","fileTypesAndContributionMap":{"test-code":{"insertions":7,"deletions":5}}},{"hash":"550973e71fa8b3d04f4a117fccb297266c5ad12a","isMergeCommit":false,"messageTitle":"test: add meeting to test json files","messageBody":"","fileTypesAndContributionMap":{"test-code":{"insertions":5,"deletions":3}}}]},{"date":"2025-03-25T00:00:00","commitResults":[{"hash":"fe1531e2883ec2499be6e91f43ba000a46846d5f","isMergeCommit":true,"messageTitle":"Merge pull request #83 from JuhromeAlexander/Add-Basic-Sort-Functionality","messageBody":"Add basic sort functionality","fileTypesAndContributionMap":{}},{"hash":"8afd93b3ce6b43c35a7b9d8293a083fb66ffbfc6","isMergeCommit":false,"messageTitle":"feature: add meeting fix saving notes","messageBody":"","fileTypesAndContributionMap":{"functional-code":{"insertions":4,"deletions":2}}},{"hash":"43c39bf606e386be9bb2e8a87dbddbf2263d63b1","isMergeCommit":true,"messageTitle":"Merge branch \u0027master\u0027 into meetings","messageBody":"","fileTypesAndContributionMap":{}},{"hash":"7b51d6fc2abb6b02aa7fbbdaf8dfcc941c551c83","isMergeCommit":false,"messageTitle":"style: remove unecessary debug statements","messageBody":"","fileTypesAndContributionMap":{"functional-code":{"insertions":0,"deletions":6}}}]},{"date":"2025-03-26T00:00:00","commitResults":[{"hash":"0d8fc6cbd23288f4cee45997a0f59accdddbe480","isMergeCommit":true,"messageTitle":"Merge pull request #91 from JuhromeAlexander/Add-Field-To-Person-Class","messageBody":"Add field to person class","fileTypesAndContributionMap":{}},{"hash":"60172892de9e55b16ef6058fb19fdc04ee07a027","isMergeCommit":true,"messageTitle":"Merge pull request #92 from JuhromeAlexander/Update-UG-with-Enhanced-Add-Edit","messageBody":"Update UG with new Add/Edit Command Enhancements","fileTypesAndContributionMap":{}},{"hash":"74e30a343d3106b0a5902cd16d7dd83c8bcdea5d","isMergeCommit":true,"messageTitle":"Merge pull request #94 from JuhromeAlexander/Fix-Find-Functionality","messageBody":"Fix Find functionality","fileTypesAndContributionMap":{}},{"hash":"02b70f37b453cbc50c7a72c16f49f2b2cd451989","isMergeCommit":true,"messageTitle":"Merge branch \u0027master\u0027 into meetings","messageBody":"","fileTypesAndContributionMap":{}},{"hash":"8a0ffb3b128f62fb66a1ee2d288ffda66bee0388","isMergeCommit":false,"messageTitle":"docs: update developer guide","messageBody":"","fileTypesAndContributionMap":{"docs":{"insertions":20,"deletions":0}}},{"hash":"c961919e5d88e6af67a732be6e9272f11493a1cd","isMergeCommit":false,"messageTitle":"Revert \"docs: update developer guide\"","messageBody":"This reverts commit 8a0ffb3b128f62fb66a1ee2d288ffda66bee0388.\n","fileTypesAndContributionMap":{"docs":{"insertions":0,"deletions":20}}},{"hash":"6d0b2cec29f01c6fdf33a5131740ef6940ebd33a","isMergeCommit":false,"messageTitle":"docs: update DG for add meetings","messageBody":"","fileTypesAndContributionMap":{"docs":{"insertions":19,"deletions":0}}},{"hash":"2fdbf249d94bdf4a561715addda7b663935ba11c","isMergeCommit":false,"messageTitle":"Revert \"docs: update DG for add meetings\"","messageBody":"This reverts commit 6d0b2cec29f01c6fdf33a5131740ef6940ebd33a.\n","fileTypesAndContributionMap":{"docs":{"insertions":0,"deletions":19}}},{"hash":"6c8d66502978e47cb4d7b1408348cd4516cbf25e","isMergeCommit":false,"messageTitle":"docs: update DG for add meetings","messageBody":"","fileTypesAndContributionMap":{"docs":{"insertions":19,"deletions":0}}},{"hash":"31ea561fb5a37ac940083b829446948c0775ac78","isMergeCommit":false,"messageTitle":"docs: update user guide for add meeting","messageBody":"","fileTypesAndContributionMap":{"docs":{"insertions":20,"deletions":0}}}]},{"date":"2025-03-27T00:00:00","commitResults":[{"hash":"125421a36af84077625db45a8088cd0a03c487b1","isMergeCommit":false,"messageTitle":"Update docs/DeveloperGuide.md","messageBody":"Co-authored-by: Zephaniah Ong \u003c33389011+zephaniahong@users.noreply.github.com\u003e","fileTypesAndContributionMap":{"docs":{"insertions":1,"deletions":1}}},{"hash":"16e775c019212c3248522475576dae3bd9450a78","isMergeCommit":true,"messageTitle":"Merge pull request #105 from JuhromeAlexander/Update-Docs-Find-Command","messageBody":"Update UG for enhanced find functionality","fileTypesAndContributionMap":{}},{"hash":"eb0f6403ccf5d876fd5e32ab4b642bbac39f87c5","isMergeCommit":true,"messageTitle":"Merge pull request #106 from JuhromeAlexander/Update-Docs-Sort-Command","messageBody":"Update UG for new Sort Command","fileTypesAndContributionMap":{}}]},{"date":"2025-03-28T00:00:00","commitResults":[{"hash":"0db2c323fa99ce2486fb3676ccc7fd65089f774d","isMergeCommit":false,"messageTitle":"docs: update model class diagram","messageBody":"","fileTypesAndContributionMap":{"docs":{"insertions":18,"deletions":0}}},{"hash":"e99fc68e5e2db9a553a771b23d28ae6d4f4788d6","isMergeCommit":true,"messageTitle":"Merge branch \u0027master\u0027 into puml","messageBody":"","fileTypesAndContributionMap":{}},{"hash":"a38457c221b3e2166a786e677f010ce6c12e768d","isMergeCommit":true,"messageTitle":"Merge pull request #110 from zephaniahong/uml-diagram","messageBody":"Modify model class diagram","fileTypesAndContributionMap":{}}]},{"date":"2025-03-29T00:00:00","commitResults":[{"hash":"5de39912bd43a71e24d19bcdcf60b96fc948b52e","isMergeCommit":true,"messageTitle":"Merge pull request #112 from JuhromeAlexander/Update-UML","messageBody":"Update UML diagrams","fileTypesAndContributionMap":{}}]},{"date":"2025-04-02T00:00:00","commitResults":[{"hash":"512e81faa791f0a024f7e7bc81a032d753db5cab","isMergeCommit":true,"messageTitle":"Merge pull request #126 from JuhromeAlexander/Enable-Assertions","messageBody":"Enable Support of Java Assertions","fileTypesAndContributionMap":{}},{"hash":"a21bf92d55c8a6727441eb3113b0fc9e0511505e","isMergeCommit":true,"messageTitle":"Merge pull request #142 from zephaniahong/edit-meeting","messageBody":"Implement edit meeting feature","fileTypesAndContributionMap":{}},{"hash":"70b69af50a588eb070491f49ba052d7b99c79397","isMergeCommit":false,"messageTitle":"feature: delete meeting","messageBody":"","fileTypesAndContributionMap":{"functional-code":{"insertions":102,"deletions":0}}},{"hash":"e3938a60328a1f81d8040e5ae87fd0c77d67ed80","isMergeCommit":false,"messageTitle":"fix: checkstyle","messageBody":"","fileTypesAndContributionMap":{"functional-code":{"insertions":1,"deletions":1},"docs":{"insertions":11,"deletions":11}}}]},{"date":"2025-04-03T00:00:00","commitResults":[{"hash":"06bc74183276bdcbd261b6331c725e3923b93cee","isMergeCommit":true,"messageTitle":"Merge pull request #146 from JuhromeAlexander/Fix-Help-Command-Functionality","messageBody":"Fix help command not displaying UG","fileTypesAndContributionMap":{}},{"hash":"ba2c65d517edd26ae53631b76c3aab4ec313ad3a","isMergeCommit":true,"messageTitle":"Merge pull request #145 from JuhromeAlexander/Fix-Find-Command-Error-Message","messageBody":"Fix error message displayed for find command","fileTypesAndContributionMap":{}},{"hash":"dcfadef13ff482f9c68a397f33fe023fe2c3f105","isMergeCommit":false,"messageTitle":"docs: update DG and UG","messageBody":"","fileTypesAndContributionMap":{"docs":{"insertions":118,"deletions":94}}},{"hash":"4ec7d96197060c40ddb8ceb4ad100c296b23cfe3","isMergeCommit":false,"messageTitle":"bug: fix addmeeting error message","messageBody":"","fileTypesAndContributionMap":{"functional-code":{"insertions":4,"deletions":4}}},{"hash":"eb5cb27df9e3e71ed0fb9d468f2b90e5cb6abf91","isMergeCommit":false,"messageTitle":"fix syntax","messageBody":"","fileTypesAndContributionMap":{"functional-code":{"insertions":2,"deletions":2}}},{"hash":"9c6edb27aeb131b8595a2013de24fe3c7bfc30e9","isMergeCommit":false,"messageTitle":"bug: correct addmeeting empty person field error message","messageBody":"","fileTypesAndContributionMap":{"functional-code":{"insertions":5,"deletions":1}}},{"hash":"9a4fce9cbb50a630322be69af676ed2e37fb4b2a","isMergeCommit":false,"messageTitle":"fix add meeting empty contact error message","messageBody":"","fileTypesAndContributionMap":{"functional-code":{"insertions":3,"deletions":3}}},{"hash":"2f4e1808ed2197ad097fbf249745ef90d596a417","isMergeCommit":true,"messageTitle":"Merge branch \u0027master\u0027 into addmeeting-bugs","messageBody":"","fileTypesAndContributionMap":{}},{"hash":"0fa974987308af1b7f98be440e36264a03f4204d","isMergeCommit":false,"messageTitle":"fix spelling error","messageBody":"","fileTypesAndContributionMap":{"functional-code":{"insertions":1,"deletions":1}}},{"hash":"daca15352487575abebb754f43c82707e0caa4d2","isMergeCommit":false,"messageTitle":"update string statements","messageBody":"","fileTypesAndContributionMap":{"functional-code":{"insertions":2,"deletions":2}}},{"hash":"b486b01184caed13a28c39a06098d43b01e3b8bf","isMergeCommit":false,"messageTitle":"fix add meeting error message for empty field","messageBody":"","fileTypesAndContributionMap":{"functional-code":{"insertions":2,"deletions":1}}}]},{"date":"2025-04-07T00:00:00","commitResults":[{"hash":"2159c731a9da0a3026c8f0b4900fc6693d837803","isMergeCommit":true,"messageTitle":"Merge pull request #237 from JuhromeAlexander/Fix-Importance-Display-Error","messageBody":"Fix importance display error","fileTypesAndContributionMap":{}},{"hash":"d5699dd73d0f286596199a668293128d85fe1d45","isMergeCommit":true,"messageTitle":"Merge pull request #238 from JuhromeAlexander/Fix-Sort-Error-Message-Display","messageBody":"Fix error message that stated wrong sort parameters","fileTypesAndContributionMap":{}},{"hash":"6e3a3a6f13dbe0046eea576af4cf80ae623dfded","isMergeCommit":false,"messageTitle":"bug: fix addmeeting command examples","messageBody":"","fileTypesAndContributionMap":{"docs":{"insertions":2,"deletions":2}}},{"hash":"8d91aff36140fe5d00d939cc4ba7b5f9615ab1ab","isMergeCommit":false,"messageTitle":"bug: update addmeeting command to be more specific","messageBody":"","fileTypesAndContributionMap":{"functional-code":{"insertions":1,"deletions":1}}},{"hash":"a3c0c153472615f371ac44a50fcf129544ab8c1e","isMergeCommit":false,"messageTitle":"style: fix checkstyle error","messageBody":"","fileTypesAndContributionMap":{"functional-code":{"insertions":2,"deletions":1}}},{"hash":"e2c3b39bf1e3cdb5d51b8ffe82047ec8a00b0cd1","isMergeCommit":true,"messageTitle":"Merge pull request #240 from JuhromeAlexander/Fix-UG-Command-Summary","messageBody":"Update UG and DG with fixed command implementations","fileTypesAndContributionMap":{}},{"hash":"dbb47d4e8b3690396a5b166b4dc22eb4e4ebc94b","isMergeCommit":false,"messageTitle":"bug: fix meeting creation with same person at same time","messageBody":"","fileTypesAndContributionMap":{"functional-code":{"insertions":27,"deletions":16},"test-code":{"insertions":1,"deletions":1}}},{"hash":"56c8db053344e612a69098324a1d74d9f14f4871","isMergeCommit":true,"messageTitle":"Merge branch \u0027master\u0027 into addmeeting-bugs","messageBody":"","fileTypesAndContributionMap":{}},{"hash":"6bebdd7af0366d848196b95985933f9ff739ca9b","isMergeCommit":false,"messageTitle":"style: fix check style errors","messageBody":"","fileTypesAndContributionMap":{"functional-code":{"insertions":4,"deletions":3}}},{"hash":"e5cccde367494acb4aefc516a801bec11119ae4f","isMergeCommit":false,"messageTitle":"test: fix test fails","messageBody":"","fileTypesAndContributionMap":{"test-code":{"insertions":1,"deletions":1}}},{"hash":"53808bb12653c0477142e764d822af4476a5fe86","isMergeCommit":false,"messageTitle":"bug: reduce help window default size","messageBody":"","fileTypesAndContributionMap":{"functional-code":{"insertions":1,"deletions":1}}},{"hash":"a13ccd60df7c15c785be34eef67106aee6eb5e5e","isMergeCommit":false,"messageTitle":"bug: help window cannot render special characters","messageBody":"","fileTypesAndContributionMap":{"functional-code":{"insertions":1,"deletions":1}}},{"hash":"aaab444a4ed37745d8a7c2d32eb7345488e17b01","isMergeCommit":false,"messageTitle":"bug: update error message for delete and edit","messageBody":"","fileTypesAndContributionMap":{"functional-code":{"insertions":55,"deletions":7},"test-code":{"insertions":8,"deletions":6}}},{"hash":"32f2c8ffc6e69cef420673bd4ee7aa0ad49503cc","isMergeCommit":true,"messageTitle":"Merge branch \u0027master\u0027 into delete-meeting","messageBody":"","fileTypesAndContributionMap":{}}]}]},"authorFileTypeContributionMap":{"matthanfoo":{"docs":103,"functional-code":467,"test-code":234},"JuhromeAlexander":{"docs":126,"functional-code":500,"test-code":192,"other":6},"zephaniahong":{"docs":74,"functional-code":666,"test-code":88,"other":3},"gn07":{"docs":139,"functional-code":986,"test-code":163,"other":3}},"authorContributionVariance":{"matthanfoo":753151.1,"JuhromeAlexander":632851.94,"zephaniahong":7251.2163,"gn07":25801.771},"authorDisplayNameMap":{"matthanfoo":"CS2103-W11-2 MATT..IANG","JuhromeAlexander":"CS2103-W11-2 MUHA..INYI","zephaniahong":"CS2103-W11-2 ONG ..NIAH","gn07":"CS2103-W11-2 GRAC..E NG"}}
