{"authorDailyContributionsMap":{"coffeemocha":[{"date":"2025-02-21T00:00:00","commitResults":[{"hash":"ffaee86def0e33f7ad7190721617cc05468bac24","isMergeCommit":false,"messageTitle":"Update UserGuide.md","messageBody":"","fileTypesAndContributionMap":{"docs":{"insertions":2,"deletions":2}}},{"hash":"e37dd5581e423a4b76a56de179be8c245dd5d2f3","isMergeCommit":true,"messageTitle":"Merge pull request #1 from coffeemocha/master","messageBody":"Update UserGuide.md","fileTypesAndContributionMap":{}}]},{"date":"2025-03-06T00:00:00","commitResults":[{"hash":"447e198ef83f226ef11cb852d18655b158c651b3","isMergeCommit":true,"messageTitle":"Merge pull request #17 from nja99/add-photo","messageBody":"Add Jian An\u0027s Photo","fileTypesAndContributionMap":{}},{"hash":"67cf43a7cbdcfee908fcd77143482cd6774f74e3","isMergeCommit":false,"messageTitle":"Update aboutus","messageBody":"","fileTypesAndContributionMap":{"docs":{"insertions":2,"deletions":2}}},{"hash":"c30c468f33cd30e7663fa4cfd564a35060882957","isMergeCommit":true,"messageTitle":"Merge pull request #27 from jniaorx/update-aboutus","messageBody":"Update Janelle\u0027s AboutUs Page","fileTypesAndContributionMap":{}}]},{"date":"2025-03-10T00:00:00","commitResults":[{"hash":"cac9c46467e5948d4e45c1164facc1f2e0c2eb57","isMergeCommit":false,"messageTitle":"Update README","messageBody":"","fileTypesAndContributionMap":{"docs":{"insertions":9,"deletions":11}}}]},{"date":"2025-03-14T00:00:00","commitResults":[{"hash":"8de19f4d0f4bf2b0f667812461f751ad8977fbb7","isMergeCommit":false,"messageTitle":"Update ReadMe for more clarity","messageBody":"","fileTypesAndContributionMap":{"docs":{"insertions":1,"deletions":1}}},{"hash":"9cd96ab94baa941e99915c06b6e93c63f4197e40","isMergeCommit":true,"messageTitle":"Merge pull request #52 from coffeemocha/Update-ReadMe","messageBody":"Update ReadMe for more clarity","fileTypesAndContributionMap":{}},{"hash":"cdf6c5c9b47a58dc832d1582e8e46e455970a3e4","isMergeCommit":false,"messageTitle":"Update ReadMe again for more clarity","messageBody":"","fileTypesAndContributionMap":{"docs":{"insertions":1,"deletions":1}}},{"hash":"9bd1aa5fbb2a29339d071ec581b8cd0dea74fef2","isMergeCommit":false,"messageTitle":"Update ReadMe again for clarity","messageBody":"","fileTypesAndContributionMap":{"docs":{"insertions":1,"deletions":1}}}]},{"date":"2025-03-18T00:00:00","commitResults":[{"hash":"951448692d8cc374bf84eb295b8c05ef6065c988","isMergeCommit":true,"messageTitle":"Merge pull request #58 from Siyan-G/branch-Add-Patient-Command","messageBody":"Add patient and staff command","fileTypesAndContributionMap":{}}]},{"date":"2025-03-19T00:00:00","commitResults":[{"hash":"927db37cf160ca6415800a8f3dcd19f119466eec","isMergeCommit":false,"messageTitle":"Modify storage and load","messageBody":"","fileTypesAndContributionMap":{"functional-code":{"insertions":16,"deletions":10}}}]},{"date":"2025-03-20T00:00:00","commitResults":[{"hash":"85ba15d8b4d53c0461190759fd0ca46578c2d662","isMergeCommit":false,"messageTitle":"Update Userguide","messageBody":"","fileTypesAndContributionMap":{"docs":{"insertions":40,"deletions":2}}}]},{"date":"2025-03-24T00:00:00","commitResults":[{"hash":"860f06e26fd76cc46e17ebad40565f87c7c21d9d","isMergeCommit":true,"messageTitle":"Merge pull request #85 from yuqing-tham/update-user-guide","messageBody":"Update Quick Start in UserGuide","fileTypesAndContributionMap":{}},{"hash":"6c264fed45a10fae84a06493b1867de0e94e7c68","isMergeCommit":true,"messageTitle":"Merge pull request #86 from yuqing-tham/find-by-staff-role-feature","messageBody":"Find by staff role feature","fileTypesAndContributionMap":{}},{"hash":"c1f7bf39d459134b75843d581a4e4d6dadb3ce93","isMergeCommit":true,"messageTitle":"Merge branch \u0027master\u0027 into find-by-patient-dept-feature","messageBody":"","fileTypesAndContributionMap":{}},{"hash":"2fea2534507e617375900dff3567ddec811a2ffb","isMergeCommit":true,"messageTitle":"Merge pull request #87 from yuqing-tham/find-by-patient-dept-feature","messageBody":"Add support for findpatient command","fileTypesAndContributionMap":{}}]},{"date":"2025-03-25T00:00:00","commitResults":[{"hash":"aef3c087d606ddabf9ad5f146b71b39a3c4e6f0c","isMergeCommit":false,"messageTitle":"Add remark command","messageBody":"","fileTypesAndContributionMap":{"functional-code":{"insertions":238,"deletions":19},"test-code":{"insertions":38,"deletions":14}}}]},{"date":"2025-03-26T00:00:00","commitResults":[{"hash":"e3d748f153acf0547bd4a48432d088c7db39be35","isMergeCommit":false,"messageTitle":"Add storage fields for patient and staff","messageBody":"","fileTypesAndContributionMap":{"functional-code":{"insertions":58,"deletions":0},"test-code":{"insertions":23,"deletions":10}}}]},{"date":"2025-03-27T00:00:00","commitResults":[{"hash":"863c8b74619c1bc2b3878cfcf4e5fed4f8d7bceb","isMergeCommit":true,"messageTitle":"Merge branch \u0027master\u0027 into add-remark-command","messageBody":"","fileTypesAndContributionMap":{}},{"hash":"a2eb191f38d77a208ecc29a989af5ef843d3cc47","isMergeCommit":false,"messageTitle":"Fix build error after merge for remark","messageBody":"","fileTypesAndContributionMap":{"functional-code":{"insertions":5,"deletions":7},"test-code":{"insertions":2,"deletions":2}}},{"hash":"5d3fd94bba08e17e927aa71bf7a2b0415d0faf84","isMergeCommit":false,"messageTitle":"Add patient-storage with conflicts resolved","messageBody":"","fileTypesAndContributionMap":{"functional-code":{"insertions":3,"deletions":2},"test-code":{"insertions":2,"deletions":2}}},{"hash":"3949f81070fba59a3187309e0db73e41ff0b2bbf","isMergeCommit":false,"messageTitle":"Add patient fields again but checkfx not working","messageBody":"","fileTypesAndContributionMap":{"functional-code":{"insertions":1,"deletions":2},"test-code":{"insertions":1,"deletions":2}}}]},{"date":"2025-03-28T00:00:00","commitResults":[{"hash":"53999715dba2a931bbb8cd24ae5c34b77d0e19ab","isMergeCommit":false,"messageTitle":"Update UML Diagram color","messageBody":"","fileTypesAndContributionMap":{"docs":{"insertions":1,"deletions":1}}},{"hash":"963e1a1b73656ed52d36c835958a5ba036a49b16","isMergeCommit":false,"messageTitle":"Update UML color","messageBody":"","fileTypesAndContributionMap":{"docs":{"insertions":5,"deletions":5}}}]},{"date":"2025-04-03T00:00:00","commitResults":[{"hash":"8e6fe9b278790b7539279138ffd4edb10c46693b","isMergeCommit":true,"messageTitle":"Merge pull request #162 from yuqing-tham/update-UG","messageBody":"Update User Guide Intro and find commands","fileTypesAndContributionMap":{}},{"hash":"0af836783951e1086d5d07139543806b07570d8a","isMergeCommit":false,"messageTitle":"Update UserGuide to add remark and tt, remove tag, edit guardian","messageBody":"","fileTypesAndContributionMap":{"docs":{"insertions":41,"deletions":36}}},{"hash":"c943a1b645f3504f8b8a780388dcc6a9dd9f789f","isMergeCommit":true,"messageTitle":"Merge pull request #164 from nja99/feature-toggle-theme-command","messageBody":"Add CLI Command to toggle between Dark and Light Mode","fileTypesAndContributionMap":{}}]},{"date":"2025-04-04T00:00:00","commitResults":[{"hash":"de67d386b2e9b69cb607c228d1b1c90af02a985b","isMergeCommit":false,"messageTitle":"Update content-panel files","messageBody":"","fileTypesAndContributionMap":{"functional-code":{"insertions":131,"deletions":26}}}]},{"date":"2025-04-07T00:00:00","commitResults":[{"hash":"309ae117e0f9ae5102f757d0a0422235208afd35","isMergeCommit":false,"messageTitle":"Update sample test data","messageBody":"","fileTypesAndContributionMap":{"functional-code":{"insertions":27,"deletions":39}}},{"hash":"6525a01f18c494633a8cb47e43a519934f6b4913","isMergeCommit":false,"messageTitle":"Update Userguide glossary section","messageBody":"","fileTypesAndContributionMap":{"docs":{"insertions":20,"deletions":0}}},{"hash":"ec87e1f472001ee61ce3bcbe1d36e63a9ae2e072","isMergeCommit":false,"messageTitle":"Update effort section of DG","messageBody":"","fileTypesAndContributionMap":{"docs":{"insertions":25,"deletions":0}}}]}],"jniaorx":[{"date":"2025-03-06T00:00:00","commitResults":[{"hash":"5ad74cc3d8da217d35b9992408a01b490163cc14","isMergeCommit":false,"messageTitle":"Update AboutUs.md","messageBody":"","fileTypesAndContributionMap":{"docs":{"insertions":4,"deletions":4}}},{"hash":"da5caa15e49171da627e89e99e9f7ab63ea656d3","isMergeCommit":true,"messageTitle":"Merge pull request #26 from coffeemocha/about-us","messageBody":"Update Zhen Hao AboutUs","fileTypesAndContributionMap":{}}]},{"date":"2025-03-07T00:00:00","commitResults":[{"hash":"ac8409e49594715c74ca91f62647f2435890985b","isMergeCommit":true,"messageTitle":"Merge pull request #37 from Siyan-G/branch-DG","messageBody":"Update Developer\u0027s Guide","fileTypesAndContributionMap":{}},{"hash":"14e9a5a7517065697929f1cea0da93494d5e15a7","isMergeCommit":true,"messageTitle":"Merge pull request #39 from nja99/update-site-settings","messageBody":"Update _config.yml, _base.scss to reflect Project Title","fileTypesAndContributionMap":{}},{"hash":"4761c5622f32197f6470cbfd357da97110967691","isMergeCommit":true,"messageTitle":"Merge pull request #40 from yuqing-tham/update-developer-guide","messageBody":"Update DG","fileTypesAndContributionMap":{}}]},{"date":"2025-03-10T00:00:00","commitResults":[{"hash":"818885187206d33f3c71da950d807d2edad1645a","isMergeCommit":true,"messageTitle":"Merge pull request #41 from coffeemocha/Update-ReadMe","messageBody":"Update README","fileTypesAndContributionMap":{}}]},{"date":"2025-03-13T00:00:00","commitResults":[{"hash":"c81bea76d0897a6fba504cf0583555a328da0e37","isMergeCommit":true,"messageTitle":"Merge pull request #48 from nja99/feature-add-patient-role","messageBody":"Add Patient class to represent patients in the address book","fileTypesAndContributionMap":{}},{"hash":"4214700302dc96667f8e96d4643f159e4f4bc787","isMergeCommit":false,"messageTitle":"Add list patients command","messageBody":"","fileTypesAndContributionMap":{"functional-code":{"insertions":26,"deletions":0}}},{"hash":"fc71b4e3a7efb6ec6ff58f08ec0ae180214085d2","isMergeCommit":true,"messageTitle":"Merge branch \u0027master\u0027 into add-listpatients-method","messageBody":"","fileTypesAndContributionMap":{}}]},{"date":"2025-03-14T00:00:00","commitResults":[{"hash":"ab36463437591d48c1a3267f45fdd7e454f17ddc","isMergeCommit":false,"messageTitle":"Fix bug","messageBody":"","fileTypesAndContributionMap":{"functional-code":{"insertions":1,"deletions":0}}},{"hash":"3cc35f47c20deb646ef0f91fc6204600badf9e6c","isMergeCommit":false,"messageTitle":"Add Javadoc comments","messageBody":"","fileTypesAndContributionMap":{"functional-code":{"insertions":10,"deletions":2}}},{"hash":"92a0335b292c51f9b616fb015b7c61374ef9c2c2","isMergeCommit":true,"messageTitle":"Merge pull request #47 from Siyan-G/branch-add-command-fix","messageBody":"Fix Add Command to enable role field","fileTypesAndContributionMap":{}},{"hash":"4b80e1ea8f2830e0984bcffd77e0d93af4b24333","isMergeCommit":false,"messageTitle":"Edit listpatients command","messageBody":"","fileTypesAndContributionMap":{"functional-code":{"insertions":1,"deletions":1}}}]},{"date":"2025-03-19T00:00:00","commitResults":[{"hash":"5464a82048a17d11fe0a4d9380a08b1910df5dfd","isMergeCommit":false,"messageTitle":"Add ListDoctors command","messageBody":"","fileTypesAndContributionMap":{"functional-code":{"insertions":36,"deletions":0}}},{"hash":"857231c8eda06b2d577c9ece6b925184b0993d7d","isMergeCommit":true,"messageTitle":"Merge pull request #61 from yuqing-tham/fix-person-class","messageBody":"Fix Person class","fileTypesAndContributionMap":{}},{"hash":"3f0ba9e7a4a523dcdd570e1e379688f6c578f06e","isMergeCommit":false,"messageTitle":"Refractor ListDoctors command to ListStaff command","messageBody":"","fileTypesAndContributionMap":{"functional-code":{"insertions":5,"deletions":5},"other":{"insertions":4,"deletions":4}}},{"hash":"66b9bc18f83099db7670d785dc206e2c16d1f7d7","isMergeCommit":false,"messageTitle":"Delete unnecessary packages","messageBody":"","fileTypesAndContributionMap":{"functional-code":{"insertions":2,"deletions":3}}},{"hash":"96f38d9ea4189b787dfb96fedafda7f08895c53c","isMergeCommit":true,"messageTitle":"Merge pull request #70 from coffeemocha/upgrade-store-and-load","messageBody":"Modify storage and load","fileTypesAndContributionMap":{}},{"hash":"2e5da892ff35aa7a8b615fb6507c68f58559c269","isMergeCommit":false,"messageTitle":"Edit list commands","messageBody":"","fileTypesAndContributionMap":{"functional-code":{"insertions":7,"deletions":8}}},{"hash":"aee392d597d621762789818215445e2fb69a54eb","isMergeCommit":false,"messageTitle":"Add tests for ListPatients and ListStaff commands","messageBody":"","fileTypesAndContributionMap":{"test-code":{"insertions":155,"deletions":0}}}]},{"date":"2025-03-23T00:00:00","commitResults":[{"hash":"f52786ba0443a775b1dc1d29f72196684e12549d","isMergeCommit":false,"messageTitle":"Edit add commands to accept optional parameters","messageBody":"","fileTypesAndContributionMap":{"functional-code":{"insertions":39,"deletions":27}}},{"hash":"dea8c2fe5cae6cd1cbaca8026e1152eac20b3529","isMergeCommit":false,"messageTitle":"Modify edit command to enable more attributes to be edited","messageBody":"","fileTypesAndContributionMap":{"functional-code":{"insertions":71,"deletions":9}}}]},{"date":"2025-03-24T00:00:00","commitResults":[{"hash":"1f3492617533f47322671e7baf0b66ab1f138b4a","isMergeCommit":true,"messageTitle":"Merge branch \u0027master\u0027 of github.com:jniaorx/tp into edit-optional-params","messageBody":"","fileTypesAndContributionMap":{}},{"hash":"72844d169a56b5310f0e7e9c4905c4a85179a35a","isMergeCommit":false,"messageTitle":"Add coverage test for add commands","messageBody":"","fileTypesAndContributionMap":{"functional-code":{"insertions":21,"deletions":24},"test-code":{"insertions":130,"deletions":0}}},{"hash":"97d13c0b07e7e7de10f84bfbef792440954c5229","isMergeCommit":true,"messageTitle":"Merge branch \u0027master\u0027 of github.com:jniaorx/tp into modify-edit-command","messageBody":"","fileTypesAndContributionMap":{}},{"hash":"1141930e76baac8e4d7708adbd18824af44a68ee","isMergeCommit":false,"messageTitle":"Add more test coverages for Edit command","messageBody":"","fileTypesAndContributionMap":{"functional-code":{"insertions":14,"deletions":14},"test-code":{"insertions":78,"deletions":0}}},{"hash":"9884b8fed97c9042b98395485de30099c3824fc0","isMergeCommit":false,"messageTitle":"Edit codestyles","messageBody":"","fileTypesAndContributionMap":{"functional-code":{"insertions":14,"deletions":10},"test-code":{"insertions":17,"deletions":18}}}]},{"date":"2025-03-25T00:00:00","commitResults":[{"hash":"7a04a81966f6df9f10346cad7ac26d9b51ec4468","isMergeCommit":false,"messageTitle":"Modify failing testcases","messageBody":"","fileTypesAndContributionMap":{"test-code":{"insertions":15,"deletions":2}}},{"hash":"2fc5182b7ba2ed5e9b2852fde9492848a16a087b","isMergeCommit":false,"messageTitle":"Edit parameters of Add commands to be optional","messageBody":"","fileTypesAndContributionMap":{"functional-code":{"insertions":29,"deletions":27},"test-code":{"insertions":2,"deletions":17}}}]},{"date":"2025-03-26T00:00:00","commitResults":[{"hash":"2c3c0e4b666e2f96ed261d78e04572c1599ec3a6","isMergeCommit":true,"messageTitle":"Merge pull request #100 from yuqing-tham/fix-user-guide","messageBody":"Fix findstaff and findpatient documentation in User Guide","fileTypesAndContributionMap":{}},{"hash":"4c6a5d6da4ebaed5a16890fb047d5a5a1fd0fe76","isMergeCommit":true,"messageTitle":"Merge pull request #94 from Siyan-G/branch-UG","messageBody":"Edit UserGuide addpatient command param prefix","fileTypesAndContributionMap":{}},{"hash":"b8dae53c4c5c32beaf433db44e9bd74eb66d25fc","isMergeCommit":false,"messageTitle":"Update user guide for Edit and Add commands","messageBody":"","fileTypesAndContributionMap":{"docs":{"insertions":7,"deletions":6}}}]},{"date":"2025-03-27T00:00:00","commitResults":[{"hash":"76ed122874ace8bb5cad32c69e91441e282f7a30","isMergeCommit":true,"messageTitle":"Resolve conflicts","messageBody":"","fileTypesAndContributionMap":{}},{"hash":"4550eee076585661abd9a4f81770e5393b0f182b","isMergeCommit":false,"messageTitle":"Delete unused import","messageBody":"","fileTypesAndContributionMap":{"functional-code":{"insertions":0,"deletions":2}}}]},{"date":"2025-03-28T00:00:00","commitResults":[{"hash":"cd5297e21f585c9184856e579b1ab94e49c11d8f","isMergeCommit":true,"messageTitle":"Merge pull request #113 from yuqing-tham/update-uml-diagram","messageBody":"Update logic and model class diagrams","fileTypesAndContributionMap":{}},{"hash":"eba6f6858aa0c6169ef9637d6779da01ff27ac02","isMergeCommit":false,"messageTitle":"Update UML Diagram","messageBody":"","fileTypesAndContributionMap":{"docs":{"insertions":5,"deletions":3}}}]},{"date":"2025-03-31T00:00:00","commitResults":[{"hash":"f2c70ebf05cb3fcec6be3e92437f536b3e3bec96","isMergeCommit":false,"messageTitle":"Update help command to be more detailed","messageBody":"","fileTypesAndContributionMap":{"functional-code":{"insertions":129,"deletions":27},"test-code":{"insertions":3,"deletions":1}}},{"hash":"7f20c31c41172bf2e61b7cecc62a4578fd7c420e","isMergeCommit":false,"messageTitle":"Modfiy coding styles","messageBody":"","fileTypesAndContributionMap":{"functional-code":{"insertions":16,"deletions":23},"test-code":{"insertions":1,"deletions":3}}}]},{"date":"2025-04-01T00:00:00","commitResults":[{"hash":"23c968bf7a53c1fe36ca3fd5219d6e7dd2a44f6c","isMergeCommit":false,"messageTitle":"Fix parser bug","messageBody":"","fileTypesAndContributionMap":{"functional-code":{"insertions":1,"deletions":2}}},{"hash":"8976cfa459ed9b23f06f6318712ca666aaa3410f","isMergeCommit":false,"messageTitle":"Delete trailing whitespace","messageBody":"","fileTypesAndContributionMap":{"functional-code":{"insertions":0,"deletions":1}}},{"hash":"e45af1b9c8b9e0eee75f64f52fec1bb8e5225eb1","isMergeCommit":false,"messageTitle":"Remove unused code","messageBody":"","fileTypesAndContributionMap":{"functional-code":{"insertions":0,"deletions":3}}}]},{"date":"2025-04-02T00:00:00","commitResults":[{"hash":"740d487d4307e62fa4872e80024ef54a81f0789c","isMergeCommit":false,"messageTitle":"Update help command","messageBody":"","fileTypesAndContributionMap":{"functional-code":{"insertions":50,"deletions":49}}},{"hash":"ea1380811f1e7968bd9c02e9fcc1fd7470b528c8","isMergeCommit":false,"messageTitle":"Remove trailing white space","messageBody":"","fileTypesAndContributionMap":{"functional-code":{"insertions":0,"deletions":4}}},{"hash":"b1ec76e99d5dcdf218395be30970078ea2964868","isMergeCommit":false,"messageTitle":"Update edit command","messageBody":"","fileTypesAndContributionMap":{"functional-code":{"insertions":63,"deletions":4}}},{"hash":"f983acb873bd70f9f52c89e35fcea6b6764c0c89","isMergeCommit":false,"messageTitle":"Modify coding style","messageBody":"","fileTypesAndContributionMap":{"functional-code":{"insertions":5,"deletions":1}}},{"hash":"9f77f7eb2c63c72fe2c95d3ca55444530c3f4c82","isMergeCommit":false,"messageTitle":"Update user guide for EditCommand","messageBody":"","fileTypesAndContributionMap":{"docs":{"insertions":1,"deletions":1}}},{"hash":"805009ea9e19eaf1aa6ef794e678b6cf53f69409","isMergeCommit":false,"messageTitle":"Modify tests","messageBody":"","fileTypesAndContributionMap":{"functional-code":{"insertions":1,"deletions":1},"test-code":{"insertions":2,"deletions":1}}}]},{"date":"2025-04-03T00:00:00","commitResults":[{"hash":"bbcda15e76a28c09fb46db94db7e02b89de77012","isMergeCommit":false,"messageTitle":"Update messages shown when editing a contact","messageBody":"","fileTypesAndContributionMap":{"functional-code":{"insertions":18,"deletions":11}}},{"hash":"d9a98cadad3dcc2c308d6237ce26a8ea9d0f9cc0","isMergeCommit":false,"messageTitle":"Update help window to provide more details","messageBody":"","fileTypesAndContributionMap":{"functional-code":{"insertions":28,"deletions":3}}},{"hash":"c14e1f05149ed5f5e2f7f118feed007cbc897860","isMergeCommit":false,"messageTitle":"Update formatting","messageBody":"","fileTypesAndContributionMap":{"functional-code":{"insertions":9,"deletions":25}}},{"hash":"156a3632c26dc4ac72340d978eba4a7deafd1d64","isMergeCommit":false,"messageTitle":"Update formatting","messageBody":"","fileTypesAndContributionMap":{"functional-code":{"insertions":0,"deletions":1}}},{"hash":"b778a1d037ed204c28f2c3767ddd1126b279ae27","isMergeCommit":true,"messageTitle":"Merge pull request #168 from yuqing-tham/update-warnings-expected-outputs-UG","messageBody":"Update warnings and expected outputs for all commands in UG","fileTypesAndContributionMap":{}},{"hash":"1837ae8ee6f5754fac158a1849b0551f64e3e1ae","isMergeCommit":false,"messageTitle":"Add shortcuts into help window","messageBody":"","fileTypesAndContributionMap":{"functional-code":{"insertions":27,"deletions":25}}},{"hash":"7098858e09b779be8007575794ac0a8a0ecca43f","isMergeCommit":false,"messageTitle":"Change textflow to textarea","messageBody":"","fileTypesAndContributionMap":{"functional-code":{"insertions":60,"deletions":134},"docs":{"insertions":3,"deletions":3}}},{"hash":"0f0a721017a42ec7429135541e035b424158fee6","isMergeCommit":false,"messageTitle":"Enable editing of Nok name and Nok phone","messageBody":"","fileTypesAndContributionMap":{"functional-code":{"insertions":49,"deletions":9},"test-code":{"insertions":3,"deletions":2}}},{"hash":"e7ed6798ebfcd7f15b67b216398a86246892945c","isMergeCommit":true,"messageTitle":"Merge pull request #173 from Siyan-G/branch-update-DG","messageBody":"Update UG","fileTypesAndContributionMap":{}},{"hash":"cbde36a2f437d0087b6321af4280f53b171114dd","isMergeCommit":true,"messageTitle":"Merge pull request #155 from nja99/update-userinterface","messageBody":"Update User Interface w/ Content Panel","fileTypesAndContributionMap":{}}]},{"date":"2025-04-06T00:00:00","commitResults":[{"hash":"3ed2b842c3c4410b83ad158945893c7f6ab9a1ae","isMergeCommit":false,"messageTitle":"Make role field uneditable for patients","messageBody":"","fileTypesAndContributionMap":{"functional-code":{"insertions":25,"deletions":26}}},{"hash":"d6bd7a8fe6bcde4ee1778dafca4a8444f944db6b","isMergeCommit":false,"messageTitle":"Refine edit command such that NOK\u0027s phone cannot be the same as Patient\u0027s phone","messageBody":"","fileTypesAndContributionMap":{"functional-code":{"insertions":4,"deletions":0}}}]},{"date":"2025-04-07T00:00:00","commitResults":[{"hash":"2f3d8a7ea8835f493abccfce938bc7d8e505a1f7","isMergeCommit":false,"messageTitle":"Update UG and DG","messageBody":"","fileTypesAndContributionMap":{"docs":{"insertions":231,"deletions":29}}},{"hash":"ea2ed86e134008d61c028ca100472664d287373a","isMergeCommit":false,"messageTitle":"Change phone numbers in examples","messageBody":"","fileTypesAndContributionMap":{"functional-code":{"insertions":3,"deletions":3}}}]},{"date":"2025-04-08T00:00:00","commitResults":[{"hash":"0a93ed8b70baa8bd42b3daba1481115a5c10efa4","isMergeCommit":false,"messageTitle":"Correct typo in help window","messageBody":"","fileTypesAndContributionMap":{"functional-code":{"insertions":1,"deletions":1}}},{"hash":"d5ff2c24ca152709ff3e380f8554e8fa598f5f4d","isMergeCommit":false,"messageTitle":"Add an example","messageBody":"","fileTypesAndContributionMap":{"functional-code":{"insertions":1,"deletions":0}}},{"hash":"f7e9c773d46de74a6dc67995526c39b95ad2ce16","isMergeCommit":false,"messageTitle":"Correct phone number format in UG","messageBody":"","fileTypesAndContributionMap":{"docs":{"insertions":3,"deletions":3}}},{"hash":"8c33e5983c05c735f86d7fe358c81e0531efd7e5","isMergeCommit":false,"messageTitle":"Correct typo in UG","messageBody":"","fileTypesAndContributionMap":{"docs":{"insertions":1,"deletions":1}}},{"hash":"a380ab8d1bad38eb4d631b6cd4ed0ee8bb1b6333","isMergeCommit":true,"messageTitle":"Merge pull request #279 from Siyan-G/branch-final-doc-update","messageBody":"Formatting UG update","fileTypesAndContributionMap":{}},{"hash":"8999d21cd96b743bb9bd2e946cab11a9640498c1","isMergeCommit":true,"messageTitle":"Merge pull request #280 from Siyan-G/branch-final-final-updates","messageBody":"Final final updates","tags":["v1.6"],"fileTypesAndContributionMap":{}}]}],"nja99":[{"date":"2025-02-21T00:00:00","commitResults":[{"hash":"33f874b5efba96267286e9acd57d8e32d7b57f38","isMergeCommit":false,"messageTitle":"Add: Codecov Badge","messageBody":"","fileTypesAndContributionMap":{"docs":{"insertions":1,"deletions":1}}},{"hash":"79023a53a79fda2cc1815d5b8f4b8701d58a3156","isMergeCommit":true,"messageTitle":"Merge pull request #2 from nja99/master","messageBody":"Update: Codecov badge","fileTypesAndContributionMap":{}}]},{"date":"2025-03-06T00:00:00","commitResults":[{"hash":"209666b413d6364551a8ac62bdf5400c082a4ec0","isMergeCommit":true,"messageTitle":"Merge pull request #18 from coffeemocha/add-zhenhao-photo","messageBody":"Add Zhen Hao\u0027s photo","fileTypesAndContributionMap":{}},{"hash":"f6edd59bfc5092425bebe5c78737ffdfa3d95ba2","isMergeCommit":false,"messageTitle":"Update personal details in AboutUs.md","messageBody":"","fileTypesAndContributionMap":{"docs":{"insertions":3,"deletions":3}}},{"hash":"b80c719fd419fa2793dda4d09577bac4576031e8","isMergeCommit":true,"messageTitle":"Merge pull request #28 from Siyan-G/branch-UpdateAboutUs","messageBody":"Update Siyan\u0027s AboutUs Page","fileTypesAndContributionMap":{}},{"hash":"f4d3f2c3caada4deb6f871472d4c8e829dbf2392","isMergeCommit":false,"messageTitle":"Update AboutUs.md, Rename nja99.png.png to nja99.png","messageBody":"","fileTypesAndContributionMap":{"docs":{"insertions":1,"deletions":1}}}]},{"date":"2025-03-07T00:00:00","commitResults":[{"hash":"740445fb0b7bba672d401e0ce8913d11b70c2f4a","isMergeCommit":false,"messageTitle":"Update _config.yml, _base.scss to reflect Project Title","messageBody":"","fileTypesAndContributionMap":{"other":{"insertions":2,"deletions":2}}}]},{"date":"2025-03-13T00:00:00","commitResults":[{"hash":"c90b8d8be5f162e7b6fc0753b03b02a24396bff7","isMergeCommit":false,"messageTitle":"Add Department.java class to represent department names","messageBody":"- Implements validation for department names (alphanumeric and spaces).\n- Ensures immutability and proper equality/hashCode implementations.\n- Provides toString method for string representation.\n","fileTypesAndContributionMap":{"functional-code":{"insertions":65,"deletions":0}}},{"hash":"066114bc5d4aa21bd695850615e2b5c5c64d8e60","isMergeCommit":false,"messageTitle":"Add Patient.java class to represent a patient in the address book","messageBody":"- Defines fields for patient details such as name, phone, email, address, doctor in charge, and guardian.\n- Implements validation for required fields.\n- Ensures immutability and proper equality/hashCode implementations.\n- Provides toString method for string representation.\n- Supports comparison based on patient identity (same name) and full equality.\n","fileTypesAndContributionMap":{"functional-code":{"insertions":98,"deletions":0}}}]},{"date":"2025-03-19T00:00:00","commitResults":[{"hash":"b370d0380f9e6161f92dff92774d770f6e3d56b9","isMergeCommit":false,"messageTitle":"Update PersonCard to replace \"tags\" with \"role\"","messageBody":"","fileTypesAndContributionMap":{"functional-code":{"insertions":19,"deletions":5}}},{"hash":"7c7c39faee2c831b552039433dfe8ad76730dc1d","isMergeCommit":false,"messageTitle":"Update User Interface","messageBody":"Move CommandBox and ResultDisplay to bottom of GUI.\nEnable Wrap Text in ResultDisplay.\n","fileTypesAndContributionMap":{"functional-code":{"insertions":10,"deletions":14}}},{"hash":"f18a4282e0d1ff6551ebb3d128fd6fb96d67f03e","isMergeCommit":false,"messageTitle":"Add and Update App Title, App Icon","messageBody":"","fileTypesAndContributionMap":{"functional-code":{"insertions":3,"deletions":4}}},{"hash":"eb9339915341759e1851f1242171b671319dfd97","isMergeCommit":false,"messageTitle":"Update ResultDisplay Formatting","messageBody":"","fileTypesAndContributionMap":{"functional-code":{"insertions":5,"deletions":8}}},{"hash":"48cfff5b1a0df4ae435988a766a49450a6c8d72d","isMergeCommit":true,"messageTitle":"Merge pull request #66 from Siyan-G/branch-fix-tests","messageBody":"Fix testcases for successful build","fileTypesAndContributionMap":{}},{"hash":"c5f368e90435d1d1eb81b49d7eda7dc68738b874","isMergeCommit":false,"messageTitle":"Update Ui.png and index.md","messageBody":"","fileTypesAndContributionMap":{"docs":{"insertions":4,"deletions":4}}},{"hash":"a06a02d98780534d0d7c983fac6f5b569d7237c3","isMergeCommit":false,"messageTitle":"Update Documentation","messageBody":"","fileTypesAndContributionMap":{"docs":{"insertions":4,"deletions":4}}}]},{"date":"2025-03-20T00:00:00","commitResults":[{"hash":"bc1b2e7a68cc9dad10da0bb6b32ef26e29963367","isMergeCommit":true,"messageTitle":"Merge pull request #77 from Siyan-G/branch-fix-tests","messageBody":"Add test coverage for AddPatientCommand and AddStaffCommand","fileTypesAndContributionMap":{}},{"hash":"ce4ec3aaacf62ba380025e3a54b35ae53b513a7d","isMergeCommit":true,"messageTitle":"Merge branch \u0027master\u0027 into branch-release-v1.3","messageBody":"","fileTypesAndContributionMap":{}},{"hash":"37c3ed54dd84bfd6a3cb271c8bdda3af360aa27a","isMergeCommit":true,"messageTitle":"Merge pull request #80 from Siyan-G/branch-release-v1.3","messageBody":"Update Userguide and others for release","fileTypesAndContributionMap":{}},{"hash":"6912d9c73afde0a553422e2f6494b84e0c47aa75","isMergeCommit":true,"messageTitle":"Merge pull request #81 from Siyan-G/branch-fix-tests","messageBody":"Add test coverage","tags":["v1.3"],"fileTypesAndContributionMap":{}}]},{"date":"2025-03-25T00:00:00","commitResults":[{"hash":"d263997e13dbb54e9281b7fe0f1a8e3a303db568","isMergeCommit":false,"messageTitle":"Refactor CSS Structure: Separate Color and Layout Styles","messageBody":"- Moved all color-related styles to DarkTheme.css to centralize color configuration.\n- Moved all UI layout and sizing-related styles (e.g., padding, font sizes, borders) to Extensions.css for better separation of concerns.\n- Added LightTheme.css to provide an alternative color scheme for light-themed UI.\n- Ensured all UI elements follow the new structure for color and layout styling.\n","fileTypesAndContributionMap":{"functional-code":{"insertions":490,"deletions":115}}},{"hash":"082ad90013d49dee457b8dec4c530c236496754a","isMergeCommit":false,"messageTitle":"Add Dark/Light Theme Toggle with Persistent Storage","messageBody":"- Implemented UI toggle for switching between dark and light themes.\n- Stored user preference to retain selected theme on subsequent app launches.\n","fileTypesAndContributionMap":{"functional-code":{"insertions":69,"deletions":14}}},{"hash":"f9b09976423701dd8563e157399b04760d96be52","isMergeCommit":false,"messageTitle":"Fix: Resolve Issues in Test Files","messageBody":"- Fixed errors and updated test cases to ensure proper functionality.\n","fileTypesAndContributionMap":{"test-code":{"insertions":6,"deletions":6}}},{"hash":"cee0ede67dc4a1152d67447ef484a25041024480","isMergeCommit":false,"messageTitle":"Synchronize theme between MainWindow and HelpWindow","messageBody":"- Added a constructor in HelpWindow to accept and apply the initial theme state.\n- Modified MainWindow to pass the current theme state when creating the HelpWindow.\n- Ensured HelpWindow follows the theme on startup and updates whenever the theme is toggled in MainWindow.\n","fileTypesAndContributionMap":{"functional-code":{"insertions":46,"deletions":9},"other":{"insertions":0,"deletions":0}}},{"hash":"78fbd7519d95cd8f7486a4e53afd454adb38db14","isMergeCommit":false,"messageTitle":"Refactor stylesheets management and enhance logging","messageBody":"- Extracted stylesheet update logic into a dedicated updateStyleSheets() method.\n- Updated theme initialization and toggling to use the new method.\n- Added detailed logging for theme changes.\n","fileTypesAndContributionMap":{"functional-code":{"insertions":56,"deletions":30},"test-code":{"insertions":1,"deletions":1}}}]},{"date":"2025-03-26T00:00:00","commitResults":[{"hash":"0cc413d61bac8d1029ea861799592b67db4d082b","isMergeCommit":false,"messageTitle":"Add CommandType enum to represent command types and their string mapping","messageBody":"","fileTypesAndContributionMap":{"functional-code":{"insertions":54,"deletions":0}}},{"hash":"ec2f3a7016b28663559b74ab37b86b1adeb7b856","isMergeCommit":false,"messageTitle":"Update all Command Classes to use CommandType","messageBody":"","fileTypesAndContributionMap":{"functional-code":{"insertions":49,"deletions":55}}},{"hash":"6ec2fe2d54e413d0a26d7466814c3b494be18d1e","isMergeCommit":false,"messageTitle":"Fix test cases to use CommandType and update UML diagram","messageBody":"","fileTypesAndContributionMap":{"docs":{"insertions":1,"deletions":1},"test-code":{"insertions":14,"deletions":14}}}]},{"date":"2025-03-27T00:00:00","commitResults":[{"hash":"1cce8caa83123fcbb82696e5fa29cbbe7924152a","isMergeCommit":true,"messageTitle":"Merge pull request #92 from Siyan-G/branch-ui","messageBody":"Improve Ui","fileTypesAndContributionMap":{}},{"hash":"16b5a8b9dd14230ae774aed004113b2614a819d6","isMergeCommit":true,"messageTitle":"Merge pull request #108 from Siyan-G/branch-quick-fix","messageBody":"Quick Fix on Ui","fileTypesAndContributionMap":{}},{"hash":"cba7bd9b6dcf7d958548450f1ab9737eee628e5f","isMergeCommit":true,"messageTitle":"Merge master into enhancement-command-shortcut to resolve merge conflict","messageBody":"","fileTypesAndContributionMap":{}},{"hash":"379f51243f8fbf1c110f2acb3ccdb339dc2b63ee","isMergeCommit":false,"messageTitle":"Update CommandType for RemarkCommand","messageBody":"","fileTypesAndContributionMap":{"functional-code":{"insertions":5,"deletions":3},"test-code":{"insertions":2,"deletions":2}}},{"hash":"b3856400b3d9bc0cb3a38a3abef0cb3ee88ee471","isMergeCommit":false,"messageTitle":"Update ModelClassDiagram.puml and ModelClassDiagram.png","messageBody":"","fileTypesAndContributionMap":{"docs":{"insertions":9,"deletions":4}}},{"hash":"720b570bde8693264d427c6c055370ab7a2b6cf9","isMergeCommit":true,"messageTitle":"Merge pull request #109 from Siyan-G/branch-update-uml","messageBody":"Update model UML","fileTypesAndContributionMap":{}},{"hash":"d84aa3b88d5fa8a61edc82d0cb4b81ec2d2d6159","isMergeCommit":false,"messageTitle":"Update UI images","messageBody":"","fileTypesAndContributionMap":{"docs":{"insertions":2,"deletions":2}}},{"hash":"2a208a573eb2536596adc84e8fe0b56336f0248e","isMergeCommit":false,"messageTitle":"Fix minor spelling errors","messageBody":"","fileTypesAndContributionMap":{"docs":{"insertions":1,"deletions":1}}}]},{"date":"2025-04-03T00:00:00","commitResults":[{"hash":"63030951982ead55b951355fffe86b9a4ee6ca36","isMergeCommit":false,"messageTitle":"Add ContentPanel to display selected person details","messageBody":"- Added ContentPanel class to show details of the selected person\n- Created the UI structure for ContentPanel in FXML\n- Prepared ContentPanel to receive and display information about a selected person\n","fileTypesAndContributionMap":{"functional-code":{"insertions":96,"deletions":5}}},{"hash":"515093b4b1871b958d079b71d291ce9c5ac8bfc0","isMergeCommit":false,"messageTitle":"Implement listener to update ContentPanel with selected person details","messageBody":"- Added listener in PersonListPanel to detect when a person is selected.\n- Notified MainWindow through a Consumer when a person is selected.\n- Updated MainWindow to register the listener and update the ContentPanel.\n- Modified ContentPanel to display the selected person\u0027s details\n","fileTypesAndContributionMap":{"functional-code":{"insertions":38,"deletions":3}}},{"hash":"d02344cf64b27d19b8a1e7016d1bc107368ed86b","isMergeCommit":false,"messageTitle":"Fix Checkstyle Issues","messageBody":"","fileTypesAndContributionMap":{"functional-code":{"insertions":20,"deletions":11}}},{"hash":"1ac876ca2c92955591ff0ed6cf6c088102cd417e","isMergeCommit":false,"messageTitle":"Implement SelectCommand to select and highlight a person in the list","messageBody":"- Added the SelectCommand to handle the selection of a person by index.\n- Modified the model to track the selected person.\n- Integrated the SelectCommand into the MainWindow\n","fileTypesAndContributionMap":{"functional-code":{"insertions":186,"deletions":0}}},{"hash":"3610131a8cbac589a5ac7d8098f556bc16585107","isMergeCommit":false,"messageTitle":"Fix Test Cases","messageBody":"","fileTypesAndContributionMap":{"test-code":{"insertions":81,"deletions":17}}},{"hash":"54da624588a0f471665a32d9f086a0aff77bc5c7","isMergeCommit":false,"messageTitle":"Implement Testing for SelectCommand","messageBody":"","fileTypesAndContributionMap":{"test-code":{"insertions":163,"deletions":0}}},{"hash":"a6c980987b24b0e341895e017d0f6b4fd33a28e4","isMergeCommit":false,"messageTitle":"Add Command to toggle between dark and light mode","messageBody":"Implemented \"toggletheme\" CLI command to switch between themes\n","fileTypesAndContributionMap":{"functional-code":{"insertions":47,"deletions":9},"test-code":{"insertions":36,"deletions":8}}},{"hash":"995597d66f759f5619830ff5e692824581a363ec","isMergeCommit":true,"messageTitle":"Merge branch \u0027master\u0027 into \u0027update-userinterface\u0027","messageBody":"Resolves All Merge Conflict\n","fileTypesAndContributionMap":{}},{"hash":"4dba5ad5689a4a86b9501a2dae2131355e113a4c","isMergeCommit":true,"messageTitle":"Merge pull request #171 from jniaorx/change-text-flow","messageBody":"Change textflow to textarea","fileTypesAndContributionMap":{}},{"hash":"2376b6511e6a8744c38120fe79b97ee41e8e68cc","isMergeCommit":false,"messageTitle":"Update UI to show more details","messageBody":"","fileTypesAndContributionMap":{"functional-code":{"insertions":130,"deletions":139}}},{"hash":"8ab189bf08746f57345a1635f77528e4f918a539","isMergeCommit":true,"messageTitle":"Merge branch \"master\" into \"update-userinterface\"","messageBody":"","fileTypesAndContributionMap":{}},{"hash":"35c380dea11f416c7a62c52f063c1285b11cd00d","isMergeCommit":false,"messageTitle":"Fix HelpWindow UI","messageBody":"","fileTypesAndContributionMap":{"functional-code":{"insertions":76,"deletions":26}}},{"hash":"71093f480c6394684a2a17f02bf5bb2bca386d6a","isMergeCommit":false,"messageTitle":"Finalise AB3 UI","messageBody":"","fileTypesAndContributionMap":{"functional-code":{"insertions":101,"deletions":89}}},{"hash":"7e0407d322c5ef38c55d7734cee76cb1bacbc9a4","isMergeCommit":false,"messageTitle":"Fix UG CheckStyle","messageBody":"","fileTypesAndContributionMap":{"functional-code":{"insertions":1,"deletions":1},"docs":{"insertions":19,"deletions":19}}}]},{"date":"2025-04-04T00:00:00","commitResults":[{"hash":"e6c6769cacdca08a45a9bdcdd3df97d1fddc8e94","isMergeCommit":true,"messageTitle":"Merge pull request #178 from coffeemocha/update-content-panel","messageBody":"Update content-panel files","fileTypesAndContributionMap":{}},{"hash":"f745850ccafed55b8e32403c847831495cc513d0","isMergeCommit":false,"messageTitle":"Update Content Panel CSS","messageBody":"","fileTypesAndContributionMap":{"functional-code":{"insertions":13,"deletions":0}}},{"hash":"e7fbd6c5f58479781afdac898294f46e2abd1cf2","isMergeCommit":false,"messageTitle":"Update UI images in User Guide","messageBody":"","fileTypesAndContributionMap":{"functional-code":{"insertions":0,"deletions":1}}},{"hash":"25d1f8c5dccdbfea351d692a6024d39e772a6fb7","isMergeCommit":false,"messageTitle":"Fix Minor Ui Bug","messageBody":"- Fix ContentPanel displaying \"Deleted\" Person\n","fileTypesAndContributionMap":{"functional-code":{"insertions":24,"deletions":24},"test-code":{"insertions":0,"deletions":5}}},{"hash":"8338f411e9efa13300abd9ca2f6198d4725d11a9","isMergeCommit":true,"messageTitle":"Merge pull request #179 from nja99/update-userinterface","messageBody":"Update Content Panel CSS and Fix Ui Bugs","tags":["v1.5.1"],"fileTypesAndContributionMap":{}}]},{"date":"2025-04-06T00:00:00","commitResults":[{"hash":"8a44ab6ad7d947ef672f747c38ef013a8947cf54","isMergeCommit":false,"messageTitle":"Fix UI Truncation and ContentPanel Issues","messageBody":"","fileTypesAndContributionMap":{"functional-code":{"insertions":50,"deletions":28}}},{"hash":"54d13323263f6132695f0fa8f42ca50bd40037d2","isMergeCommit":false,"messageTitle":"Fix Output Message for ResultDisplay","messageBody":"","fileTypesAndContributionMap":{"functional-code":{"insertions":9,"deletions":12}}},{"hash":"ff71042ecd7338956b1563353886d29b3f2e98ee","isMergeCommit":false,"messageTitle":"Resolve Multiple User Input / Message Output Issues","messageBody":"","fileTypesAndContributionMap":{"functional-code":{"insertions":6,"deletions":4},"test-code":{"insertions":2,"deletions":2}}},{"hash":"860a06f316e16c7d7d1be773ff340c6d0b76d035","isMergeCommit":true,"messageTitle":"Merge pull request #256 from yuqing-tham/fix-finddep-bug","messageBody":"Account for spacing in find commands","fileTypesAndContributionMap":{}},{"hash":"851cfa272c50cfcbea6a7a7d544b17a2ddfddace","isMergeCommit":true,"messageTitle":"Merge pull request #257 from jniaorx/refine-edit-command","messageBody":"Make role field uneditable for patients","fileTypesAndContributionMap":{}},{"hash":"bb88f428fa0292a5c34fa1f4b034603b936a0046","isMergeCommit":false,"messageTitle":"Bug Fix: Issue with selected person being unselected","messageBody":"","fileTypesAndContributionMap":{"functional-code":{"insertions":4,"deletions":7}}},{"hash":"ba5d75a9ec44677595a366ed1188357ace325dfc","isMergeCommit":true,"messageTitle":"Merge pull request #254 from Siyan-G/branch-bug-fixes","messageBody":"bug fixes for PE-D","fileTypesAndContributionMap":{}}]},{"date":"2025-04-07T00:00:00","commitResults":[{"hash":"b6e4845e1c4e33f588a1550efa2cfdb1f737f67c","isMergeCommit":false,"messageTitle":"Bug Fix: Clear ContentPanel if \"Selected\" person is \"Deleted\"","messageBody":"","fileTypesAndContributionMap":{"functional-code":{"insertions":15,"deletions":13},"test-code":{"insertions":1,"deletions":1}}},{"hash":"68ccedddf5d72746890314a6b73a8f4bff745580","isMergeCommit":false,"messageTitle":"Refactor Extensions.css to Styles.css","messageBody":"","fileTypesAndContributionMap":{"functional-code":{"insertions":2,"deletions":2},"other":{"insertions":0,"deletions":0}}},{"hash":"d03a1aa8d9de655e410863575f5a1cb2d0fa1991","isMergeCommit":true,"messageTitle":"Merge pull request #266 from Siyan-G/branch-update-DG-1.6","messageBody":"Update DG and UG","fileTypesAndContributionMap":{}},{"hash":"8715f7cf3a0e9b8c690d554d9ca03ebca0f353d9","isMergeCommit":false,"messageTitle":"Update UML Diagrams","messageBody":"","fileTypesAndContributionMap":{"docs":{"insertions":60,"deletions":48}}},{"hash":"2dff9358639d18e56ecea2200b92643402e608c6","isMergeCommit":false,"messageTitle":"Fix Text-Alignment","messageBody":"","fileTypesAndContributionMap":{"docs":{"insertions":1,"deletions":1}}},{"hash":"7e7d5b0c31b0a1f6405acf399b5c8a9565906548","isMergeCommit":true,"messageTitle":"Merge pull request #270 from Siyan-G/branch-update-DG-v1.6.1","messageBody":"Update Add patient feature implementation in DG","fileTypesAndContributionMap":{}},{"hash":"2ea3cbd39de332b50503d9311082cecd28c647ba","isMergeCommit":false,"messageTitle":"Update Print Layout","messageBody":"","fileTypesAndContributionMap":{"docs":{"insertions":3,"deletions":3}}},{"hash":"85a4f6f8b4c7e3efc68eb27e1292637eac3d0cb5","isMergeCommit":true,"messageTitle":"Merge branch \u0027master\u0027 into update-documentation","messageBody":"","fileTypesAndContributionMap":{}}]},{"date":"2025-04-08T00:00:00","commitResults":[{"hash":"7afeebef155ef3a3febd5c961d3d58a2144982db","isMergeCommit":false,"messageTitle":"Update UserGuide Formatting","messageBody":"","fileTypesAndContributionMap":{"docs":{"insertions":213,"deletions":149}}},{"hash":"c88697db4965b5269b4c79bd17048bd0ab37af18","isMergeCommit":true,"messageTitle":"Merge pull request #274 from Siyan-G/branch-update-guides","messageBody":"Update UG and DG","fileTypesAndContributionMap":{}},{"hash":"f1c2a95f2c8d131798b3931d5b010251d3273a5d","isMergeCommit":true,"messageTitle":"Merge \u0027master\u0027 into \u0027update-documentation\u0027","messageBody":"","fileTypesAndContributionMap":{}},{"hash":"f6181895624d7aeace8304c8b336a3c0a7fbc54c","isMergeCommit":false,"messageTitle":"Update UserGuide Introduction","messageBody":"","fileTypesAndContributionMap":{"docs":{"insertions":28,"deletions":5}}},{"hash":"a7442c28427908912cd5f7925831ecf5d75a9bfe","isMergeCommit":true,"messageTitle":"Merge \u0027master\u0027 into \u0027update-documentation\u0027","messageBody":"","fileTypesAndContributionMap":{}},{"hash":"d63da3f69572699a5e40856be6703dada213962f","isMergeCommit":false,"messageTitle":"Update Print Formatting for UserGuide","messageBody":"","fileTypesAndContributionMap":{"docs":{"insertions":50,"deletions":34}}},{"hash":"78140290dfce838fe503966ceb186029ab65e29e","isMergeCommit":true,"messageTitle":"Merge pull request #281 from Siyan-G/branch-final-final-updates","messageBody":"Final Final Final Update","fileTypesAndContributionMap":{}}]}],"Siyan-G":[{"date":"2025-03-06T00:00:00","commitResults":[{"hash":"c4dce270b3cb920b39f9c07eca88ea65def5c432","isMergeCommit":true,"messageTitle":"Merge pull request #16 from jniaorx/add-photo","messageBody":"Add Janelle\u0027s Photo","fileTypesAndContributionMap":{}},{"hash":"bf954595f4597e5e5dc576b15eef182fc1bcfcf1","isMergeCommit":false,"messageTitle":"Update Siyan\u0027s AboutUs Page","messageBody":"","fileTypesAndContributionMap":{"docs":{"insertions":5,"deletions":5}}},{"hash":"b4f07d388c97020e194ecb8d2f965656f44ada11","isMergeCommit":true,"messageTitle":"Merge pull request #25 from yuqing-tham/update-aboutus-page","messageBody":"Update Yu Qing\u0027s AboutUs Page","fileTypesAndContributionMap":{}},{"hash":"c212660a754f99b7359fa2bb3413584456fff784","isMergeCommit":true,"messageTitle":"Merge branch \u0027master\u0027 into update-aboutus","messageBody":"","fileTypesAndContributionMap":{}},{"hash":"93b9cfdcb74c08e01968db62b025ee525a83ce73","isMergeCommit":true,"messageTitle":"Merge pull request #32 from nja99/update-aboutus","messageBody":"Update Jian An\u0027s AboutUs Page","fileTypesAndContributionMap":{}}]},{"date":"2025-03-07T00:00:00","commitResults":[{"hash":"3c2da9b06795b8552a974b404086778cbec71dc4","isMergeCommit":false,"messageTitle":"Update Developer\u0027s Guide","messageBody":"- Refined target user profile to better align with the needs and preferences of patient care coordinators.\n- Added detailed value proposition outlining the app\u0027s benefits to end-users and stakeholders.\n- Updated user stories to reflect realistic and actionable scenarios for app usage.\n- Expanded use cases with step-by-step details of key functionalities to guide development and testing.\n\nThese updates aim to provide a clearer understanding of the application\u0027s purpose, target audience, and expected features.\n","fileTypesAndContributionMap":{"docs":{"insertions":145,"deletions":27}}}]},{"date":"2025-03-13T00:00:00","commitResults":[{"hash":"fab7c34d249b2062c5a19c00604d0249b5625a8a","isMergeCommit":false,"messageTitle":"Add role field for Person class","messageBody":"","fileTypesAndContributionMap":{"functional-code":{"insertions":84,"deletions":4}}},{"hash":"3f01b0965dc172b91cd56d3b893aa3e819988d1b","isMergeCommit":false,"messageTitle":"Fix AddCommand to enable role field","messageBody":"","fileTypesAndContributionMap":{"functional-code":{"insertions":29,"deletions":5}}},{"hash":"0a585f327cc1f09c87ce275218e58ee07f2fa0ed","isMergeCommit":false,"messageTitle":"Modify tests for related classes due to addition of role field","messageBody":"","fileTypesAndContributionMap":{"functional-code":{"insertions":13,"deletions":12},"test-code":{"insertions":80,"deletions":31}}},{"hash":"74286d0b971bb63f97971124015741ca528edd76","isMergeCommit":false,"messageTitle":"Modify EditCommand class due to addition of role field","messageBody":"","fileTypesAndContributionMap":{"functional-code":{"insertions":3,"deletions":1}}},{"hash":"e44f7ba92632c5b2c5faabbea39fc4346dd72b07","isMergeCommit":false,"messageTitle":"Modify JsonAdaptedPerson class due to addition of role field","messageBody":"","fileTypesAndContributionMap":{"functional-code":{"insertions":17,"deletions":4}}},{"hash":"d68c8b9dda5639bfde4e5f8ccd509b5534137eb9","isMergeCommit":false,"messageTitle":"Add RoleTest class for Role class","messageBody":"","fileTypesAndContributionMap":{"test-code":{"insertions":81,"deletions":0}}},{"hash":"3d81a3750ea6511b268bb4df00e13fc710f8e443","isMergeCommit":false,"messageTitle":"Add RoleTest class for Role class","messageBody":"","fileTypesAndContributionMap":{"test-code":{"insertions":7,"deletions":2}}},{"hash":"b98253c910c0ff9cbb9435f8289c801513b9b777","isMergeCommit":true,"messageTitle":"Merge pull request #45 from yuqing-tham/add-healthcare-staff-support","messageBody":"Add healthcare staff support","fileTypesAndContributionMap":{}}]},{"date":"2025-03-14T00:00:00","commitResults":[{"hash":"591e1e034bb8e06f26aaa0eb2c12febe58f1bd23","isMergeCommit":true,"messageTitle":"Merge pull request #49 from jniaorx/add-listpatients-method","messageBody":"Add listpatients method","fileTypesAndContributionMap":{}},{"hash":"bcc5d813a67aedeb64593799e03ab638755a0f1c","isMergeCommit":true,"messageTitle":"Merge pull request #50 from jniaorx/add-listpatients-method","messageBody":"Edit listpatients command","fileTypesAndContributionMap":{}},{"hash":"38c0c2129c4b6a4ea4b47037216457592e6f242f","isMergeCommit":true,"messageTitle":"Merge pull request #53 from coffeemocha/Update-ReadMe","messageBody":"Update read me again for clarity","fileTypesAndContributionMap":{}}]},{"date":"2025-03-17T00:00:00","commitResults":[{"hash":"fcfd80068561563aecc5e448b6a758c11e145171","isMergeCommit":true,"messageTitle":"Merge pull request #57 from yuqing-tham/implement-person-subclasses","messageBody":"Implement person subclasses","fileTypesAndContributionMap":{}}]},{"date":"2025-03-18T00:00:00","commitResults":[{"hash":"e44f739177e1da692742c890e21cf9f3188aa01a","isMergeCommit":false,"messageTitle":"Replaced AddCommand with AddPatientCommand","messageBody":"","fileTypesAndContributionMap":{"other":{"insertions":42,"deletions":32}}},{"hash":"5922e247abf9f478e902508a3b4c27940acf1f88","isMergeCommit":false,"messageTitle":"Add AddStaffCommand","messageBody":"","fileTypesAndContributionMap":{"functional-code":{"insertions":152,"deletions":0}}},{"hash":"12bfbdb48099585fff4baf5db29b79aad03b173a","isMergeCommit":false,"messageTitle":"Add argument prefix for AddPatientCommand and AddStaffCommand","messageBody":"","fileTypesAndContributionMap":{"functional-code":{"insertions":3,"deletions":1}}},{"hash":"96e4add90a9c62aa1b5e880aaf63a262c25c85cf","isMergeCommit":false,"messageTitle":"Modify EditCommand temporarily due to changes in Person class","messageBody":"","fileTypesAndContributionMap":{"functional-code":{"insertions":32,"deletions":1}}},{"hash":"bb93070fede0fce2c350e41bee1808bf874965e3","isMergeCommit":false,"messageTitle":"Modify ParserUtil to enable AddPatient and AddStaff Commands","messageBody":"","fileTypesAndContributionMap":{"functional-code":{"insertions":63,"deletions":0}}},{"hash":"dd6073eb08b49ea8cee1ff4837e423a77b407171","isMergeCommit":false,"messageTitle":"Modify temporarily due to changes in Person class","messageBody":"","fileTypesAndContributionMap":{"functional-code":{"insertions":4,"deletions":10}}},{"hash":"c3806c3c2140baf41f60a19d0ecd99cc49fb729b","isMergeCommit":false,"messageTitle":"Include AddPatient and AddStaff Command in AddressBookParser","messageBody":"","fileTypesAndContributionMap":{"functional-code":{"insertions":7,"deletions":3}}},{"hash":"822ddf10614444d8a6afeccc273043490966d15d","isMergeCommit":false,"messageTitle":"Removed AddCommand class and parser","messageBody":"","fileTypesAndContributionMap":{"test-code":{"insertions":0,"deletions":417}}},{"hash":"bff78a74c9286141db28506a3c292d8d467ceab8","isMergeCommit":false,"messageTitle":"Fix data due to abstraction of person class","messageBody":"","fileTypesAndContributionMap":{"functional-code":{"insertions":23,"deletions":17}}}]},{"date":"2025-03-19T00:00:00","commitResults":[{"hash":"01296a2415c929d3fd3fa2f556aff9985ec6abf9","isMergeCommit":true,"messageTitle":"Merge pull request #60 from jniaorx/add-listdoctors-command","messageBody":"Add ListDoctors command","fileTypesAndContributionMap":{}},{"hash":"5f72231322737d2cb0813222bbf2cebf33b789d1","isMergeCommit":true,"messageTitle":"Merge pull request #62 from nja99/update-userinterface","messageBody":"Update User Interface","fileTypesAndContributionMap":{}},{"hash":"71c931d0e706f94d9c7191aa99569515f15bd4ce","isMergeCommit":false,"messageTitle":"Revert to include AddCommand and AddCommandParser","messageBody":"","fileTypesAndContributionMap":{"functional-code":{"insertions":160,"deletions":0}}},{"hash":"081e5fe116907b77708f62eddcdbf096a6bfd00d","isMergeCommit":false,"messageTitle":"Fix PersonCard test","messageBody":"","fileTypesAndContributionMap":{"functional-code":{"insertions":13,"deletions":3}}},{"hash":"b9047c435dc45bf8d8a708aa0cfc2cea9cf14e67","isMergeCommit":false,"messageTitle":"Disable tests temporarily for build","messageBody":"","fileTypesAndContributionMap":{"test-code":{"insertions":5,"deletions":0}}},{"hash":"df6171b889e3de3b7b5db2e0567bb2aa7a50326f","isMergeCommit":true,"messageTitle":"Merge pull request #64 from jniaorx/add-liststaff-command","messageBody":"Add liststaff command","fileTypesAndContributionMap":{}},{"hash":"1070902cd051216cc90d2401bf17264f1e49ad76","isMergeCommit":false,"messageTitle":"Fix style issue (line at EOF)","messageBody":"","fileTypesAndContributionMap":{"functional-code":{"insertions":1,"deletions":1}}},{"hash":"571176c5a58241ea4fe60c165f4245f8ab4d5892","isMergeCommit":true,"messageTitle":"Merge pull request #67 from nja99/update-userinterface","messageBody":"Enhance User Interface","fileTypesAndContributionMap":{}},{"hash":"d884db9442ba8ceaeb42d02701a58f7411d29ea4","isMergeCommit":true,"messageTitle":"Merge pull request #72 from jniaorx/edit-list-commands","messageBody":"Edit list commands","fileTypesAndContributionMap":{}},{"hash":"84a521f2fde4a081383124e70bcf7e660f764f7f","isMergeCommit":true,"messageTitle":"Merge pull request #69 from nja99/update-documentation","messageBody":"Update Documentation and UI Images","fileTypesAndContributionMap":{}}]},{"date":"2025-03-20T00:00:00","commitResults":[{"hash":"608953b4917aa84e67525bce9cab7002e58b67a2","isMergeCommit":true,"messageTitle":"Merge pull request #76 from jniaorx/add-tests-for-listcommands","messageBody":"Add tests for ListPatients and ListStaff commands","fileTypesAndContributionMap":{}},{"hash":"99c30d185111ded1fc909b6434e322d20507de21","isMergeCommit":false,"messageTitle":"Add PatientBuilder and StaffBuilder classes to enable tests for AddPatientCommand and AddStaffCommand","messageBody":"","fileTypesAndContributionMap":{"test-code":{"insertions":240,"deletions":0}}},{"hash":"b8ff5644cc7dd3fade4f88cc2098582bd17319db","isMergeCommit":false,"messageTitle":"Add AddPatient and AddStaff method for Model and ModelManager","messageBody":"","fileTypesAndContributionMap":{"functional-code":{"insertions":28,"deletions":0}}},{"hash":"33f82dc9af13c82ba9e716291ed353793de937d2","isMergeCommit":false,"messageTitle":"Add AddPatient and AddStaff method","messageBody":"","fileTypesAndContributionMap":{"functional-code":{"insertions":10,"deletions":0}}},{"hash":"f0e63c8a73544482377d7e4f42478680489fa853","isMergeCommit":false,"messageTitle":"Add tests for AddPatientCommand and AddStaffCommand","messageBody":"","fileTypesAndContributionMap":{"test-code":{"insertions":29,"deletions":0}}},{"hash":"7fcc01fe695b8d524761be5df8b3f667fe03a013","isMergeCommit":false,"messageTitle":"Modify version number in MainApp class","messageBody":"","fileTypesAndContributionMap":{"functional-code":{"insertions":1,"deletions":1}}},{"hash":"c7101223a487dd7c52fe7b5f5b184b61a39ad7f5","isMergeCommit":false,"messageTitle":"Rename jar file in build.gradle","messageBody":"","fileTypesAndContributionMap":{"other":{"insertions":1,"deletions":1}}},{"hash":"b8121aefc9eab0aa82b05773e682a40dc3cdd1d0","isMergeCommit":true,"messageTitle":"Merge pull request #79 from coffeemocha/update-documentation-add","messageBody":"Update Userguide","fileTypesAndContributionMap":{}},{"hash":"0b077fe0fb93da3d8224e6187a7eda95a7672dc2","isMergeCommit":false,"messageTitle":"Update UserGuide for v1.3 release","messageBody":"","fileTypesAndContributionMap":{"docs":{"insertions":48,"deletions":9}}},{"hash":"0a9bbd4651020e398f2c7ac4fc1fe192b32633f3","isMergeCommit":false,"messageTitle":"Add test coverage for AddPatientCommand, AddStaffCommand, AddPatientCommandParser and AddStaffCommandParser","messageBody":"","fileTypesAndContributionMap":{"functional-code":{"insertions":1,"deletions":1},"test-code":{"insertions":552,"deletions":0}}},{"hash":"5d0f836d7b8b9767ea9804d4bef6bc7ede04baaa","isMergeCommit":false,"messageTitle":"Fix import order for checkstyle","messageBody":"","fileTypesAndContributionMap":{"test-code":{"insertions":1,"deletions":1}}}]},{"date":"2025-03-25T00:00:00","commitResults":[{"hash":"53352feeead36eb0ffc841ab8cdfae5ff59bca88","isMergeCommit":false,"messageTitle":"Create patientcard and staffcard for ui","messageBody":"","fileTypesAndContributionMap":{"functional-code":{"insertions":222,"deletions":0}}},{"hash":"c2977956f6bf21c4d0a614f55e33a8f2558e4e1a","isMergeCommit":false,"messageTitle":"Modify components for display","messageBody":"","fileTypesAndContributionMap":{"functional-code":{"insertions":34,"deletions":17}}},{"hash":"dd6119722fd89ee6051fe313c5247eb7785a1f9d","isMergeCommit":false,"messageTitle":"Fix code style","messageBody":"","fileTypesAndContributionMap":{"functional-code":{"insertions":11,"deletions":12}}},{"hash":"e7ac0624e212758bf1fdf40096f374a6438a4f4f","isMergeCommit":false,"messageTitle":"Fix addpatient command format","messageBody":"","fileTypesAndContributionMap":{"docs":{"insertions":5,"deletions":5}}}]},{"date":"2025-03-26T00:00:00","commitResults":[{"hash":"90b8d22530462ae976fd9e2cb945f82863edd0eb","isMergeCommit":false,"messageTitle":"Add logger to log interaction with Ui","messageBody":"","fileTypesAndContributionMap":{"functional-code":{"insertions":16,"deletions":0}}},{"hash":"a2f1924ad89d49ee46376518dd2870a026da8a2c","isMergeCommit":false,"messageTitle":"Enable assertion","messageBody":"","fileTypesAndContributionMap":{"other":{"insertions":4,"deletions":0}}},{"hash":"b39f61ca29137b9c5cc4ed4d444a34fac1fe7fbc","isMergeCommit":false,"messageTitle":"Fix Main window layout","messageBody":"","fileTypesAndContributionMap":{"functional-code":{"insertions":14,"deletions":15}}},{"hash":"77080aa141c99ac1dbecea9706456b18b6f3781b","isMergeCommit":true,"messageTitle":"Merge pull request #1 from Siyan-G/branch-Ui","messageBody":"Merge changes from Ui branch","fileTypesAndContributionMap":{}}]},{"date":"2025-03-27T00:00:00","commitResults":[{"hash":"a534c9b4500e7a74ca49dbd73f82fd18413cf790","isMergeCommit":true,"messageTitle":"Merge branch \u0027master\u0027 into enhancement-light-mode","messageBody":"","fileTypesAndContributionMap":{}},{"hash":"bfe0507b5cc5fd1f9eddc082389917dad44c4a51","isMergeCommit":true,"messageTitle":"Merge branch \u0027master\u0027 into add-patient-storage-fields","messageBody":"","fileTypesAndContributionMap":{}},{"hash":"5587aeb02c4d16dcf02d520d1f8f0b6b8bcd7282","isMergeCommit":true,"messageTitle":"Merge pull request #97 from nja99/enhancement-light-mode","messageBody":"Implement Light Theme with Toggle Functionality","fileTypesAndContributionMap":{}},{"hash":"52e1c384e8e83cff121b3cc5f957278b8db64be2","isMergeCommit":true,"messageTitle":"Merge pull request #103 from coffeemocha/add-remark-command","messageBody":"Add remark command","fileTypesAndContributionMap":{}},{"hash":"411ca80a1ee38485fb251388ab540c34d34468aa","isMergeCommit":true,"messageTitle":"Merge branch \u0027master\u0027 into add-patient-storage-fields","messageBody":"","fileTypesAndContributionMap":{}},{"hash":"f8a78984096d25040abfe694bab2258b1ae470a1","isMergeCommit":false,"messageTitle":"Add missing import for CheckMenuItem","messageBody":"","fileTypesAndContributionMap":{"functional-code":{"insertions":1,"deletions":0}}},{"hash":"e019e9d8d8525961b3c69a333682f91538b502f2","isMergeCommit":false,"messageTitle":"Reorder personcard attribute","messageBody":"","fileTypesAndContributionMap":{"functional-code":{"insertions":1,"deletions":1}}},{"hash":"40039aedff86776004fb2643eaa8713c1ac6f57f","isMergeCommit":true,"messageTitle":"Merge pull request #101 from jniaorx/update-user-guide","messageBody":"Update user guide for Edit and Add commands","fileTypesAndContributionMap":{}},{"hash":"c81996207ac9e1b92e0598bbaca249018d2a0a26","isMergeCommit":true,"messageTitle":"Merge pull request #91 from yuqing-tham/tests-for-find-features","messageBody":"Update tests for findstaff and findpatient features","fileTypesAndContributionMap":{}},{"hash":"b3f375f3e62cf42fc95c3f283dd4cf5a7b340da3","isMergeCommit":true,"messageTitle":"Merge pull request #102 from coffeemocha/add-patient-storage-fields","messageBody":"Add patient storage fields","fileTypesAndContributionMap":{}},{"hash":"7ac5265b3e83fef8cd98a56b3b8484f6c7752747","isMergeCommit":false,"messageTitle":"Update model UML","messageBody":"","fileTypesAndContributionMap":{"docs":{"insertions":5,"deletions":0}}},{"hash":"073699bc5ddecfbb099d863bfa9e536470cd0ac2","isMergeCommit":false,"messageTitle":"Update inheritance arrow from HealthcareStaff to Person","messageBody":"","fileTypesAndContributionMap":{"docs":{"insertions":1,"deletions":1}}},{"hash":"258a4594caeded9ec2095209d51408ab5647e02a","isMergeCommit":true,"messageTitle":"Merge pull request #110 from yuqing-tham/update-command-format","messageBody":"Update listpatient command format in UserGuide","fileTypesAndContributionMap":{}},{"hash":"96aa107fbfeeff2c4436b45653cbae16b6f3ad08","isMergeCommit":true,"messageTitle":"Merge pull request #111 from nja99/update-documentation","messageBody":"Update Documentation and UML Diagrams","tags":["v1.4"],"fileTypesAndContributionMap":{}}]},{"date":"2025-03-28T00:00:00","commitResults":[{"hash":"97337c87405ce8199b5505bb6385ede60a0351d3","isMergeCommit":true,"messageTitle":"Merge pull request #118 from coffeemocha/update-uml-diagram","messageBody":"","fileTypesAndContributionMap":{}}]},{"date":"2025-04-01T00:00:00","commitResults":[{"hash":"88d6533c7c6a6a32b4c9a2097761711fef16b3b4","isMergeCommit":true,"messageTitle":"Merge pull request #120 from yuqing-tham/update-find-commands","messageBody":"Update find commands","fileTypesAndContributionMap":{}},{"hash":"89e9978b7ed2995ebfc3eeb2a2f3e29e8b1c2639","isMergeCommit":true,"messageTitle":"Merge pull request #121 from yuqing-tham/update-documentation","messageBody":"Update DeveloperGuide and UML diagram","fileTypesAndContributionMap":{}}]},{"date":"2025-04-02T00:00:00","commitResults":[{"hash":"b7e4dbbc79fde1bbaa593e3a4ca3ced012f73daf","isMergeCommit":false,"messageTitle":"Update Ui to show Patient and Staff cards","messageBody":"","fileTypesAndContributionMap":{"functional-code":{"insertions":127,"deletions":86}}},{"hash":"839fa664d76a1eb1b320cbaa7bd230e6c65b895b","isMergeCommit":false,"messageTitle":"Update Ui to bold contact attributes","messageBody":"","fileTypesAndContributionMap":{"functional-code":{"insertions":4,"deletions":0}}},{"hash":"e9dae49b529d3fb0d16b9d7cb1ae7f3876e668c7","isMergeCommit":false,"messageTitle":"Change guardian to NOK","messageBody":"","fileTypesAndContributionMap":{"functional-code":{"insertions":165,"deletions":39}}},{"hash":"f6637c4f4e357bc549de15bbd0ec4d24db483495","isMergeCommit":false,"messageTitle":"Remove guardian identifier from AddCommandParser","messageBody":"","fileTypesAndContributionMap":{"functional-code":{"insertions":2,"deletions":2}}},{"hash":"bad71825f7aa77c9a1d22119392736016d616d91","isMergeCommit":false,"messageTitle":"Remove blank line in Enum class","messageBody":"","fileTypesAndContributionMap":{"functional-code":{"insertions":0,"deletions":1}}},{"hash":"17663bb936506c9795d27b0da166ee580eb41939","isMergeCommit":false,"messageTitle":"Update AddPatientCommand and Parser with NOK","messageBody":"","fileTypesAndContributionMap":{"functional-code":{"insertions":20,"deletions":10}}},{"hash":"14aa9a27d4161e19c4430b3d5f48cbaabd769aab","isMergeCommit":false,"messageTitle":"Fix RemarkCommand due to NOK","messageBody":"","fileTypesAndContributionMap":{"functional-code":{"insertions":1,"deletions":1}}},{"hash":"df0bd63f162b3807e1eefc78cb8d0da9406dd73a","isMergeCommit":false,"messageTitle":"Fix code in AddStaffCommandParser","messageBody":"","fileTypesAndContributionMap":{"functional-code":{"insertions":6,"deletions":6}}},{"hash":"1b8c12f444d366fde9bd797a9010aa00b5727929","isMergeCommit":false,"messageTitle":"Fix coding style","messageBody":"","fileTypesAndContributionMap":{"functional-code":{"insertions":4,"deletions":15}}},{"hash":"2cb265889b41e9c97b692d645434ee9c8fab5e6c","isMergeCommit":false,"messageTitle":"Fix Ui White box","messageBody":"","fileTypesAndContributionMap":{"functional-code":{"insertions":2,"deletions":2}}},{"hash":"7f8eca3ad39f2385fbd839e61346e2fcb9bf067d","isMergeCommit":true,"messageTitle":"Merge pull request #152 from jniaorx/update-user-guide","messageBody":"Update user guide for EditCommand","fileTypesAndContributionMap":{}},{"hash":"e5241088580515499e8fdbda9e51e48229ac3868","isMergeCommit":true,"messageTitle":"Merge pull request #153 from yuqing-tham/find-command-partial-matches","messageBody":"Make find commands check partial matches","fileTypesAndContributionMap":{}},{"hash":"241d0291b0b84d076e0ea7af8737abd15d029b1f","isMergeCommit":true,"messageTitle":"Merge pull request #151 from jniaorx/update-edit-command","messageBody":"Refine edit command","fileTypesAndContributionMap":{}},{"hash":"d8fe5cce96219c6f8e3878afd690674ebe39297e","isMergeCommit":false,"messageTitle":"Remove tag","messageBody":"","fileTypesAndContributionMap":{"functional-code":{"insertions":48,"deletions":91}}},{"hash":"4c7a595214d76901813e991154c085858ab15ab6","isMergeCommit":false,"messageTitle":"Fix coverage due to removal of tag","messageBody":"","fileTypesAndContributionMap":{"test-code":{"insertions":85,"deletions":181}}},{"hash":"b0fef52869f5769ba9eb012ec830ce2a9dd4fc0e","isMergeCommit":false,"messageTitle":"Fix Ui","messageBody":"","fileTypesAndContributionMap":{"functional-code":{"insertions":14,"deletions":0}}},{"hash":"31b63a13a467b41d96ef51aad4ab9acf25d1ea7d","isMergeCommit":false,"messageTitle":"Fix classes due to removal of tag","messageBody":"","fileTypesAndContributionMap":{"functional-code":{"insertions":5,"deletions":6},"test-code":{"insertions":1,"deletions":4}}},{"hash":"45daf7351772d0a92dd8b21cc98f55cf81046cfb","isMergeCommit":false,"messageTitle":"Remove unused import","messageBody":"","fileTypesAndContributionMap":{"test-code":{"insertions":0,"deletions":1}}},{"hash":"c683159c1b2fc521ef8860a24574fd3637dbe826","isMergeCommit":false,"messageTitle":"Fix tests","messageBody":"","fileTypesAndContributionMap":{"test-code":{"insertions":6,"deletions":6}}},{"hash":"3f552f76eeedf14f62b76620da3b3ecc5645bd27","isMergeCommit":false,"messageTitle":"Disable test temporarily","messageBody":"","fileTypesAndContributionMap":{"test-code":{"insertions":1,"deletions":0}}}]},{"date":"2025-04-03T00:00:00","commitResults":[{"hash":"8f2810ab052e27b95f2b56bd3ba87c914a17584e","isMergeCommit":true,"messageTitle":"Merge from most updated master","messageBody":"","fileTypesAndContributionMap":{}},{"hash":"f375a661de41bccf2ad6954f4ebea01095ec7c4e","isMergeCommit":false,"messageTitle":"Fix merged changes conflict","messageBody":"","fileTypesAndContributionMap":{"functional-code":{"insertions":26,"deletions":16},"test-code":{"insertions":5,"deletions":44}}},{"hash":"25b969a616dac685b91aa63209012492f837d476","isMergeCommit":false,"messageTitle":"Undo Merged from Master","messageBody":"","fileTypesAndContributionMap":{"functional-code":{"insertions":16,"deletions":0},"docs":{"insertions":1,"deletions":1}}},{"hash":"e41b10976d9616b28578785a7a625507a8fdd621","isMergeCommit":false,"messageTitle":"Revert changes due to merge conflict","messageBody":"","fileTypesAndContributionMap":{"functional-code":{"insertions":9,"deletions":6}}},{"hash":"e8267fbc13f04e6fc5d0d9e087b4cdf20821ed21","isMergeCommit":false,"messageTitle":"Revert changes due to merge conflict","messageBody":"","fileTypesAndContributionMap":{"functional-code":{"insertions":46,"deletions":49}}},{"hash":"378a147337e10b3d45daf5e9fee94afeb5a9b34f","isMergeCommit":false,"messageTitle":"Change isSamePerson validation to same phone and same name","messageBody":"","fileTypesAndContributionMap":{"functional-code":{"insertions":1,"deletions":1},"test-code":{"insertions":5,"deletions":1}}},{"hash":"d4fb9a8fbdba0cbc7943eceb0ec6d356eb8b9ccb","isMergeCommit":false,"messageTitle":"Revert change due to overwriting merged conflict","messageBody":"","fileTypesAndContributionMap":{"test-code":{"insertions":1,"deletions":1}}},{"hash":"5204186f437a9b0a1e56163314242d44caccfc0a","isMergeCommit":false,"messageTitle":"Fix duplicate person rule","messageBody":"","fileTypesAndContributionMap":{"functional-code":{"insertions":2,"deletions":24}}},{"hash":"e1156f7370e16ca490ebe7d196b42e70fcdb50c7","isMergeCommit":false,"messageTitle":"Remove remark from edit function","messageBody":"","fileTypesAndContributionMap":{"functional-code":{"insertions":6,"deletions":23},"test-code":{"insertions":0,"deletions":1}}},{"hash":"c042e85e52adff28b004d9e01ed4a470bc48b0ed","isMergeCommit":false,"messageTitle":"Remove remark identifier from edit usage","messageBody":"","fileTypesAndContributionMap":{"functional-code":{"insertions":0,"deletions":1}}},{"hash":"824f8adc973e608ee9d83fc186f4818c9705b79f","isMergeCommit":false,"messageTitle":"Remove unused import","messageBody":"","fileTypesAndContributionMap":{"functional-code":{"insertions":0,"deletions":1}}},{"hash":"5b91c7bfbb78fd95a94e26721bfe0c55714fbee6","isMergeCommit":true,"messageTitle":"Merge pull request #161 from jniaorx/update-messages","messageBody":"Update messages shown when editing a contact","fileTypesAndContributionMap":{}},{"hash":"8179e4d49941425c1c5c8870a84ef669d03bfea3","isMergeCommit":false,"messageTitle":"Allow email to be NA","messageBody":"","fileTypesAndContributionMap":{"functional-code":{"insertions":3,"deletions":2}}},{"hash":"ad80b2a2c1832a26a48738796f73d00a003459ef","isMergeCommit":false,"messageTitle":"Allow phone to be NA","messageBody":"","fileTypesAndContributionMap":{"functional-code":{"insertions":2,"deletions":2}}},{"hash":"c4531f66653d6b616534512e4ee68ce93e1a2907","isMergeCommit":false,"messageTitle":"Allow default email and nok phone to be NA","messageBody":"","fileTypesAndContributionMap":{"functional-code":{"insertions":4,"deletions":4}}},{"hash":"1829d92de265c4cae61a0bf5d9c05558b589d50e","isMergeCommit":true,"messageTitle":"Merge pull request #172 from yuqing-tham/update-finddep-findstaff-command-doc","messageBody":"Update documentation for fd and fs commands in UG","fileTypesAndContributionMap":{}},{"hash":"4485a9c75697bd64c65ac1ca7baa15b721569d3b","isMergeCommit":false,"messageTitle":"Remove irrelevant use case","messageBody":"","fileTypesAndContributionMap":{"docs":{"insertions":1,"deletions":23}}},{"hash":"e3714176522d06dc2f6d308b47c6e815e1ed319a","isMergeCommit":false,"messageTitle":"Fix markdown","messageBody":"","fileTypesAndContributionMap":{"docs":{"insertions":1,"deletions":1}}},{"hash":"e22b61eada3ec517c3e866943a1c577b98545180","isMergeCommit":true,"messageTitle":"Merge pull request #174 from yuqing-tham/fix-fd-fs-na-bug","messageBody":"Fix NA shows results bug for fd and fs command","fileTypesAndContributionMap":{}},{"hash":"52c1e5a946b8a75544c28ef8dbd1d02798f9c364","isMergeCommit":true,"messageTitle":"Merge pull request #175 from yuqing-tham/fix-fd-fs-na-bug","messageBody":"Fix double brackets","fileTypesAndContributionMap":{}},{"hash":"0d5e01ca0de776fec1f330d40af92834328a3b24","isMergeCommit":true,"messageTitle":"Merge pull request #176 from jniaorx/update-edit-nok","messageBody":"Enable editing of Nok name and Nok phone","fileTypesAndContributionMap":{}}]},{"date":"2025-04-05T00:00:00","commitResults":[{"hash":"5c685b4d604d94f8e3103df5c57f9437051807dd","isMergeCommit":false,"messageTitle":"Fix name to within 66 char with certain special chars","messageBody":"","fileTypesAndContributionMap":{"functional-code":{"insertions":4,"deletions":3}}},{"hash":"62414e5147051446bb01482a53527cf26809a3de","isMergeCommit":false,"messageTitle":"Fix phone number to only allow 8 digits","messageBody":"","fileTypesAndContributionMap":{"functional-code":{"insertions":2,"deletions":2}}},{"hash":"61ebbaf43b6e4541e99bfeb2b91f21263e679212","isMergeCommit":false,"messageTitle":"Remove duplicate trim","messageBody":"","fileTypesAndContributionMap":{"functional-code":{"insertions":1,"deletions":1}}},{"hash":"e8b5a848cb7157ffabcba009f1a53468ea3e0a5d","isMergeCommit":false,"messageTitle":"Fix department input to 50 char with special chars","messageBody":"","fileTypesAndContributionMap":{"functional-code":{"insertions":5,"deletions":4}}},{"hash":"fcf96a1690a7934d5ff2e8b9e7ebfbc733b026b8","isMergeCommit":false,"messageTitle":"Do not allow duplicate param identifier in addpatient","messageBody":"","fileTypesAndContributionMap":{"functional-code":{"insertions":2,"deletions":2}}},{"hash":"312b37b38917a2585c382e0a5c90b2e2534421a3","isMergeCommit":false,"messageTitle":"Do not allow duplicate param identifier in addstaff","messageBody":"","fileTypesAndContributionMap":{"functional-code":{"insertions":2,"deletions":2}}},{"hash":"3bb392e0a1ff3f8706985f0ae3a98be501536f03","isMergeCommit":false,"messageTitle":"Fix phone constraint","messageBody":"","fileTypesAndContributionMap":{"functional-code":{"insertions":3,"deletions":3}}},{"hash":"06be1b26cf2bb4c9d8737dc1f5dc7cd1a762b348","isMergeCommit":false,"messageTitle":"Clearer message usage","messageBody":"","fileTypesAndContributionMap":{"functional-code":{"insertions":21,"deletions":10}}},{"hash":"a2b3ce9a96cfd8c830039d1344c30a370b155878","isMergeCommit":false,"messageTitle":"To not allow only number in name","messageBody":"","fileTypesAndContributionMap":{"functional-code":{"insertions":4,"deletions":2}}},{"hash":"2149bdd43d184e148e0819b7d512ac1bca8f4382","isMergeCommit":false,"messageTitle":"Fix missing space","messageBody":"","fileTypesAndContributionMap":{"functional-code":{"insertions":2,"deletions":2}}}]},{"date":"2025-04-06T00:00:00","commitResults":[{"hash":"a87bfb71ea5205802bc1558bf511a3be354586bf","isMergeCommit":false,"messageTitle":"Fix domain label in email","messageBody":"","fileTypesAndContributionMap":{"functional-code":{"insertions":2,"deletions":2}}},{"hash":"6349dd6683fe8b09c8c5c20c4603c8d7b50cc319","isMergeCommit":false,"messageTitle":"Modify how names are checked","messageBody":"","fileTypesAndContributionMap":{"functional-code":{"insertions":3,"deletions":1}}},{"hash":"524cb6996596a03e07ea46c5a6c1f58adb22ccfb","isMergeCommit":false,"messageTitle":"Fix checkstyle","messageBody":"","fileTypesAndContributionMap":{"functional-code":{"insertions":2,"deletions":3}}},{"hash":"8dd3b3397a57c96dbd5929f9eba686efe5b9fd9c","isMergeCommit":false,"messageTitle":"Fix test coverage due to above changes","messageBody":"","fileTypesAndContributionMap":{"test-code":{"insertions":38,"deletions":44}}},{"hash":"b7097f9f75290579bab6b75c0ef20a9eadf70672","isMergeCommit":false,"messageTitle":"Fix Ui","messageBody":"","fileTypesAndContributionMap":{"functional-code":{"insertions":21,"deletions":117}}},{"hash":"d3240531b0f32917ce580a9e6ee731583c27c115","isMergeCommit":false,"messageTitle":"Fix duplicate contact message","messageBody":"","fileTypesAndContributionMap":{"functional-code":{"insertions":2,"deletions":2}}},{"hash":"30d8ef3429535497b6f31bdc634a09b60a5b3db9","isMergeCommit":false,"messageTitle":"Do not allow phone same as nok phone","messageBody":"","fileTypesAndContributionMap":{"functional-code":{"insertions":3,"deletions":0}}},{"hash":"c18a0dd2165a7ad55dbc53828f88b6c4df9754f8","isMergeCommit":false,"messageTitle":"Fix test coverage","messageBody":"","fileTypesAndContributionMap":{"test-code":{"insertions":2,"deletions":2}}},{"hash":"df01680338d45cef78b13579f3b76f1341f53afc","isMergeCommit":false,"messageTitle":"Modify email usage message","messageBody":"","fileTypesAndContributionMap":{"functional-code":{"insertions":1,"deletions":1}}},{"hash":"9b28c3015857a6119be2e88b82551523d9465234","isMergeCommit":true,"messageTitle":"Merge branch \u0027master\u0027 into update-userinterface","messageBody":"","fileTypesAndContributionMap":{}},{"hash":"8ee4ef4bde502edced86587eb2646425faf92ef3","isMergeCommit":true,"messageTitle":"Merge branch \u0027master\u0027 into branch-bug-fixes","messageBody":"","fileTypesAndContributionMap":{}},{"hash":"cb4d72472f93badfdb8959cd18e83e9fa023f307","isMergeCommit":false,"messageTitle":"Allow special chars in department","messageBody":"","fileTypesAndContributionMap":{"functional-code":{"insertions":3,"deletions":4}}},{"hash":"1a9dc4ffa309c5a59acb1e850d274ead44ebd471","isMergeCommit":true,"messageTitle":"Merge pull request #258 from yuqing-tham/branch-fix-UG-PED-bugs","messageBody":"Fix 2 UG bugs","fileTypesAndContributionMap":{}},{"hash":"efe6a2f4b16e675eaa7a21d4c482c21a0398d3d1","isMergeCommit":true,"messageTitle":"Merge pull request #259 from yuqing-tham/fix-inconsistent-command-format","messageBody":"Fix inconsistent format in commands in UG","fileTypesAndContributionMap":{}},{"hash":"301b9e0257e9847d05c774dd513e1d0e14a7564d","isMergeCommit":true,"messageTitle":"Merge pull request #260 from nja99/update-userinterface","messageBody":"Bug Fix: Issue with \"Selected\" Person being \"Unselected\" on edits","fileTypesAndContributionMap":{}}]},{"date":"2025-04-07T00:00:00","commitResults":[{"hash":"0b0d39a540098df8be7e80a7d9674ff5349a605b","isMergeCommit":true,"messageTitle":"Merge pull request #261 from nja99/update-userinterface","messageBody":"Bug Fix: Clear ContentPanel if \"Selected\" person is \"Deleted\"","fileTypesAndContributionMap":{}},{"hash":"a49632401bcc94ef55c774012c4dbeceaf6031aa","isMergeCommit":true,"messageTitle":"Merge pull request #262 from coffeemocha/update-sampletestdata","messageBody":"","fileTypesAndContributionMap":{}},{"hash":"27c69452f466896895b39b283776257a73972ba4","isMergeCommit":false,"messageTitle":"Fix format of user stories table","messageBody":"","fileTypesAndContributionMap":{"docs":{"insertions":15,"deletions":15}}},{"hash":"c922e56786d5d58a862c1395e5d94ec4c8c1c8e0","isMergeCommit":false,"messageTitle":"Fix use cases","messageBody":"","fileTypesAndContributionMap":{"docs":{"insertions":69,"deletions":73}}},{"hash":"95fa2702c5bfbbea9ecaf5f3c852f9fe86923179","isMergeCommit":false,"messageTitle":"Add planned enhancements","messageBody":"","fileTypesAndContributionMap":{"docs":{"insertions":25,"deletions":0}}},{"hash":"6a4685dd23c79c996d6eb1b36e01452df7286f38","isMergeCommit":false,"messageTitle":"Add known issues","messageBody":"","fileTypesAndContributionMap":{"docs":{"insertions":2,"deletions":0}}},{"hash":"6f4a58c8a4bf181e798d37588c0e2ac3138cdcfa","isMergeCommit":true,"messageTitle":"Merge pull request #263 from yuqing-tham/update-DG","messageBody":"Add to acknowledgements and glossary in UG","fileTypesAndContributionMap":{}},{"hash":"72d3437cddeabd666c5d9df30ba749db48734c90","isMergeCommit":true,"messageTitle":"Merge pull request #264 from coffeemocha/update-DG-Glossary","messageBody":"Update Userguide glossary section","fileTypesAndContributionMap":{}},{"hash":"d52aafbc58e1bcf98349f9b91bc5fab5709a4510","isMergeCommit":false,"messageTitle":"Add team size in DG","messageBody":"","fileTypesAndContributionMap":{"docs":{"insertions":1,"deletions":0}}},{"hash":"0fcaeaaa9776933859fae0dc4317f4455d07c4e4","isMergeCommit":true,"messageTitle":"Merge pull request #265 from coffeemocha/update-DG-Effort","messageBody":"Update effort section of DG","fileTypesAndContributionMap":{}},{"hash":"35c709af47da8870d0c1ad8793bee1e604e27cff","isMergeCommit":true,"messageTitle":"Merge branch \u0027master\u0027 into branch-update-DG-1.6","messageBody":"","fileTypesAndContributionMap":{}},{"hash":"292ecc29de05a9d27817f55375aeb9bd0b6f283f","isMergeCommit":true,"messageTitle":"Merge pull request #267 from nja99/update-userinterface","messageBody":"","fileTypesAndContributionMap":{}},{"hash":"39ea7951e3f12ed4b148acf89b0ce60fe5ef15a9","isMergeCommit":true,"messageTitle":"Merge pull request #268 from yuqing-tham/branch-UG-warning-language","messageBody":"Make language use in warnings more user centric","fileTypesAndContributionMap":{}},{"hash":"36897f68516c4e764b8378e6e008bc6f130a6a83","isMergeCommit":false,"messageTitle":"Update Add patient feature implementation","messageBody":"","fileTypesAndContributionMap":{"docs":{"insertions":58,"deletions":6}}},{"hash":"630dc0e1566bd5887b5e03d7e7223e1418e0f260","isMergeCommit":true,"messageTitle":"Merge pull request #269 from nja99/update-documentation","messageBody":"Update UML Diagrams","fileTypesAndContributionMap":{}},{"hash":"3906574c9c93390ab79540e5b7788ea743501260","isMergeCommit":false,"messageTitle":"Fix style","messageBody":"","fileTypesAndContributionMap":{"docs":{"insertions":1,"deletions":1}}},{"hash":"4e74ba7e9f14c8128ba63518b3d20ea9728c311d","isMergeCommit":false,"messageTitle":"Edit UG title","messageBody":"","fileTypesAndContributionMap":{"docs":{"insertions":1,"deletions":1}}},{"hash":"1adf00b069082ccaa720ae0f53a744cd5a63bd62","isMergeCommit":true,"messageTitle":"Merge pull request #272 from jniaorx/change-phone-number","messageBody":"Change phone numbers in examples","fileTypesAndContributionMap":{}},{"hash":"a3e6c12546e8f11e59078f9273b11428e04a8459","isMergeCommit":true,"messageTitle":"Merge pull request #271 from jniaorx/update-ug-dg","messageBody":"Update UG and DG","fileTypesAndContributionMap":{}},{"hash":"f79676d06a0ba560e1cf1581dda41fe37689e0f0","isMergeCommit":true,"messageTitle":"Merge pull request #273 from nja99/update-documentation","messageBody":"Update documentation","fileTypesAndContributionMap":{}},{"hash":"c6361411eedfb565dd2d836790307373e32d98d3","isMergeCommit":false,"messageTitle":"Update UG","messageBody":"","fileTypesAndContributionMap":{"docs":{"insertions":56,"deletions":37}}}]},{"date":"2025-04-08T00:00:00","commitResults":[{"hash":"713d5fe1dcbf06d212447353b926933533ad679f","isMergeCommit":false,"messageTitle":"Update DG","messageBody":"","fileTypesAndContributionMap":{"docs":{"insertions":36,"deletions":5}}},{"hash":"8fcfe6d4da2a5036adac7d96967f4e063566bf00","isMergeCommit":false,"messageTitle":"Add disclaimer in UG","messageBody":"","fileTypesAndContributionMap":{"docs":{"insertions":7,"deletions":0}}},{"hash":"a89d0af3be8758d5e9ac9210aef55e26321fb723","isMergeCommit":false,"messageTitle":"Fix style","messageBody":"","fileTypesAndContributionMap":{"docs":{"insertions":2,"deletions":2}}},{"hash":"88fc49d3b0ece87899d7763f77567a58e784899c","isMergeCommit":false,"messageTitle":"Fix style again","messageBody":"","fileTypesAndContributionMap":{"docs":{"insertions":0,"deletions":1}}},{"hash":"6690353ec04c3405130ca16bf85fefc46bbde772","isMergeCommit":false,"messageTitle":"Update Ui images","messageBody":"","fileTypesAndContributionMap":{"docs":{"insertions":10,"deletions":3}}},{"hash":"f3b6f0026b7dd4b1514cd456efcbfef15d907a92","isMergeCommit":true,"messageTitle":"Merge pull request #276 from jniaorx/update-typo-in-ug","messageBody":"Correct phone number format in UG","fileTypesAndContributionMap":{}},{"hash":"56ffdc8eafe8dfbcb25bf7441b03c646c2831c46","isMergeCommit":true,"messageTitle":"Merge pull request #275 from jniaorx/correct-typo","messageBody":"Correct typo in help window","fileTypesAndContributionMap":{}},{"hash":"1add0e66372c1ec977eb8e805978ca58ca783114","isMergeCommit":true,"messageTitle":"Merge pull request #278 from yuqing-tham/update-DG-change-to-NOK","messageBody":"","fileTypesAndContributionMap":{}},{"hash":"ef7e79d3c8c6334abf9cfbc83f9ef2c7912a4b89","isMergeCommit":true,"messageTitle":"Merge pull request #277 from nja99/update-documentation","messageBody":"Update Documentation","fileTypesAndContributionMap":{}},{"hash":"8d19487669fadb4551e7a04ef20656555fedcc00","isMergeCommit":false,"messageTitle":"UG update","messageBody":"","fileTypesAndContributionMap":{"docs":{"insertions":18,"deletions":30}}},{"hash":"de43cccf251f187ad4838d1f498ac7676336087d","isMergeCommit":false,"messageTitle":"DG format update","messageBody":"","fileTypesAndContributionMap":{"docs":{"insertions":17,"deletions":2}}},{"hash":"aef619480c08b988eb19531c254dfe748b587013","isMergeCommit":false,"messageTitle":"DG format update again","messageBody":"","fileTypesAndContributionMap":{"docs":{"insertions":3,"deletions":4}}},{"hash":"c1be91b5eca19ea9892bf4550e6142ad01330c75","isMergeCommit":false,"messageTitle":"DG format update again 2","messageBody":"","fileTypesAndContributionMap":{"docs":{"insertions":9,"deletions":14}}},{"hash":"2f1b7415a7083b9b7ba85d418ae07d728fd8c32c","isMergeCommit":false,"messageTitle":"DG format update again 3","messageBody":"","fileTypesAndContributionMap":{"docs":{"insertions":12,"deletions":0}}},{"hash":"db2d5ef99b73d3bfb7d4859a7748a85fa82181df","isMergeCommit":false,"messageTitle":"UG update final","messageBody":"","fileTypesAndContributionMap":{"docs":{"insertions":2,"deletions":2}}},{"hash":"c4c9971b52e42614236ac2d67ef4c47f2e6838bc","isMergeCommit":false,"messageTitle":"DG update final final","messageBody":"","fileTypesAndContributionMap":{"docs":{"insertions":10,"deletions":0}}},{"hash":"a8f10cf1ef7ee00bb2a29ddc0f7467c20ec4b2c6","isMergeCommit":false,"messageTitle":"UG final final update","messageBody":"","fileTypesAndContributionMap":{"docs":{"insertions":2,"deletions":2}}},{"hash":"d1cd9bcac4b56387ef0e2c30cd3e1c88e55b700b","isMergeCommit":false,"messageTitle":"UG final final update 1","messageBody":"","fileTypesAndContributionMap":{"docs":{"insertions":3,"deletions":6}}},{"hash":"b76332e81b0d4565ca398ed542e154f1ee797e6b","isMergeCommit":false,"messageTitle":"UG final final update 2","messageBody":"","fileTypesAndContributionMap":{"docs":{"insertions":5,"deletions":2}}},{"hash":"3c938d5bdd6ad8ae68cfb86bedf713f83c164a62","isMergeCommit":false,"messageTitle":"Fix DG format issue","messageBody":"","fileTypesAndContributionMap":{"docs":{"insertions":1,"deletions":0}}}]}],"yuqing-tham":[{"date":"2025-03-06T00:00:00","commitResults":[{"hash":"5e8d45b6699b093e4ffdadebfbb328e0fa0b86de","isMergeCommit":true,"messageTitle":"Merge pull request #15 from Siyan-G/branch-AddPhotoSY","messageBody":"Add Siyan\u0027s Photo","fileTypesAndContributionMap":{}},{"hash":"9d73f9f420712b9ae90d59ec60419946cdffd2ce","isMergeCommit":false,"messageTitle":"Update AboutUs Page","messageBody":"","fileTypesAndContributionMap":{"docs":{"insertions":3,"deletions":3}}},{"hash":"d006477c5db47ac72776b6e0542bb7d032829370","isMergeCommit":true,"messageTitle":"Merge branch \u0027master\u0027 into update-aboutus","messageBody":"","fileTypesAndContributionMap":{}},{"hash":"42a8678abdcc6cfd3aff8f8610627bdd1eb85c09","isMergeCommit":true,"messageTitle":"Merge pull request #29 from nja99/update-aboutus","messageBody":"Update Jian An\u0027s AboutUs page","fileTypesAndContributionMap":{}}]},{"date":"2025-03-07T00:00:00","commitResults":[{"hash":"63a9a085822b7a059f33a6733381dd273f1902dc","isMergeCommit":false,"messageTitle":"Update NFR and Glossary for DG","messageBody":"","fileTypesAndContributionMap":{"docs":{"insertions":11,"deletions":3}}}]},{"date":"2025-03-13T00:00:00","commitResults":[{"hash":"07a6854bd70420652ffdca7b3e85c10a4db07f70","isMergeCommit":false,"messageTitle":"Add healthcare staff support","messageBody":"","fileTypesAndContributionMap":{"functional-code":{"insertions":72,"deletions":0}}}]},{"date":"2025-03-17T00:00:00","commitResults":[{"hash":"798c871a6cc29cf36d13dafbd03757948d680e96","isMergeCommit":false,"messageTitle":"Implement person subclasses","messageBody":"","fileTypesAndContributionMap":{"functional-code":{"insertions":120,"deletions":68}}}]},{"date":"2025-03-19T00:00:00","commitResults":[{"hash":"0c08d33b2ed79020c28c4b7bd86ed3e61a6fb677","isMergeCommit":false,"messageTitle":"Fix Person class","messageBody":"","fileTypesAndContributionMap":{"functional-code":{"insertions":9,"deletions":2}}}]},{"date":"2025-03-23T00:00:00","commitResults":[{"hash":"8eec1087fc40ef9e31c13f8ae14f37e0f82b2dc9","isMergeCommit":false,"messageTitle":"Add support for findstaff command","messageBody":"","fileTypesAndContributionMap":{"functional-code":{"insertions":144,"deletions":1}}},{"hash":"a2017e77d2f2a016a44d77ad6572659e675110e9","isMergeCommit":false,"messageTitle":"Add documentation of findstaff command in UserGuide","messageBody":"","fileTypesAndContributionMap":{"docs":{"insertions":21,"deletions":0}}},{"hash":"1c3b28592ea9c4d826ce95d88f88e1564beb9328","isMergeCommit":false,"messageTitle":"Update Quick Start in UserGuide","messageBody":"","fileTypesAndContributionMap":{"docs":{"insertions":3,"deletions":3}}}]},{"date":"2025-03-24T00:00:00","commitResults":[{"hash":"6dc2491eef3b988f4b8f67ac7beba6857904c924","isMergeCommit":false,"messageTitle":"Add support for findpatient command","messageBody":"","fileTypesAndContributionMap":{"functional-code":{"insertions":143,"deletions":0},"docs":{"insertions":20,"deletions":0}}},{"hash":"9ad4e1f32e5b6d943142003f5aebb6a5f9194e29","isMergeCommit":false,"messageTitle":"Fix JavaDoc comment","messageBody":"","fileTypesAndContributionMap":{"functional-code":{"insertions":3,"deletions":4}}}]},{"date":"2025-03-25T00:00:00","commitResults":[{"hash":"e14a6613c370a80ed24419d97db2f717f3fc4330","isMergeCommit":false,"messageTitle":"Update tests for findstaff and findpatient features","messageBody":"","fileTypesAndContributionMap":{"test-code":{"insertions":415,"deletions":0}}}]},{"date":"2025-03-26T00:00:00","commitResults":[{"hash":"a2ab7040b862cf60476863524b4cb50c62323e8a","isMergeCommit":false,"messageTitle":"Fix findstaff and findpatient documentation in User Guide","messageBody":"","fileTypesAndContributionMap":{"docs":{"insertions":7,"deletions":5}}}]},{"date":"2025-03-27T00:00:00","commitResults":[{"hash":"c36f1225baf28b15ae912d572340a78746896e3e","isMergeCommit":true,"messageTitle":"Merge pull request #89 from jniaorx/modify-edit-command","messageBody":"Modify edit command","fileTypesAndContributionMap":{}},{"hash":"9d4b653944070c3df9c68df874963a73c5f68d3b","isMergeCommit":true,"messageTitle":"Merge pull request #90 from jniaorx/edit-optional-params","messageBody":"Edit optional params","fileTypesAndContributionMap":{}},{"hash":"437c6e39529b847ef50a750fd56e420c58da1b87","isMergeCommit":true,"messageTitle":"Merge pull request #106 from nja99/enhancement-command-shortcut","messageBody":"Add Command Shortcuts","fileTypesAndContributionMap":{}},{"hash":"16a90a652667d59ca0c8f8cc4de4731598f5660c","isMergeCommit":false,"messageTitle":"Update listpatient command format in UserGuide","messageBody":"","fileTypesAndContributionMap":{"docs":{"insertions":4,"deletions":4}}},{"hash":"aedda32f85cc454f731a8a144d32e13ea6e25fbb","isMergeCommit":false,"messageTitle":"Update logic and model class diagrams","messageBody":"","fileTypesAndContributionMap":{"docs":{"insertions":5,"deletions":1}}}]},{"date":"2025-03-28T00:00:00","commitResults":[{"hash":"86c800219b5cfe278b8a6eeb2833ef8b3b0edfe0","isMergeCommit":true,"messageTitle":"Merge pull request #114 from jniaorx/edit-uml-diagram","messageBody":"Update UML Diagram","fileTypesAndContributionMap":{}}]},{"date":"2025-03-31T00:00:00","commitResults":[{"hash":"04130b6db8baa120141efc2f0348c47a1176602b","isMergeCommit":false,"messageTitle":"Update find command family","messageBody":"","fileTypesAndContributionMap":{"functional-code":{"insertions":46,"deletions":23},"other":{"insertions":52,"deletions":51},"docs":{"insertions":12,"deletions":12},"test-code":{"insertions":49,"deletions":22}}},{"hash":"d00a2e100174e53cbac7e3be029c4ab3cfbdb0bb","isMergeCommit":true,"messageTitle":"Merge branch \u0027master\u0027 into update-find-commands","messageBody":"Update UML diagrams\n","fileTypesAndContributionMap":{}},{"hash":"2b1951c27349225f272cae9cf53e040bce893a17","isMergeCommit":false,"messageTitle":"Update DeveloperGuide and UML diagram","messageBody":"","fileTypesAndContributionMap":{"docs":{"insertions":4,"deletions":4}}}]},{"date":"2025-04-01T00:00:00","commitResults":[{"hash":"d45a3d56c57eb255681a3ba0c4b507f966aa3ccd","isMergeCommit":true,"messageTitle":"Merge pull request #142 from jniaorx/update-help-command","messageBody":"Update help command","fileTypesAndContributionMap":{}}]},{"date":"2025-04-02T00:00:00","commitResults":[{"hash":"31c2d3171085fd1c8d5d5a66c6734823c920b104","isMergeCommit":true,"messageTitle":"Merge pull request #150 from jniaorx/update-help-command","messageBody":"Refine help command based on alpha-test bug report","fileTypesAndContributionMap":{}},{"hash":"9bc1277cfcf7c0d830e57f256c8ba0990a5fe8d2","isMergeCommit":false,"messageTitle":"Make find commands check partial matches","messageBody":"","fileTypesAndContributionMap":{"functional-code":{"insertions":22,"deletions":4}}}]},{"date":"2025-04-03T00:00:00","commitResults":[{"hash":"690858683ba50c0d56466629fa2543437d393e84","isMergeCommit":true,"messageTitle":"Merge pull request #154 from Siyan-G/branch-alpha-add-command","messageBody":"Refinement: Ui, Add Commands,  Change of Guardian to Nok, Removal of Tag","fileTypesAndContributionMap":{}},{"hash":"3da24a46155ea1383845528d3a3c376eb1284215","isMergeCommit":true,"messageTitle":"Merge pull request #156 from nja99/feature-select-command","messageBody":"Add Select Command","fileTypesAndContributionMap":{}},{"hash":"a221a514331b63f320366451bedc00927edac6ae","isMergeCommit":false,"messageTitle":"Update User Guide Intro and find commands","messageBody":"","fileTypesAndContributionMap":{"docs":{"insertions":19,"deletions":8}}},{"hash":"c5d726c229abae4aaedbd45faf470c3d9626f412","isMergeCommit":true,"messageTitle":"Merge pull request #165 from coffeemocha/update-ug-1.5","messageBody":"Update UserGuide to add remark and tt, remove tag, edit guardian","fileTypesAndContributionMap":{}},{"hash":"98834e73b246865db8836aa2f6a21ae509352ffd","isMergeCommit":false,"messageTitle":"Update warnings and expected outputs for all commands in UG","messageBody":"","fileTypesAndContributionMap":{"docs":{"insertions":150,"deletions":47}}},{"hash":"ad1e89ef8cb6fa18a4b1647658c368daad7b0ca9","isMergeCommit":true,"messageTitle":"Merge pull request #167 from jniaorx/update-help-window","messageBody":"Update help window to provide more details","fileTypesAndContributionMap":{}},{"hash":"4f42ebc382a50b7af9da7848c2a16f551c782625","isMergeCommit":true,"messageTitle":"Merge pull request #169 from jniaorx/update-help-window","messageBody":"Add shortcuts into help window","fileTypesAndContributionMap":{}},{"hash":"f2bad01deca1d4f115fb89186b8886e129fa021e","isMergeCommit":false,"messageTitle":"Update documentation for fd and fs commands in UG","messageBody":"","fileTypesAndContributionMap":{"docs":{"insertions":4,"deletions":5}}},{"hash":"99201604c7438d868aefb491195eb09cb6ae4b88","isMergeCommit":true,"messageTitle":"Merge pull request #166 from Siyan-G/branch-email-format","messageBody":"Allow phone number and email to take in the value NA if not available","fileTypesAndContributionMap":{}},{"hash":"ecffdeb6bb202f47f8154317704707ed18b6aa4c","isMergeCommit":false,"messageTitle":"Fix NA shows results bug for fd and fs command","messageBody":"","fileTypesAndContributionMap":{"functional-code":{"insertions":10,"deletions":4}}},{"hash":"d0c5ba7b8ef5f53a6d1e3477457219a1df61460e","isMergeCommit":false,"messageTitle":"Fix double brackets","messageBody":"","fileTypesAndContributionMap":{"functional-code":{"insertions":1,"deletions":1}}}]},{"date":"2025-04-06T00:00:00","commitResults":[{"hash":"dff12801c0b15e68c3db7fd55105ee0ee9b1adbd","isMergeCommit":false,"messageTitle":"Account for spacing in find commands","messageBody":"","fileTypesAndContributionMap":{"functional-code":{"insertions":6,"deletions":1}}},{"hash":"f5bb10611047d28abaa3d0639b8dcf7120a406b0","isMergeCommit":false,"messageTitle":"Fix failing testcases issue","messageBody":"","fileTypesAndContributionMap":{"functional-code":{"insertions":1,"deletions":1}}},{"hash":"e2dff2934d583d42cfc9dcb1526ce444d6b92eae","isMergeCommit":false,"messageTitle":"Fix 2 UG bugs","messageBody":"","fileTypesAndContributionMap":{"docs":{"insertions":21,"deletions":19}}},{"hash":"aa0e5af2199487c2da350abd167bf0a277858bd2","isMergeCommit":true,"messageTitle":"Merge pull request #255 from nja99/update-userinterface","messageBody":"Bug Fix: UI Truncation, Message Display","fileTypesAndContributionMap":{}},{"hash":"fe3a14936c6628a29be55fae1bf8705ccb0b151c","isMergeCommit":false,"messageTitle":"Fix inconsistent format in commands in UG","messageBody":"","fileTypesAndContributionMap":{"docs":{"insertions":3,"deletions":3}}},{"hash":"07c1b1290b82c561fc6513bdca26da93ba220837","isMergeCommit":true,"messageTitle":"Resolve merge conflicts","messageBody":"","fileTypesAndContributionMap":{}}]},{"date":"2025-04-07T00:00:00","commitResults":[{"hash":"b4e515630ae0af1f11c5e9cdcf7c17a69b44f085","isMergeCommit":false,"messageTitle":"Add to acknowledgements and glossary in UG","messageBody":"","fileTypesAndContributionMap":{"docs":{"insertions":7,"deletions":7}}},{"hash":"3c07e0c94ce1b8a438880092c2886e5d54e41a72","isMergeCommit":false,"messageTitle":"Make warnings more user centric","messageBody":"","fileTypesAndContributionMap":{"docs":{"insertions":9,"deletions":9}}}]},{"date":"2025-04-08T00:00:00","commitResults":[{"hash":"3fedb70e2666de3f008ca05fba177ce2399e473e","isMergeCommit":false,"messageTitle":"Change use of guardian to NOK","messageBody":"","fileTypesAndContributionMap":{"docs":{"insertions":2,"deletions":2}}}]}]},"authorFileTypeContributionMap":{"coffeemocha":{"docs":53,"functional-code":394,"test-code":32},"jniaorx":{"docs":216,"functional-code":321,"test-code":345},"nja99":{"docs":283,"functional-code":1394,"test-code":299,"other":80},"Siyan-G":{"docs":359,"functional-code":754,"test-code":996,"other":3},"yuqing-tham":{"docs":149,"functional-code":470,"test-code":445}},"authorContributionVariance":{"coffeemocha":2847.2512,"jniaorx":9137.659,"nja99":54089.484,"Siyan-G":53418.754,"yuqing-tham":7483.3564},"authorDisplayNameMap":{"coffeemocha":"CS2103T-T12-2 QUEK.. HAO","jniaorx":"CS2103T-T12-2 JANE.. XIN","nja99":"CS2103T-T12-2 NG J..N AN","Siyan-G":"CS2103T-T12-2 GUO ..IYAN","yuqing-tham":"CS2103T-T12-2 THAM..QING"}}
