{"authorDailyContributionsMap":{"sunpterodactyl":[{"date":"2025-03-05T00:00:00","commitResults":[{"hash":"3308eb81dc69dabf8207efd1430d0f19e37b5d5f","isMergeCommit":false,"messageTitle":"Update AboutUs.md","messageBody":"","fileTypesAndContributionMap":{"docs":{"insertions":4,"deletions":4}}},{"hash":"e0f4bf176516e98c89a7999979dc5f4e7ba75465","isMergeCommit":false,"messageTitle":"Delete portfolio link from AboutUs.md","messageBody":"","fileTypesAndContributionMap":{"docs":{"insertions":0,"deletions":1}}}]},{"date":"2025-03-06T00:00:00","commitResults":[{"hash":"e1fbc062f70e873c242253eeffddc7fe1f75f554","isMergeCommit":true,"messageTitle":"Update docs with Sanya\u0027s details","messageBody":"","fileTypesAndContributionMap":{}},{"hash":"2e13af5da70d785357b04c08a1f011d8e0f51f11","isMergeCommit":false,"messageTitle":"Add new line to the end of the file","messageBody":"","fileTypesAndContributionMap":{"docs":{"insertions":1,"deletions":1}}},{"hash":"bd4433919f6d959a2040a9864ccfdcfc1f09fea5","isMergeCommit":false,"messageTitle":"Acknowledge the original source of the code","messageBody":"","fileTypesAndContributionMap":{"docs":{"insertions":2,"deletions":0}}},{"hash":"a19b9ff88020bf11898ebd471ea4d532dbeca19a","isMergeCommit":false,"messageTitle":"Update remaining README.md details to match product","messageBody":"","fileTypesAndContributionMap":{"docs":{"insertions":6,"deletions":6}}},{"hash":"f931f91e72342dfff804dae29bcd64d90cf385c1","isMergeCommit":false,"messageTitle":"Update the Wanted-List in the top navigation bar and home page","messageBody":"","fileTypesAndContributionMap":{"docs":{"insertions":6,"deletions":6}}},{"hash":"d5603c642b1869d8dabf160c921934d9ce8643f9","isMergeCommit":false,"messageTitle":"Change name to correct project name Wanted and remove AB3 details","messageBody":"","fileTypesAndContributionMap":{"docs":{"insertions":3,"deletions":4}}},{"hash":"6c28d55a05607954642486f0812fcb609b1c80c3","isMergeCommit":false,"messageTitle":"Correct project name to Wanted not WantedList","messageBody":"","fileTypesAndContributionMap":{"docs":{"insertions":5,"deletions":5}}}]},{"date":"2025-03-08T00:00:00","commitResults":[{"hash":"241fd9afd9dbb8919b5215b0130d7c49effe459c","isMergeCommit":true,"messageTitle":"Merge pull request #31 from ongxinyii/dev-guide-updates","messageBody":"Update product scope","fileTypesAndContributionMap":{}}]},{"date":"2025-03-13T00:00:00","commitResults":[{"hash":"a06c958b82a7d4261678dab6eda5bed88b540ef7","isMergeCommit":true,"messageTitle":"Merge pull request #47 from yuto1115/add-moneyint","messageBody":"Add MoneyInt class","fileTypesAndContributionMap":{}},{"hash":"bee24f0450888da2de3c1b63f5cc4b7a332f07bf","isMergeCommit":false,"messageTitle":"Create Amount and Date fields for the Loan object","messageBody":"","fileTypesAndContributionMap":{"functional-code":{"insertions":118,"deletions":0}}},{"hash":"1077767cdf9b9817eb453da291b5dc52cda5b6df","isMergeCommit":false,"messageTitle":"Update loan usage","messageBody":"","fileTypesAndContributionMap":{"functional-code":{"insertions":110,"deletions":80},"other":{"insertions":9,"deletions":7}}},{"hash":"8706350de51eba647fba3ee57bd1b9f6504b154d","isMergeCommit":false,"messageTitle":"Update add documentation","messageBody":"","fileTypesAndContributionMap":{"docs":{"insertions":3,"deletions":3}}}]},{"date":"2025-03-14T00:00:00","commitResults":[{"hash":"dc8cd8eee27577128de238e2ac07a219bf0e21eb","isMergeCommit":false,"messageTitle":"Revert loan to utilise Email, Address for future uses","messageBody":"","fileTypesAndContributionMap":{"functional-code":{"insertions":93,"deletions":40},"test-code":{"insertions":51,"deletions":15}}},{"hash":"4cac046207de2786667022ba529caa0ccb4b14fc","isMergeCommit":false,"messageTitle":"Modify MoneyInt exception to unchecked exception and clean up unused code","messageBody":"","fileTypesAndContributionMap":{"functional-code":{"insertions":12,"deletions":5}}},{"hash":"19d16da11969d6a076e8b63a48fe3687d586d623","isMergeCommit":false,"messageTitle":"Add tests","messageBody":"","fileTypesAndContributionMap":{"test-code":{"insertions":128,"deletions":0}}},{"hash":"04d86186dedaf424ccde0f534f6daabb4be65c7e","isMergeCommit":false,"messageTitle":"Fix checkstyle errors","messageBody":"","fileTypesAndContributionMap":{"functional-code":{"insertions":73,"deletions":34},"test-code":{"insertions":8,"deletions":2}}},{"hash":"a148a06cce5c57c528c65020486cfe788bbfabd5","isMergeCommit":false,"messageTitle":"Update Add Command to work around failing tests","messageBody":"","fileTypesAndContributionMap":{"functional-code":{"insertions":11,"deletions":8}}},{"hash":"789514c7a83039f708bcf5b296ce7588eb1af7a3","isMergeCommit":false,"messageTitle":"Small changes to the string representation and construction of the Loan object especially in AddCommand and EditCommand classes","messageBody":"","fileTypesAndContributionMap":{"functional-code":{"insertions":35,"deletions":30},"test-code":{"insertions":134,"deletions":93}}},{"hash":"73e532426e88405844600b79f7eb8061abbf8fef","isMergeCommit":false,"messageTitle":"Fix further checkstyle errors","messageBody":"","fileTypesAndContributionMap":{"functional-code":{"insertions":21,"deletions":5},"test-code":{"insertions":71,"deletions":9}}}]},{"date":"2025-03-16T00:00:00","commitResults":[{"hash":"be0010eb7e3a3edc1d048e533fa672b4a6371eef","isMergeCommit":false,"messageTitle":"Delete duplicate getStringRepresentationWithFixedDecimalPoint method and rename usages","messageBody":"","fileTypesAndContributionMap":{"functional-code":{"insertions":3,"deletions":13}}}]},{"date":"2025-03-17T00:00:00","commitResults":[{"hash":"1dd455678ee40965bd663d899d4feb3ef119975f","isMergeCommit":false,"messageTitle":"Edit loan constructor instances and get methods","messageBody":"","fileTypesAndContributionMap":{"functional-code":{"insertions":24,"deletions":59}}},{"hash":"1ce8ca3f1fff56916de77341b8f9e43674b06d6f","isMergeCommit":false,"messageTitle":"Edit util data","messageBody":"","fileTypesAndContributionMap":{"functional-code":{"insertions":1,"deletions":1},"test-code":{"insertions":11,"deletions":106}}},{"hash":"f0677fb5f78124a87bc7d15d517185b107129b8f","isMergeCommit":false,"messageTitle":"Remove bugs and fix checkstyle errors in tests","messageBody":"","fileTypesAndContributionMap":{"functional-code":{"insertions":31,"deletions":156},"test-code":{"insertions":142,"deletions":306}}},{"hash":"c46558b736a2a070d9092c56eb752dfa8521ec8b","isMergeCommit":false,"messageTitle":"Fix checkstyle errors","messageBody":"","fileTypesAndContributionMap":{"test-code":{"insertions":0,"deletions":1}}},{"hash":"ff43298fddc972a3d7d63f9ad312f0a9904d9c44","isMergeCommit":true,"messageTitle":"Merge pull request #53 from sunpterodactyl/change-loan","messageBody":"Add Amount and Date to Loan Constructor ","fileTypesAndContributionMap":{}}]},{"date":"2025-03-18T00:00:00","commitResults":[{"hash":"4e7d4507cecde1483a65aba2031734dddba17ccb","isMergeCommit":false,"messageTitle":"Disable Find and Edit Command and ignore their respective tests","messageBody":"","fileTypesAndContributionMap":{"functional-code":{"insertions":11,"deletions":1},"test-code":{"insertions":45,"deletions":1}}},{"hash":"92fefa10e1eaa51fb1c4871cb9f20b9366d5aceb","isMergeCommit":false,"messageTitle":"Disable Find and Edit command parsing","messageBody":"","fileTypesAndContributionMap":{"functional-code":{"insertions":9,"deletions":0}}},{"hash":"408b96376a09b75774f36b122b39464c583988f3","isMergeCommit":false,"messageTitle":"Fix checkstyle","messageBody":"","fileTypesAndContributionMap":{"functional-code":{"insertions":0,"deletions":1}}},{"hash":"3470cef3b5954298faa1b1349135d25e3bd9f387","isMergeCommit":false,"messageTitle":"Update test coverage and remove redundant code","messageBody":"","fileTypesAndContributionMap":{"functional-code":{"insertions":0,"deletions":6},"test-code":{"insertions":17,"deletions":0}}},{"hash":"bb528a718407e8bf82c5350dd9d20df4ee7725cd","isMergeCommit":false,"messageTitle":"Remove accidental editcommand import","messageBody":"","fileTypesAndContributionMap":{"test-code":{"insertions":0,"deletions":1}}}]},{"date":"2025-03-20T00:00:00","commitResults":[{"hash":"1b8b3f39cf90a51542d6e4bd3dd18cd782145577","isMergeCommit":true,"messageTitle":"Merge pull request #61 from yuto1115/fix-checkstyle","messageBody":"Fix checkstyle errors","fileTypesAndContributionMap":{}}]},{"date":"2025-03-27T00:00:00","commitResults":[{"hash":"da56222edf94b3d82e5ea675e6b843938098a819","isMergeCommit":false,"messageTitle":"Change equals method and change add command display message","messageBody":"","fileTypesAndContributionMap":{"functional-code":{"insertions":3,"deletions":5}}},{"hash":"fd0e5da25e11717b4e51704dc188394e2cfc5c99","isMergeCommit":false,"messageTitle":"Update tests for same loans that were previously erased","messageBody":"","fileTypesAndContributionMap":{"test-code":{"insertions":16,"deletions":12}}},{"hash":"efe934be5b4931a96f3acd8cc52bc5f5ad3f8ebe","isMergeCommit":false,"messageTitle":"Fix checkstyle import error","messageBody":"","fileTypesAndContributionMap":{"test-code":{"insertions":3,"deletions":1}}},{"hash":"5f75097bf76e4f43dbaf9c1333182f92ffad6423","isMergeCommit":false,"messageTitle":"Implement IncreaseCommand logic and parsing","messageBody":"","fileTypesAndContributionMap":{"functional-code":{"insertions":148,"deletions":0}}},{"hash":"354e47fcac7d7f6aa8e2561e80bd67252dea2df6","isMergeCommit":false,"messageTitle":"Improve logic and add 1 testcase in AddressBookParser","messageBody":"","fileTypesAndContributionMap":{"test-code":{"insertions":8,"deletions":8}}},{"hash":"ad3b113e3aab06208d1346b76b8add88f9297dac","isMergeCommit":false,"messageTitle":"Remove redundant code","messageBody":"","fileTypesAndContributionMap":{"functional-code":{"insertions":0,"deletions":1}}},{"hash":"e2e0690c00c688fcb048bb88dc1da4aa273135b9","isMergeCommit":false,"messageTitle":"Add testcases, todos, and fix checkstyle in AddressBookParserTest","messageBody":"","fileTypesAndContributionMap":{"test-code":{"insertions":76,"deletions":1}}},{"hash":"45ab1436e11343cfb188fe7fa15d1f0cfa975e3b","isMergeCommit":false,"messageTitle":"Add import for CommandTestUtil","messageBody":"","fileTypesAndContributionMap":{"test-code":{"insertions":1,"deletions":0}}},{"hash":"80f855a84d68782b5b633700795c2539b8bd27dc","isMergeCommit":true,"messageTitle":"Merge pull request #87 from yuto1115/purge-addressbook","messageBody":"Change ab3-related names to suit our product","tags":["v1.4"],"fileTypesAndContributionMap":{}}]},{"date":"2025-03-31T00:00:00","commitResults":[{"hash":"54041ef8e9386a54348f958d6b410e34497067e6","isMergeCommit":true,"messageTitle":"Merge pull request #88 from yuto1115/add-history","messageBody":"Add history\n\nMerge in the restructuring first. We will work on storage and its tests in following PRs. ","fileTypesAndContributionMap":{}}]},{"date":"2025-04-01T00:00:00","commitResults":[{"hash":"a815f3ed07f95c424db04d7ffb5ffb5deac55e17","isMergeCommit":true,"messageTitle":"Merge pull request #109 from yuto1115/fix-storage","messageBody":"Fix storage and storage-related test issues","fileTypesAndContributionMap":{}},{"hash":"8c94b9714f6cdf50c9da2fbbe855acb66dc09e4c","isMergeCommit":true,"messageTitle":"Merge pull request #110 from changjy81/update-userguide","messageBody":"Start updating user guide","fileTypesAndContributionMap":{}},{"hash":"d21670605b8ad13098e9808222052c08f9ed7eb2","isMergeCommit":false,"messageTitle":"Edit failing tests","messageBody":"","fileTypesAndContributionMap":{"functional-code":{"insertions":2,"deletions":1},"test-code":{"insertions":4,"deletions":3}}},{"hash":"13819759fdb4170afd8ab328ab2f26d469714f20","isMergeCommit":false,"messageTitle":"Fix checkstyle errors","messageBody":"","fileTypesAndContributionMap":{"test-code":{"insertions":2,"deletions":1}}},{"hash":"e155281c183e73436d6ab681bf51eef2e6b64afc","isMergeCommit":false,"messageTitle":"Remove trailing whitespaces","messageBody":"","fileTypesAndContributionMap":{"docs":{"insertions":6,"deletions":6}}},{"hash":"ecdf0e779fa78f185cd62290b1d26e7282c7fd14","isMergeCommit":false,"messageTitle":"Add line to the end of the file","messageBody":"","fileTypesAndContributionMap":{"docs":{"insertions":4,"deletions":4}}},{"hash":"e1e8b000705cbbed5c9b7e9ace3a7c0bc4af6127","isMergeCommit":true,"messageTitle":"Merge pull request #115 from yuto1115/fix-jsonproperty","messageBody":"Fix jsonproperty","fileTypesAndContributionMap":{}},{"hash":"b4174d2af4a6e667afd1dd6fa6c09edf3d27adf1","isMergeCommit":false,"messageTitle":"Update usecases section of developer guide","messageBody":"","fileTypesAndContributionMap":{"docs":{"insertions":79,"deletions":29}}},{"hash":"3e2e8cfee0b6daefc3e89c8ad726f865ce10074a","isMergeCommit":true,"messageTitle":"Merge branch \u0027master\u0027 of https://github.com/AY2425S2-CS2103T-F11-4/tp into update-usecases Merge updated code","messageBody":"","fileTypesAndContributionMap":{}}]},{"date":"2025-04-02T00:00:00","commitResults":[{"hash":"6effec68162d1a40c9fb49b3223fe062d1da7960","isMergeCommit":false,"messageTitle":"Create base class for edit command and add rename command","messageBody":"","fileTypesAndContributionMap":{"functional-code":{"insertions":242,"deletions":0}}},{"hash":"c36b748f163f11886bfff2a37ee985c52ff629b5","isMergeCommit":false,"messageTitle":"Fix checkstyle","messageBody":"","fileTypesAndContributionMap":{"functional-code":{"insertions":10,"deletions":11}}},{"hash":"851e4f20b433408d0419c792c2441addfafed73f","isMergeCommit":false,"messageTitle":"Update tests for command and differentiate EditLoanDescriptor from EditPersonDescriptor","messageBody":"","fileTypesAndContributionMap":{"functional-code":{"insertions":1,"deletions":1},"test-code":{"insertions":363,"deletions":36}}},{"hash":"4cf1cb726e14186af11fb827d1517affa9e74feb","isMergeCommit":false,"messageTitle":"Fix checkstyle","messageBody":"","fileTypesAndContributionMap":{"functional-code":{"insertions":1,"deletions":2},"test-code":{"insertions":7,"deletions":12}}},{"hash":"f93ed4a9c738ba72334057497a75c175a758ab04","isMergeCommit":false,"messageTitle":"Update display","messageBody":"","fileTypesAndContributionMap":{"functional-code":{"insertions":17,"deletions":3}}},{"hash":"b887813e86c54353d6d4fd6c649e6088f1d5dc29","isMergeCommit":false,"messageTitle":"Add wanted or not wanted status","messageBody":"","fileTypesAndContributionMap":{"functional-code":{"insertions":39,"deletions":1}}},{"hash":"439a1cec2b02b75cbb9a0dac983c0f1add2593f0","isMergeCommit":false,"messageTitle":"Fix name parameter in rename command message","messageBody":"","fileTypesAndContributionMap":{"functional-code":{"insertions":1,"deletions":1}}}]},{"date":"2025-04-03T00:00:00","commitResults":[{"hash":"133142a9f5b05f2cc238b495dd147838692b0188","isMergeCommit":true,"messageTitle":"Merge branch \u0027master\u0027 of https://github.com/AY2425S2-CS2103T-F11-4/tp into add-rename-command","messageBody":"Merge new commands and resolve slight merge conflicts\n","fileTypesAndContributionMap":{}},{"hash":"e162ab2e4d2c4c5407fb0724a6a7229723228880","isMergeCommit":false,"messageTitle":"Introduce retag command","messageBody":"","fileTypesAndContributionMap":{"functional-code":{"insertions":135,"deletions":0}}},{"hash":"434e43a7c3e04c3e8914b8b49ebff2d657e77f0c","isMergeCommit":false,"messageTitle":"Add tests","messageBody":"","fileTypesAndContributionMap":{"functional-code":{"insertions":1,"deletions":2},"test-code":{"insertions":158,"deletions":0}}},{"hash":"8924682e90726d69617ff569514e596a19192b60","isMergeCommit":false,"messageTitle":"Update parser tests","messageBody":"","fileTypesAndContributionMap":{"functional-code":{"insertions":0,"deletions":1},"test-code":{"insertions":5,"deletions":8}}},{"hash":"0841892244c274f48eae48b98f456781b9271a6b","isMergeCommit":false,"messageTitle":"Update javadocs for consistency","messageBody":"","fileTypesAndContributionMap":{"functional-code":{"insertions":6,"deletions":2}}},{"hash":"a392bf6c10f178f85005021ea516e82bffa030d6","isMergeCommit":true,"messageTitle":"Merge branch \u0027master\u0027 of https://github.com/AY2425S2-CS2103T-F11-4/tp into update-usecases","messageBody":"Resolve  conflicts\n","fileTypesAndContributionMap":{}},{"hash":"73cb49ff3f86982c9b282addf37c313172ba63d7","isMergeCommit":false,"messageTitle":"Standardize format and numbering","messageBody":"","fileTypesAndContributionMap":{"docs":{"insertions":24,"deletions":26}}},{"hash":"f9d46920be0770cfc0bf33e8ba8b02d66e1ea45b","isMergeCommit":false,"messageTitle":"Fix trailing whitespace errors","messageBody":"","fileTypesAndContributionMap":{"functional-code":{"insertions":0,"deletions":1},"docs":{"insertions":4,"deletions":4},"test-code":{"insertions":0,"deletions":1}}},{"hash":"9ea0ac40d80ecf8da7e3cf79fbd59d07717ad0d5","isMergeCommit":true,"messageTitle":"Merge branch \u0027master\u0027 of https://github.com/AY2425S2-CS2103T-F11-4/tp into update-usecases","messageBody":"Resolve merge conflicts\n","fileTypesAndContributionMap":{}},{"hash":"d4b860a069c1695a9deb87060675e1ace5f85c18","isMergeCommit":true,"messageTitle":"Merge pull request #142 from ongxinyii/ui_changes","messageBody":"Add VBox to show history","fileTypesAndContributionMap":{}},{"hash":"9f6ae90c1026bf34f19eb25f58dfc27c855d703d","isMergeCommit":true,"messageTitle":"Merge branch \u0027master\u0027 of https://github.com/AY2425S2-CS2103T-F11-4/tp into update-usecases","messageBody":"Resolve Merge Conflicts\n","fileTypesAndContributionMap":{}},{"hash":"39173e2f661a5bbc1683d7e99260d78014e49d8c","isMergeCommit":true,"messageTitle":"Merge pull request #141 from sunpterodactyl/add-retag-command","messageBody":"Add retag command","fileTypesAndContributionMap":{}},{"hash":"3429c276d0bb2a6373ba8cf6a1afd21d04ae1fce","isMergeCommit":false,"messageTitle":"Update message logic for rename and tag","messageBody":"","fileTypesAndContributionMap":{"functional-code":{"insertions":8,"deletions":3},"other":{"insertions":13,"deletions":11},"test-code":{"insertions":9,"deletions":9}}},{"hash":"319381ff8b20401a89f6d513d086611893312e0e","isMergeCommit":false,"messageTitle":"Clean up test renaming and parsing","messageBody":"","fileTypesAndContributionMap":{"functional-code":{"insertions":1,"deletions":1},"other":{"insertions":11,"deletions":7},"test-code":{"insertions":7,"deletions":3}}},{"hash":"ff5ad63d2816536ad0ed093bf34ff2197984ff61","isMergeCommit":false,"messageTitle":"Fix display messages","messageBody":"","fileTypesAndContributionMap":{"functional-code":{"insertions":7,"deletions":6},"test-code":{"insertions":0,"deletions":1}}},{"hash":"80f2bcd2bc6b3cf359ed00a0570f485b1ddcca7d","isMergeCommit":false,"messageTitle":"Update LoanBookParser test","messageBody":"","fileTypesAndContributionMap":{"test-code":{"insertions":8,"deletions":0}}},{"hash":"4b3819c7cb6bf2eb13f286ca459a940a5dd6893d","isMergeCommit":false,"messageTitle":"Standardise naming and update command usage examples","messageBody":"","fileTypesAndContributionMap":{"docs":{"insertions":65,"deletions":75}}},{"hash":"a8bbea5179cfd4ae0f7449f55155c780112f99c9","isMergeCommit":true,"messageTitle":"Merge pull request #150 from sunpterodactyl/relevant-documentation","messageBody":"Standardise naming and update command usage examples\n\nMerging now as agreed during the meeting to save time.","fileTypesAndContributionMap":{}},{"hash":"a993155d1136b35fe4c6c508846e7232f7ea85ef","isMergeCommit":false,"messageTitle":"Fix message usage in repay and increase commands","messageBody":"","fileTypesAndContributionMap":{"functional-code":{"insertions":3,"deletions":3}}},{"hash":"5823f869c57ad0c4e230507a47d3f04e1dce24e5","isMergeCommit":false,"messageTitle":"Remove  bug from UI","messageBody":"","fileTypesAndContributionMap":{"functional-code":{"insertions":0,"deletions":1}}},{"hash":"041d9bef9ca778203dc5417d218722f9ebe8d9b0","isMergeCommit":false,"messageTitle":"Add index to transactionhistory","messageBody":"","fileTypesAndContributionMap":{"functional-code":{"insertions":26,"deletions":8}}},{"hash":"ea79924603c99e67f51ad1ae50fa96025379b966","isMergeCommit":true,"messageTitle":"Merge pull request #131 from ongxinyii/renable_find","messageBody":"Add find command","fileTypesAndContributionMap":{}},{"hash":"8d999350b8205de51166a4a5dead87c1e35329ae","isMergeCommit":false,"messageTitle":"Update documentation for consistency","messageBody":"","fileTypesAndContributionMap":{"docs":{"insertions":31,"deletions":19}}},{"hash":"2fbb1576a3482229c99de66787690912625b6f1e","isMergeCommit":true,"messageTitle":"Merge branch \u0027master\u0027 of https://github.com/AY2425S2-CS2103T-F11-4/tp into update-documentation Merge new edits","messageBody":"","fileTypesAndContributionMap":{}},{"hash":"9cc8c548876ccca67c9a130844fd693a07c5d9e3","isMergeCommit":false,"messageTitle":"Adding tags","messageBody":"","fileTypesAndContributionMap":{"docs":{"insertions":1,"deletions":1}}},{"hash":"35fa2d075e549d2a80af45a2043504694df84009","isMergeCommit":true,"messageTitle":"Merge pull request #167 from nikingoda/add-phone-command","messageBody":"Update UserGuide.md about phone command","fileTypesAndContributionMap":{}},{"hash":"c20614afcee6668f557635da5ba90c55790f7694","isMergeCommit":true,"messageTitle":"Merge pull request #169 from changjy81/update-developer-guide","messageBody":"Update developer guide with manual testing instructions","fileTypesAndContributionMap":{}},{"hash":"af3c849ff308e80c48cfd66ff05f567acb7ed4b6","isMergeCommit":false,"messageTitle":"Add planned enhancements","messageBody":"","fileTypesAndContributionMap":{"docs":{"insertions":15,"deletions":0}}},{"hash":"72363dd48d088d1e67b92839708892f197a5633e","isMergeCommit":true,"messageTitle":"Merge pull request #170 from yuto1115/update-docs","messageBody":"Update UG","fileTypesAndContributionMap":{}},{"hash":"26ac8e6cfbfe1f58965c8a357b9510eefa2d4ce9","isMergeCommit":true,"messageTitle":"Merge pull request #171 from sunpterodactyl/planned-enhancements","messageBody":"Add planned enhancements","tags":["v1.5"],"fileTypesAndContributionMap":{}}]},{"date":"2025-04-07T00:00:00","commitResults":[{"hash":"ab3de4d845e4bca81cd98e506e68e2c8165600b2","isMergeCommit":false,"messageTitle":"Change tag command logic","messageBody":"","fileTypesAndContributionMap":{"functional-code":{"insertions":29,"deletions":5}}},{"hash":"499f512cc7dd207f4a26c0a07b3735423f18800d","isMergeCommit":false,"messageTitle":"Add in code for tests and fix testing logic","messageBody":"","fileTypesAndContributionMap":{"functional-code":{"insertions":22,"deletions":2},"test-code":{"insertions":43,"deletions":10}}},{"hash":"ee4f19d813e7e5ec2db2c11f4eb70abc3d7216ca","isMergeCommit":false,"messageTitle":"Update equals test coverage","messageBody":"","fileTypesAndContributionMap":{"test-code":{"insertions":22,"deletions":1}}},{"hash":"c8b41b7b68e4381704fcd62bdf51af84d6b33a9a","isMergeCommit":false,"messageTitle":"Fix import","messageBody":"","fileTypesAndContributionMap":{"test-code":{"insertions":3,"deletions":1}}},{"hash":"f224c606ff9397694d79954b307487de54f7c43f","isMergeCommit":false,"messageTitle":"Fix codecov missing lines","messageBody":"","fileTypesAndContributionMap":{"test-code":{"insertions":12,"deletions":3}}},{"hash":"7caeefa2754f00eb5511e30153eba7b584465792","isMergeCommit":false,"messageTitle":"Update proposed format for tag command","messageBody":"","fileTypesAndContributionMap":{"docs":{"insertions":53,"deletions":9}}},{"hash":"a2b4c4418573c111ec0caa560894f287a7c1d94f","isMergeCommit":false,"messageTitle":"Clarify tag execution process","messageBody":"","fileTypesAndContributionMap":{"docs":{"insertions":4,"deletions":2}}},{"hash":"1f285716322a5611101873ecc90f49820250a4fb","isMergeCommit":false,"messageTitle":"Fix grammar inconsistencies","messageBody":"","fileTypesAndContributionMap":{"docs":{"insertions":2,"deletions":2}}},{"hash":"594225d8be3cab7f5c3ecdd3adccb5909456dc51","isMergeCommit":false,"messageTitle":"Fix command format for scenario 2","messageBody":"","fileTypesAndContributionMap":{"docs":{"insertions":1,"deletions":1}}},{"hash":"24218eb8776b3ebbd2f203324ab5929e7ae33dc5","isMergeCommit":false,"messageTitle":"Improve readability","messageBody":"","fileTypesAndContributionMap":{"docs":{"insertions":25,"deletions":9}}}]},{"date":"2025-04-08T00:00:00","commitResults":[{"hash":"fa8e1dff436a37f6f90c37436c6e5ead58ab45d7","isMergeCommit":false,"messageTitle":"Commit changes","messageBody":"","fileTypesAndContributionMap":{"docs":{"insertions":197,"deletions":31}}},{"hash":"95cfaaa4e14d400570769a53573edc85714f9b14","isMergeCommit":false,"messageTitle":"Update known issues","messageBody":"","fileTypesAndContributionMap":{"docs":{"insertions":7,"deletions":2}}},{"hash":"d976636964701aa551bcaf0a986a782fc373fe46","isMergeCommit":false,"messageTitle":"Change 1 word","messageBody":"","fileTypesAndContributionMap":{"functional-code":{"insertions":1,"deletions":1}}},{"hash":"5f715a514c689271e144c527116222af18742b69","isMergeCommit":true,"messageTitle":"Merge pull request #249 from sunpterodactyl/change-identical-name-message","messageBody":"Rename message outputs \"New name must be different..\"","fileTypesAndContributionMap":{}},{"hash":"c93a4532adbacac6825c0b12a072b228af12343d","isMergeCommit":true,"messageTitle":"Merge changes","messageBody":"","fileTypesAndContributionMap":{}},{"hash":"6235e8871361c14708b83c6630c96d4f84928bdf","isMergeCommit":false,"messageTitle":"Update after merging","messageBody":"","fileTypesAndContributionMap":{"docs":{"insertions":4,"deletions":16}}},{"hash":"dc71c0cdfcd5768db64b813fc844cc0981fa2c79","isMergeCommit":false,"messageTitle":"Add phone number","messageBody":"","fileTypesAndContributionMap":{"docs":{"insertions":13,"deletions":12}}},{"hash":"b50d1e52c81d34861444d3906e70ebc778b8a814","isMergeCommit":true,"messageTitle":"Merge pull request #248 from sunpterodactyl/user-guide","messageBody":"Change user guide","fileTypesAndContributionMap":{}},{"hash":"a5ae7c386b31f41dc379ed41e0ac6718a34a6ff8","isMergeCommit":false,"messageTitle":"Fix formatting errors","messageBody":"","fileTypesAndContributionMap":{"docs":{"insertions":23,"deletions":40}}},{"hash":"8ad375fffab76eb044c0edec2996e7ca9964d8d0","isMergeCommit":true,"messageTitle":"Merge pull request #256 from yuto1115/update-docs","messageBody":"Update UG","fileTypesAndContributionMap":{}},{"hash":"8d50aaf93ffc9c3cfd4ab704fa72dfc7e7b2412c","isMergeCommit":false,"messageTitle":"Update behaviour and table of contents","messageBody":"","fileTypesAndContributionMap":{"docs":{"insertions":109,"deletions":58}}}]}],"nikingoda":[{"date":"2025-03-05T00:00:00","commitResults":[{"hash":"5c0cb8d82c0acee8e374b99d7d9a02692f42517d","isMergeCommit":false,"messageTitle":"Update Ngo Duc Anh\u0027s details in AboutUs.md","messageBody":"","fileTypesAndContributionMap":{"docs":{"insertions":4,"deletions":44}}},{"hash":"6ec8a7d1250b4ff059cbb9e7833906d53bc3006a","isMergeCommit":true,"messageTitle":"Merge pull request #22 from nikingoda/nikingoda-details","messageBody":"Update Ngo Duc Anh\u0027s details in AboutUs.md","fileTypesAndContributionMap":{}}]},{"date":"2025-03-13T00:00:00","commitResults":[{"hash":"4b0c16419d0b448a9d0ad876fda160f991bcc62c","isMergeCommit":false,"messageTitle":"Update features in README.md","messageBody":"","fileTypesAndContributionMap":{"docs":{"insertions":7,"deletions":0}}},{"hash":"83dcb5541f971bdc417c91e49d59756b231d6285","isMergeCommit":true,"messageTitle":"Merge pull request #49 from ongxinyii/master","messageBody":"Update order of user stories","fileTypesAndContributionMap":{}}]},{"date":"2025-03-20T00:00:00","commitResults":[{"hash":"23f87d366cf86fd5b199a56e05edc3ad33a98ae2","isMergeCommit":false,"messageTitle":"Add repay command","messageBody":"","fileTypesAndContributionMap":{"functional-code":{"insertions":139,"deletions":0},"test-code":{"insertions":70,"deletions":0}}},{"hash":"7f0203cb644817475b8f1cebff416c399718b904","isMergeCommit":false,"messageTitle":"Restyle code","messageBody":"","fileTypesAndContributionMap":{"functional-code":{"insertions":38,"deletions":22}}},{"hash":"2c604296ef43d7b8ee564e8379e03eeb91d9f777","isMergeCommit":false,"messageTitle":"Reformat code","messageBody":"","fileTypesAndContributionMap":{"functional-code":{"insertions":18,"deletions":3}}},{"hash":"668d78909023c6b85f9d8dc55bbd94297e3abe55","isMergeCommit":false,"messageTitle":"Reformat code","messageBody":"","fileTypesAndContributionMap":{"functional-code":{"insertions":3,"deletions":10}}},{"hash":"91e8e656ded386d682b4f5a2543c1aaabee174b3","isMergeCommit":false,"messageTitle":"Reformat code","messageBody":"","fileTypesAndContributionMap":{"functional-code":{"insertions":10,"deletions":2}}},{"hash":"3bedb986690559d13458c3f487c917751bf7e0a0","isMergeCommit":false,"messageTitle":"Reformat code","messageBody":"","fileTypesAndContributionMap":{"functional-code":{"insertions":6,"deletions":5}}},{"hash":"00b47aeab3e87e0161a7f825472baea163a24675","isMergeCommit":true,"messageTitle":"Merge pull request #63 from yuto1115/fix-command-message","messageBody":"Fix displayed messages of add and repay commands","fileTypesAndContributionMap":{}}]},{"date":"2025-03-27T00:00:00","commitResults":[{"hash":"c66353089da9f53edb175448ed765b242be4a42a","isMergeCommit":false,"messageTitle":"Add sort command","messageBody":"","fileTypesAndContributionMap":{"functional-code":{"insertions":58,"deletions":0}}},{"hash":"ed3110dc8d32960024cd698f9db383773549bdc6","isMergeCommit":true,"messageTitle":"Merge branch \u0027AY2425S2-CS2103T-F11-4:master\u0027 into add-sort-command","messageBody":"","fileTypesAndContributionMap":{}},{"hash":"7c68bb3f8572145cbf4278f5f736ffa7ccb12763","isMergeCommit":false,"messageTitle":"Refactor code","messageBody":"","fileTypesAndContributionMap":{"functional-code":{"insertions":2,"deletions":1}}},{"hash":"c5469661e3b0b0d9a7222c7741e741f692ec739c","isMergeCommit":false,"messageTitle":"Restyle code","messageBody":"","fileTypesAndContributionMap":{"functional-code":{"insertions":6,"deletions":5}}},{"hash":"8dc48e695d3ce89e92a90dfad9394208fd4eb08a","isMergeCommit":false,"messageTitle":"Restyle code","messageBody":"","fileTypesAndContributionMap":{"functional-code":{"insertions":2,"deletions":2}}},{"hash":"2e22672687689d0dd4f962408c6fd401291f4a27","isMergeCommit":false,"messageTitle":"Add test for SortCommand","messageBody":"","fileTypesAndContributionMap":{"test-code":{"insertions":40,"deletions":0}}},{"hash":"933235a97289cc8a5ae697c9974f7674b7fc9c19","isMergeCommit":false,"messageTitle":"Restyle code","messageBody":"","fileTypesAndContributionMap":{"test-code":{"insertions":2,"deletions":2}}},{"hash":"5a062d06035a63a8accf1d2a48aa0bc22d9789d2","isMergeCommit":false,"messageTitle":"Update new feature on README.md","messageBody":"","fileTypesAndContributionMap":{"docs":{"insertions":1,"deletions":0}}},{"hash":"898391056ff3b3879848dcd164a8ac3f0080df19","isMergeCommit":true,"messageTitle":"Merge pull request #80 from sunpterodactyl/enable-add-command","messageBody":"Edit add command to adding a new loan/person","fileTypesAndContributionMap":{}},{"hash":"10c535cda384d15e56ce8237a934661260c39183","isMergeCommit":false,"messageTitle":"Remove unnecessary try-catch block","messageBody":"","fileTypesAndContributionMap":{"functional-code":{"insertions":7,"deletions":12}}}]},{"date":"2025-04-02T00:00:00","commitResults":[{"hash":"487227c488f9a5e1a86cb2d0bdcd1dfac6706a1f","isMergeCommit":false,"messageTitle":"Re-enable and add phone command","messageBody":"","fileTypesAndContributionMap":{"functional-code":{"insertions":222,"deletions":16},"test-code":{"insertions":64,"deletions":5}}},{"hash":"bc4f7eec104504086eba5f9526aad00da2b7add7","isMergeCommit":false,"messageTitle":"Restyle code","messageBody":"","fileTypesAndContributionMap":{"functional-code":{"insertions":25,"deletions":13}}},{"hash":"a4b4a4fe2b3a30affdb0d1bbfde66e66a2bbc81f","isMergeCommit":false,"messageTitle":"Restyle code","messageBody":"","fileTypesAndContributionMap":{"functional-code":{"insertions":3,"deletions":3}}},{"hash":"04e0c8669d7f4f43e25e5b2e09eada23fe249dba","isMergeCommit":false,"messageTitle":"Restyle code","messageBody":"","fileTypesAndContributionMap":{"test-code":{"insertions":5,"deletions":3}}},{"hash":"be7299eb9b53f0ba9e453f100983064eb550ea56","isMergeCommit":false,"messageTitle":"Restyle code","messageBody":"","fileTypesAndContributionMap":{"test-code":{"insertions":3,"deletions":2}}},{"hash":"697d922235ea87bd4f839fcef7372ad1e61b8f58","isMergeCommit":false,"messageTitle":"Restyle code","messageBody":"","fileTypesAndContributionMap":{"test-code":{"insertions":1,"deletions":0}}},{"hash":"d485bb35e4cd91f3188f2aaa8abf6dd39f671841","isMergeCommit":false,"messageTitle":"Restyle code","messageBody":"","fileTypesAndContributionMap":{"test-code":{"insertions":0,"deletions":2}}}]},{"date":"2025-04-03T00:00:00","commitResults":[{"hash":"3f5cadec3ce22edc5eed2d4d5e59b93a192693f6","isMergeCommit":true,"messageTitle":"Merge pull request #2 from AY2425S2-CS2103T-F11-4/master","messageBody":"resolve conflict","fileTypesAndContributionMap":{}},{"hash":"0d427dba015ddf22149a66806742437f6fcf8823","isMergeCommit":false,"messageTitle":"Resolve conflict","messageBody":"","fileTypesAndContributionMap":{"functional-code":{"insertions":3,"deletions":0}}},{"hash":"3a8ba233fb805fb41697d70412d3c22eebf2e533","isMergeCommit":true,"messageTitle":"Merge branch \u0027add-phone-command\u0027 into master","messageBody":"","fileTypesAndContributionMap":{}},{"hash":"ef7e5c72d9be6e778723c16e4c0335384030d578","isMergeCommit":true,"messageTitle":"Merge pull request #3 from AY2425S2-CS2103T-F11-4/master","messageBody":"resolve conflict","fileTypesAndContributionMap":{}},{"hash":"76863c9360e1d09794079c6ec3867006120ef94b","isMergeCommit":true,"messageTitle":"Merge branch \u0027AY2425S2-CS2103T-F11-4:master\u0027 into add-sort-command","messageBody":"","fileTypesAndContributionMap":{}},{"hash":"7a81d1801d8eb5b1ba17a0da83ac19f4701ce258","isMergeCommit":true,"messageTitle":"Merge branch \u0027AY2425S2-CS2103T-F11-4:master\u0027 into add-phone-command","messageBody":"","fileTypesAndContributionMap":{}},{"hash":"836756c8ff4ee0b585bd818bfa06c76fea3d8122","isMergeCommit":false,"messageTitle":"Add more test case for phone command","messageBody":"","fileTypesAndContributionMap":{"functional-code":{"insertions":17,"deletions":1},"test-code":{"insertions":75,"deletions":3}}},{"hash":"c06c06e00a6d19945dfcacfc82730c753596e53a","isMergeCommit":false,"messageTitle":"Restyle code","messageBody":"","fileTypesAndContributionMap":{"functional-code":{"insertions":0,"deletions":1}}},{"hash":"e87fa6ba8bfef21219ce62bfe7049d783ea68573","isMergeCommit":false,"messageTitle":"Restyle code","messageBody":"","fileTypesAndContributionMap":{"functional-code":{"insertions":0,"deletions":1}}},{"hash":"db5a051ce9c2b233a34580a6623ddeba80a398e0","isMergeCommit":false,"messageTitle":"Restyle code","messageBody":"","fileTypesAndContributionMap":{"test-code":{"insertions":1,"deletions":1}}},{"hash":"88f23874b6b06f38956be82fb5231edb64bf8dd7","isMergeCommit":false,"messageTitle":"Restyle code","messageBody":"","fileTypesAndContributionMap":{"test-code":{"insertions":1,"deletions":1}}},{"hash":"c26f79b5430a3ab455ad32107993ec6735c887ff","isMergeCommit":false,"messageTitle":"Add more testcase to cover all of lines","messageBody":"","fileTypesAndContributionMap":{"test-code":{"insertions":26,"deletions":0}}},{"hash":"5a396c1f63fd477700028c525ee993fa77e67ce1","isMergeCommit":false,"messageTitle":"Update UserGuide.md about phone command","messageBody":"","fileTypesAndContributionMap":{"docs":{"insertions":4,"deletions":2}}}]},{"date":"2025-04-07T00:00:00","commitResults":[{"hash":"a505259ab23a3aa2825c53c894eff93484c41e39","isMergeCommit":true,"messageTitle":"Merge branch \u0027AY2425S2-CS2103T-F11-4:master\u0027 into add-sort-command","messageBody":"","fileTypesAndContributionMap":{}},{"hash":"23ecdcaded7c52e544d7bc6cc3fc18e25014c99f","isMergeCommit":true,"messageTitle":"Merge pull request #237 from yuto1115/fix-vanish-phone","messageBody":"Fix the vanishing-phone problem","fileTypesAndContributionMap":{}},{"hash":"140714fa574fdebaa4be33c9b2164de3bb3beb94","isMergeCommit":false,"messageTitle":"Update ListCommand.java","messageBody":"","fileTypesAndContributionMap":{"functional-code":{"insertions":13,"deletions":3}}},{"hash":"e3e6defdeed4577e8d9c77d3cc14cefcf6d9a196","isMergeCommit":true,"messageTitle":"Merge branch \u0027AY2425S2-CS2103T-F11-4:master\u0027 into add-list-command","messageBody":"","fileTypesAndContributionMap":{}},{"hash":"4567696711f6c38e17e803c4a1e993caf2d1a73a","isMergeCommit":false,"messageTitle":"Update phone command","messageBody":"","fileTypesAndContributionMap":{"functional-code":{"insertions":3,"deletions":3}}},{"hash":"a2ea69a07bd8bd1f3fc9d219d5b412a3e567b5a6","isMergeCommit":true,"messageTitle":"Merge remote-tracking branch \u0027origin/add-list-command\u0027 into add-list-command","messageBody":"","fileTypesAndContributionMap":{}},{"hash":"6b26994c5bd4fb06b5697c78950ba2c2c7417706","isMergeCommit":false,"messageTitle":"Update phone command\u0027s message","messageBody":"","fileTypesAndContributionMap":{"functional-code":{"insertions":3,"deletions":2}}},{"hash":"60de6beccda3b4b13e0eef2bec0d5194e38005b5","isMergeCommit":false,"messageTitle":"Restyle code","messageBody":"","fileTypesAndContributionMap":{"functional-code":{"insertions":2,"deletions":2}}},{"hash":"8b6ad9ec930d0203b471721cb2d3b998bfc779fb","isMergeCommit":false,"messageTitle":"Restyle code","messageBody":"","fileTypesAndContributionMap":{"functional-code":{"insertions":1,"deletions":1}}},{"hash":"22988f15231ace80f006d05df2e58d7c8e35b293","isMergeCommit":false,"messageTitle":"Restyle code","messageBody":"","fileTypesAndContributionMap":{"functional-code":{"insertions":2,"deletions":1}}},{"hash":"d7b5892df5425864da9259d81c53c1b574813e51","isMergeCommit":false,"messageTitle":"Restyle code and remove old test case","messageBody":"","fileTypesAndContributionMap":{"functional-code":{"insertions":1,"deletions":1},"test-code":{"insertions":0,"deletions":8}}}]},{"date":"2025-04-08T00:00:00","commitResults":[{"hash":"a2a0cd3bb6563056b3b029a0e1c38e072447b9d5","isMergeCommit":false,"messageTitle":"Change null to EMPTY_PHONE","messageBody":"","fileTypesAndContributionMap":{"functional-code":{"insertions":1,"deletions":1}}},{"hash":"bdf32479dd71385ee29a5060c6661390baa05f03","isMergeCommit":true,"messageTitle":"Merge pull request #257 from sunpterodactyl/fix-sitemap","messageBody":"Update behaviour and table of contents","fileTypesAndContributionMap":{}}]}],"ongxinyii":[{"date":"2025-03-05T00:00:00","commitResults":[{"hash":"657eabc1ca87691e94375785d21bfeed547f3e73","isMergeCommit":false,"messageTitle":"Update AboutUs to include Xinyi\u0027s details","messageBody":"","fileTypesAndContributionMap":{"docs":{"insertions":4,"deletions":3}}}]},{"date":"2025-03-06T00:00:00","commitResults":[{"hash":"39ee39611ffe22d1a68b6b912f29d7cd2dc4fff6","isMergeCommit":true,"messageTitle":"Merge branch \u0027master\u0027 into about-us","messageBody":"# Conflicts:\n#\tdocs/AboutUs.md\n","fileTypesAndContributionMap":{}},{"hash":"0a9d862cf9fe93383398759337ed581059f18231","isMergeCommit":false,"messageTitle":"Update user stories","messageBody":"","fileTypesAndContributionMap":{"docs":{"insertions":39,"deletions":10}}},{"hash":"3b6f8e625eb8fe65cba6051b32fe2fd594208874","isMergeCommit":false,"messageTitle":"Update use cases","messageBody":"","fileTypesAndContributionMap":{"docs":{"insertions":49,"deletions":12}}},{"hash":"f19fb80869dd93c4632fb10d74d7b9f75b06eca0","isMergeCommit":false,"messageTitle":"Update NFR and Glossary","messageBody":"","fileTypesAndContributionMap":{"docs":{"insertions":26,"deletions":1}}}]},{"date":"2025-03-08T00:00:00","commitResults":[{"hash":"cd9f93ecc6a12e2db9405960e3ae3bf1db293e0b","isMergeCommit":false,"messageTitle":"Update product scope","messageBody":"","fileTypesAndContributionMap":{"docs":{"insertions":3,"deletions":4}}}]},{"date":"2025-03-13T00:00:00","commitResults":[{"hash":"4941616c4881e8554071522177c4b51c9d6f054d","isMergeCommit":false,"messageTitle":"Update order of user stories","messageBody":"","fileTypesAndContributionMap":{"docs":{"insertions":9,"deletions":10}}}]},{"date":"2025-03-18T00:00:00","commitResults":[{"hash":"2158af4a153d706acbe8ef523c7dccdaa8cda1c8","isMergeCommit":true,"messageTitle":"Merge branch \u0027master\u0027 of https://github.com/AY2425S2-CS2103T-F11-4/tp","messageBody":"","fileTypesAndContributionMap":{}},{"hash":"6919ef1604c207d1075830dff836be7f23a0838a","isMergeCommit":true,"messageTitle":"Merge pull request #50 from nikingoda/update-documentation","messageBody":"Update list of features in README.md","fileTypesAndContributionMap":{}}]},{"date":"2025-03-19T00:00:00","commitResults":[{"hash":"d1007d3f92276c00053c31e227e7fbf9ac6ab93a","isMergeCommit":false,"messageTitle":"Update ui to reflect changes to loan","messageBody":"","fileTypesAndContributionMap":{"functional-code":{"insertions":22,"deletions":22},"other":{"insertions":11,"deletions":11},"test-code":{"insertions":1,"deletions":1}}}]},{"date":"2025-03-20T00:00:00","commitResults":[{"hash":"41d83f32e60f372db6734d04461cfd6c30f39bfa","isMergeCommit":false,"messageTitle":"Fix build errors","messageBody":"","fileTypesAndContributionMap":{"functional-code":{"insertions":0,"deletions":3}}},{"hash":"a82a6a3ef919327a53b615281246e143e5251090","isMergeCommit":true,"messageTitle":"Merge pull request #57 from ongxinyii/ui_changes","messageBody":"Modify LoanListCard in UI","fileTypesAndContributionMap":{}}]},{"date":"2025-03-26T00:00:00","commitResults":[{"hash":"7054decc9db85dce00ce9db8e60bf11f1ac89584","isMergeCommit":true,"messageTitle":"Merge pull request #77 from changjy81/restructure-loan-model","messageBody":"Restructure loan model","fileTypesAndContributionMap":{}}]},{"date":"2025-03-27T00:00:00","commitResults":[{"hash":"4e512c9da900ce9357dec793cbd2fbafb54be7c7","isMergeCommit":false,"messageTitle":"Change format of GUI","messageBody":"","fileTypesAndContributionMap":{"functional-code":{"insertions":107,"deletions":86},"test-code":{"insertions":1,"deletions":1}}},{"hash":"ef06afa2ffcd7953dbf7d1cee66dede423af67af","isMergeCommit":true,"messageTitle":"Merge branch \u0027master\u0027 into ui_changes","messageBody":"","fileTypesAndContributionMap":{}},{"hash":"a5e70873b2ea939b766272eafdb9e8e33451bb14","isMergeCommit":false,"messageTitle":"Fix build errors","messageBody":"","fileTypesAndContributionMap":{"functional-code":{"insertions":1,"deletions":2}}},{"hash":"b128299d80749868474b114a123895e76c0c03f1","isMergeCommit":false,"messageTitle":"Update LoanCard.java","messageBody":"","fileTypesAndContributionMap":{"functional-code":{"insertions":1,"deletions":1}}}]},{"date":"2025-03-30T00:00:00","commitResults":[{"hash":"168b37ba521b65d89726b57d06282a01f2cf80c6","isMergeCommit":true,"messageTitle":"Merge branch \u0027ui_changes\u0027 of https://github.com/ongxinyii/tp into ui_changes","messageBody":"","fileTypesAndContributionMap":{}},{"hash":"7f6f538f88b000d4f0049481c7e8ff09c0085054","isMergeCommit":false,"messageTitle":"Update UI UML Diagram","messageBody":"","fileTypesAndContributionMap":{"docs":{"insertions":8,"deletions":8}}}]},{"date":"2025-03-31T00:00:00","commitResults":[{"hash":"45eb878cb71e6e13ef62115b9d5fe26064d8f921","isMergeCommit":true,"messageTitle":"Merge branch \u0027master\u0027 of https://github.com/AY2425S2-CS2103T-F11-4/tp into ui_changes","messageBody":"","fileTypesAndContributionMap":{}},{"hash":"ea86b43496d7ff5aa1a272f6ea2ffac01aadf8e0","isMergeCommit":true,"messageTitle":"Merge pull request #101 from ongxinyii/ui_changes","messageBody":"Update UI UML diagram","fileTypesAndContributionMap":{}}]},{"date":"2025-04-01T00:00:00","commitResults":[{"hash":"95fae00dc7f291f57afcaaf7cc517561fd1f32a0","isMergeCommit":true,"messageTitle":"Merge pull request #113 from sunpterodactyl/update-parser-test","messageBody":"Update parser tests","fileTypesAndContributionMap":{}}]},{"date":"2025-04-02T00:00:00","commitResults":[{"hash":"2cbcd3a75309860139cb2379295c2aa73a57e9bb","isMergeCommit":false,"messageTitle":"Add find command","messageBody":"","fileTypesAndContributionMap":{"functional-code":{"insertions":84,"deletions":35}}},{"hash":"b248c1343c1ae04cf989e01df3754d2e3ab913fd","isMergeCommit":false,"messageTitle":"Add test cases for FindCommand","messageBody":"","fileTypesAndContributionMap":{"functional-code":{"insertions":10,"deletions":10},"test-code":{"insertions":29,"deletions":37}}},{"hash":"fde78e34142df80eadd374c206a4242d03613609","isMergeCommit":false,"messageTitle":"Fix build error due to checkstyle","messageBody":"","fileTypesAndContributionMap":{"functional-code":{"insertions":0,"deletions":13}}},{"hash":"b4cc8635f2af11fe6288cd9e20a18c9dee7c6848","isMergeCommit":false,"messageTitle":"Fix build error 2","messageBody":"","fileTypesAndContributionMap":{"test-code":{"insertions":2,"deletions":1}}},{"hash":"614bb3cd88fe203dc7e99a75a18e98fe6c4425db","isMergeCommit":false,"messageTitle":"Fix build errors 3","messageBody":"","fileTypesAndContributionMap":{"test-code":{"insertions":6,"deletions":2}}},{"hash":"7a90fb9b930933239c39914c47b5ab65cba5071b","isMergeCommit":false,"messageTitle":"Change FindCommandTest","messageBody":"","fileTypesAndContributionMap":{"test-code":{"insertions":38,"deletions":35}}}]},{"date":"2025-04-03T00:00:00","commitResults":[{"hash":"18dc762d35dcf0c66d7855379c18c76412ef36bc","isMergeCommit":false,"messageTitle":"Add VBox to show history","messageBody":"","fileTypesAndContributionMap":{"functional-code":{"insertions":52,"deletions":5}}},{"hash":"0dba176ea4348f03410b31c6fb48dc57f4127b3a","isMergeCommit":true,"messageTitle":"Merge branch \u0027master\u0027 into ui_changes","messageBody":"","fileTypesAndContributionMap":{}},{"hash":"1c92fffa7810ef61e7065031d66d7a2bfc402b5f","isMergeCommit":false,"messageTitle":"Remove trailing whitespace","messageBody":"","fileTypesAndContributionMap":{"functional-code":{"insertions":0,"deletions":1},"docs":{"insertions":3,"deletions":4}}},{"hash":"406496a72e1ba262b9a1f5b6fd586e1579716966","isMergeCommit":true,"messageTitle":"Merge branch \u0027ui_changes\u0027 of https://github.com/ongxinyii/tp into ui_changes","messageBody":"","fileTypesAndContributionMap":{}},{"hash":"1219b342c13e189951f30065ea1f7dc99832286d","isMergeCommit":false,"messageTitle":"Update UG and DG","messageBody":"","fileTypesAndContributionMap":{"functional-code":{"insertions":1,"deletions":2},"docs":{"insertions":39,"deletions":9}}},{"hash":"5faca9cd4d5b538eb06987d629f1e07b0f866008","isMergeCommit":true,"messageTitle":"Merge branch \u0027master\u0027 into renable_find","messageBody":"","fileTypesAndContributionMap":{}},{"hash":"3301ccae0d753f6821e9fa12ad62199ce7b0b16d","isMergeCommit":false,"messageTitle":"Remove whitespace","messageBody":"","fileTypesAndContributionMap":{"test-code":{"insertions":1,"deletions":0}}},{"hash":"2282481749888e56c414a90099d2d009afaa0d5c","isMergeCommit":true,"messageTitle":"Remove whitespace + merge with master","messageBody":"","fileTypesAndContributionMap":{}},{"hash":"431222d98de414f650f6ad652365c6e73cde11c9","isMergeCommit":true,"messageTitle":"Merge remote-tracking branch \u0027origin/renable_find\u0027 into renable_find","messageBody":"# Conflicts:\n#\tsrc/main/java/wanted/logic/Messages.java\n","fileTypesAndContributionMap":{}},{"hash":"d241cea639324c8a2e040d87f9c677f88c28c48c","isMergeCommit":true,"messageTitle":"Merge branch \u0027master\u0027 of https://github.com/AY2425S2-CS2103T-F11-4/tp into renable_find","messageBody":"# Conflicts:\n#\tsrc/main/java/wanted/logic/Messages.java\n","fileTypesAndContributionMap":{}},{"hash":"0c7121aa65dd6d22350e80c07d515b3882362ad1","isMergeCommit":false,"messageTitle":"Resolve merge conflicts","messageBody":"","fileTypesAndContributionMap":{"functional-code":{"insertions":0,"deletions":1}}},{"hash":"336dbee21e8a3c38e8423b1c6ff1246f8833715c","isMergeCommit":false,"messageTitle":"My last straw","messageBody":"","fileTypesAndContributionMap":{"functional-code":{"insertions":0,"deletions":1},"test-code":{"insertions":1,"deletions":2}}},{"hash":"b958b235afb08051b2d1c737c815e742921e9840","isMergeCommit":false,"messageTitle":"My actual last straw","messageBody":"","fileTypesAndContributionMap":{"functional-code":{"insertions":2,"deletions":1}}},{"hash":"fb1d7b4948eb550342698f51dcd977e54b7bf82a","isMergeCommit":false,"messageTitle":"Disabled find command tests","messageBody":"","fileTypesAndContributionMap":{"test-code":{"insertions":76,"deletions":76}}},{"hash":"9adf5ad315725597b404d47edbe0cf28c56fbf2b","isMergeCommit":false,"messageTitle":"Fix checkstyle","messageBody":"","fileTypesAndContributionMap":{"test-code":{"insertions":0,"deletions":92}}},{"hash":"f11d5eec90d7ad5352d1ec17b0b6b42d8b8eae73","isMergeCommit":false,"messageTitle":"Disable findcommand tests","messageBody":"","fileTypesAndContributionMap":{"test-code":{"insertions":89,"deletions":34}}},{"hash":"390d9eaf9050b456ad95a3f0fc4ed8c83ab71ec1","isMergeCommit":false,"messageTitle":"Add test cases for FindCommand","messageBody":"","fileTypesAndContributionMap":{"functional-code":{"insertions":10,"deletions":16},"test-code":{"insertions":64,"deletions":49}}},{"hash":"0c9e9ca60ef47df645a64e6a667b163cef361945","isMergeCommit":true,"messageTitle":"Merge branch \u0027master\u0027 of https://github.com/AY2425S2-CS2103T-F11-4/tp into renable_find","messageBody":"","fileTypesAndContributionMap":{}},{"hash":"42c65f4fa07d3f6b2f33a062d5a12f12ff360ddb","isMergeCommit":false,"messageTitle":"Update UI for easier readability","messageBody":"","fileTypesAndContributionMap":{"functional-code":{"insertions":5,"deletions":1}}},{"hash":"c6dc3353c21bfae4a494a37852919caa9d777173","isMergeCommit":true,"messageTitle":"Merge pull request #162 from changjy81/fix-add-command-extra-inputs","messageBody":"Remove support for reading tags and phone from add command","fileTypesAndContributionMap":{}},{"hash":"60f9c52a826290e7df96da18357ea280b28f612d","isMergeCommit":true,"messageTitle":"Merge pull request #165 from sunpterodactyl/update-documentation","messageBody":"Update documentation","fileTypesAndContributionMap":{}},{"hash":"d89a732c6c85be498d0619900e6eac47f6159854","isMergeCommit":false,"messageTitle":"Update FindCommand Message Usage","messageBody":"","fileTypesAndContributionMap":{"functional-code":{"insertions":3,"deletions":3}}},{"hash":"0153174fe229ab2c16471669286875e2d1dcebf9","isMergeCommit":false,"messageTitle":"Fix phrasing","messageBody":"","fileTypesAndContributionMap":{"functional-code":{"insertions":1,"deletions":2}}}]},{"date":"2025-04-07T00:00:00","commitResults":[{"hash":"8a2a744d90aea9f1784b2b03e4a02d9374798b09","isMergeCommit":false,"messageTitle":"Update UI background and fonts","messageBody":"","fileTypesAndContributionMap":{"functional-code":{"insertions":37,"deletions":13}}},{"hash":"6c7b90e77b33f35ca6657449d3a6f5d05a2f20d9","isMergeCommit":false,"messageTitle":"Add total loaned amount and styled name to be larger","messageBody":"","fileTypesAndContributionMap":{"functional-code":{"insertions":17,"deletions":5}}}]},{"date":"2025-04-08T00:00:00","commitResults":[{"hash":"fad2ab5a122fe48d2a69c9415fe6494497418f63","isMergeCommit":false,"messageTitle":"Update find, list, sort and delete + change outdated screenshots","messageBody":"","fileTypesAndContributionMap":{"docs":{"insertions":341,"deletions":53}}},{"hash":"ba7196ceb038b3dec2df71391620caebeb874886","isMergeCommit":true,"messageTitle":"Merge pull request #254 from yuto1115/update-docs","messageBody":"Update UG and DG","fileTypesAndContributionMap":{}},{"hash":"8111af33809c79103b2e2dcea729124c5af0b226","isMergeCommit":true,"messageTitle":"Resolve merge conflicts","messageBody":"","fileTypesAndContributionMap":{}},{"hash":"0add2259747f2e8a7d0c10e283efbb9a841f2901","isMergeCommit":true,"messageTitle":"Merge pull request #255 from yuto1115/modify-command-message","messageBody":"Modify command message of add, sort and list","fileTypesAndContributionMap":{}},{"hash":"8a3a692d009a0b6bc8e6d5a4f76175ff3737d898","isMergeCommit":false,"messageTitle":"Remove addressbook","messageBody":"","fileTypesAndContributionMap":{"docs":{"insertions":1,"deletions":1}}},{"hash":"4a621da757df0c0cd60f31fe9f96853f0495cd6c","isMergeCommit":false,"messageTitle":"Update UG","messageBody":"","fileTypesAndContributionMap":{"docs":{"insertions":11,"deletions":12}}}]}],"yuto1115":[{"date":"2025-03-05T00:00:00","commitResults":[{"hash":"ed28b21e90f851e4c440019daafbd6e01b4af6ca","isMergeCommit":false,"messageTitle":"Add Yuto\u0027s section in the AboutUs page","messageBody":"","fileTypesAndContributionMap":{"docs":{"insertions":6,"deletions":6}}}]},{"date":"2025-03-06T00:00:00","commitResults":[{"hash":"83e91a1796f6accaa9c4e0574ad70b6e11702e31","isMergeCommit":true,"messageTitle":"Merge branch \u0027master\u0027 into add-yuto-aboutus","messageBody":"# Conflicts:\n#\tdocs/AboutUs.md\n","fileTypesAndContributionMap":{}}]},{"date":"2025-03-11T00:00:00","commitResults":[{"hash":"cd7d136acd4f11cc210c96579d8a5acd9438fe5b","isMergeCommit":false,"messageTitle":"Add a new class to handle dates","messageBody":"","fileTypesAndContributionMap":{"functional-code":{"insertions":55,"deletions":0},"test-code":{"insertions":45,"deletions":0}}},{"hash":"65753efc52307e3bb45dec4df7ec377edeca56a5","isMergeCommit":false,"messageTitle":"Add a date parser in ParserUtil","messageBody":"","fileTypesAndContributionMap":{"functional-code":{"insertions":14,"deletions":0},"test-code":{"insertions":20,"deletions":0}}}]},{"date":"2025-03-12T00:00:00","commitResults":[{"hash":"ba84552bca67f59f9166d3c3e00605aad9996af8","isMergeCommit":false,"messageTitle":"Move Index and Date classes to the commons.core.datatypes package","messageBody":"","fileTypesAndContributionMap":{"functional-code":{"insertions":6,"deletions":6},"other":{"insertions":4,"deletions":4},"test-code":{"insertions":7,"deletions":7}}}]},{"date":"2025-03-13T00:00:00","commitResults":[{"hash":"d6cfaea9959be22f097f2e2be30836390b0049b6","isMergeCommit":false,"messageTitle":"Add MoneyInt class","messageBody":"","fileTypesAndContributionMap":{"functional-code":{"insertions":82,"deletions":0},"test-code":{"insertions":71,"deletions":0}}},{"hash":"b7cab34fb1dc23491ab4bd04adf591948ab640d3","isMergeCommit":false,"messageTitle":"Fix checkstyle errors","messageBody":"","fileTypesAndContributionMap":{"functional-code":{"insertions":3,"deletions":3}}}]},{"date":"2025-03-20T00:00:00","commitResults":[{"hash":"2128e1c3bae9d4e6d6884e89cc708117596f3ee0","isMergeCommit":true,"messageTitle":"Merge pull request #59 from nikingoda/add-repay-command","messageBody":"Add Repay Command","fileTypesAndContributionMap":{}},{"hash":"a0086e2c38208be1daa8ce892e20854bae6f671a","isMergeCommit":false,"messageTitle":"Fix checkstyle errors","messageBody":"","fileTypesAndContributionMap":{"test-code":{"insertions":8,"deletions":7}}},{"hash":"9d2a6506e3c37252c22b2e3b77242bbf8971aed1","isMergeCommit":false,"messageTitle":"Fix displayed messages of add and repay commands","messageBody":"","fileTypesAndContributionMap":{"functional-code":{"insertions":6,"deletions":6}}},{"hash":"e2f430b40a37c825632616fd026ba1dbd704d7ec","isMergeCommit":true,"messageTitle":"Merge pull request #64 from changjy81/rename-json-files","messageBody":"Rename addressbook.json data files to loanbook.json","tags":["v1.3"],"fileTypesAndContributionMap":{}}]},{"date":"2025-03-25T00:00:00","commitResults":[{"hash":"1bcb2f1ac13448be67ae48e14fc785f831251201","isMergeCommit":true,"messageTitle":"Merge pull request #71 from changjy81/change-help-link","messageBody":"Change link shown in help window","fileTypesAndContributionMap":{}}]},{"date":"2025-03-27T00:00:00","commitResults":[{"hash":"de0a24e56a24f21cdf678e0f54a8e93bd0d9c8bf","isMergeCommit":false,"messageTitle":"Change ab3-related names to suit our product","messageBody":"","fileTypesAndContributionMap":{"functional-code":{"insertions":85,"deletions":85},"other":{"insertions":35,"deletions":35},"test-code":{"insertions":104,"deletions":104}}}]},{"date":"2025-03-29T00:00:00","commitResults":[{"hash":"96bf9fc145c2b169d932b995d20e2c97fa6371fa","isMergeCommit":false,"messageTitle":"Enable Java assertions","messageBody":"","fileTypesAndContributionMap":{"other":{"insertions":4,"deletions":0}}}]},{"date":"2025-03-30T00:00:00","commitResults":[{"hash":"50902bb467d0f832cd71c629b359f77697e8f51e","isMergeCommit":true,"messageTitle":"Merge pull request #94 from changjy81/fix-badges","messageBody":"Fix badges on README.md and index.md","fileTypesAndContributionMap":{}},{"hash":"2abb79d23883454c8a1d964417944db4c5bfa006","isMergeCommit":false,"messageTitle":"Refactor loan model and existing commands","messageBody":"","fileTypesAndContributionMap":{"functional-code":{"insertions":87,"deletions":190}}},{"hash":"b0e48f850dad5c84c5854d17be48a125fe83a5aa","isMergeCommit":false,"messageTitle":"Move arePrefixesPresent method to ArgumentMultimap class","messageBody":"","fileTypesAndContributionMap":{"functional-code":{"insertions":8,"deletions":10}}},{"hash":"775ef8919eaf1f79cb27b357007b4448a1e76cf8","isMergeCommit":false,"messageTitle":"Fix a small mistake in JavaDoc","messageBody":"","fileTypesAndContributionMap":{"functional-code":{"insertions":1,"deletions":1}}},{"hash":"3607ed7602087228f67e8a1878b906705451c0a1","isMergeCommit":false,"messageTitle":"Make a new exception class ExcessRepaymentException","messageBody":"","fileTypesAndContributionMap":{"functional-code":{"insertions":10,"deletions":0}}},{"hash":"b95d5e8be85e81df723a35e98bad70ba714ed861","isMergeCommit":false,"messageTitle":"Add date to increase and repay commands","messageBody":"","fileTypesAndContributionMap":{"functional-code":{"insertions":38,"deletions":16}}},{"hash":"59b3aecc3547b68702dccf7d74c04db359a78a3e","isMergeCommit":false,"messageTitle":"Fix MoneyIntTest","messageBody":"","fileTypesAndContributionMap":{"test-code":{"insertions":5,"deletions":5}}},{"hash":"07f99dfb8b3599d2cd3783bb031a879220f6dde5","isMergeCommit":false,"messageTitle":"Create classes to manage each loan transaction history","messageBody":"","fileTypesAndContributionMap":{"functional-code":{"insertions":181,"deletions":0},"test-code":{"insertions":181,"deletions":0}}},{"hash":"a25920c8bc0457df968553bcd27e3e9e42776833","isMergeCommit":false,"messageTitle":"Add transaction history to LoanAmount","messageBody":"","fileTypesAndContributionMap":{"functional-code":{"insertions":135,"deletions":83},"test-code":{"insertions":209,"deletions":102}}},{"hash":"8e3c8bcb0ada7dd3875f614e1e59f631a0ca6c76","isMergeCommit":false,"messageTitle":"Make existing codes compatible with the new Loan model","messageBody":"","fileTypesAndContributionMap":{"functional-code":{"insertions":90,"deletions":92},"test-code":{"insertions":297,"deletions":212}}},{"hash":"e44fc58e25fc687f8f4620141d84145db7589bfd","isMergeCommit":false,"messageTitle":"Fix checkstyle errors","messageBody":"","fileTypesAndContributionMap":{"functional-code":{"insertions":18,"deletions":18},"test-code":{"insertions":2,"deletions":9}}}]},{"date":"2025-03-31T00:00:00","commitResults":[{"hash":"49ababb18f588380b5894191f3cb12dd95dc6202","isMergeCommit":false,"messageTitle":"Modify LoanAmount to return history list copy","messageBody":"","fileTypesAndContributionMap":{"functional-code":{"insertions":15,"deletions":19},"test-code":{"insertions":36,"deletions":27}}},{"hash":"a74d8ca1b697f6ff12aba2486a52b58dc121b6fa","isMergeCommit":false,"messageTitle":"Remove unused import","messageBody":"","fileTypesAndContributionMap":{"test-code":{"insertions":0,"deletions":1}}}]},{"date":"2025-04-01T00:00:00","commitResults":[{"hash":"46706270ccfe672dbb85408e07d490b83d20b1be","isMergeCommit":false,"messageTitle":"Fix storage and storage-related test issues","messageBody":"","fileTypesAndContributionMap":{"functional-code":{"insertions":117,"deletions":29},"test-code":{"insertions":202,"deletions":75}}},{"hash":"5066fdbfebeddee2cff4bd5b0d04abb3ecab11b7","isMergeCommit":false,"messageTitle":"Remove unused imports","messageBody":"","fileTypesAndContributionMap":{"test-code":{"insertions":0,"deletions":3}}},{"hash":"0c2ad4b15f0345d8396d969c3f73f5af3094cfd5","isMergeCommit":false,"messageTitle":"Fix JsonProperty name","messageBody":"","fileTypesAndContributionMap":{"functional-code":{"insertions":1,"deletions":1}}}]},{"date":"2025-04-02T00:00:00","commitResults":[{"hash":"80863765ff04bd6c50e904fce4c150530864a610","isMergeCommit":false,"messageTitle":"Add API to delete a transaction from history","messageBody":"","fileTypesAndContributionMap":{"functional-code":{"insertions":29,"deletions":0},"test-code":{"insertions":45,"deletions":0}}},{"hash":"bae76aa5e9f81485d486f6469d5a6ab43583b446","isMergeCommit":false,"messageTitle":"Implement delhist command","messageBody":"","fileTypesAndContributionMap":{"functional-code":{"insertions":141,"deletions":1}}},{"hash":"12fd1201de7647331972687c280cf3f7f8f55fd9","isMergeCommit":false,"messageTitle":"Recover commented out tests","messageBody":"","fileTypesAndContributionMap":{"test-code":{"insertions":6,"deletions":5}}},{"hash":"59b3f5fae5c579d835326a6029bcf41dd30fce3a","isMergeCommit":false,"messageTitle":"Write tests for delhist command","messageBody":"","fileTypesAndContributionMap":{"functional-code":{"insertions":2,"deletions":0},"test-code":{"insertions":227,"deletions":0}}},{"hash":"0192f0af99853cde5aa6feda370008a40290cd01","isMergeCommit":true,"messageTitle":"Merge pull request #116 from changjy81/cleanup-ab3-references","messageBody":"Cleanup AB3 references","fileTypesAndContributionMap":{}},{"hash":"980695f2097bfe0529309278ba5fa10cf2bc7313","isMergeCommit":true,"messageTitle":"Merge branch \u0027master\u0027 into delete-history","messageBody":"","fileTypesAndContributionMap":{}}]},{"date":"2025-04-03T00:00:00","commitResults":[{"hash":"82458072aa9c1ae66b1b7a1bfa77878c66913b7d","isMergeCommit":false,"messageTitle":"Add API to replace a transaction in history","messageBody":"","fileTypesAndContributionMap":{"functional-code":{"insertions":21,"deletions":0},"test-code":{"insertions":55,"deletions":0}}},{"hash":"202d856fa86215f765b903a7a8d858676d06a0e2","isMergeCommit":true,"messageTitle":"Merge pull request #139 from changjy81/update-userguide","messageBody":"Update command summary table","fileTypesAndContributionMap":{}},{"hash":"f932db6bf462fe9c89e14c4f41d0426f5b8005c6","isMergeCommit":false,"messageTitle":"Fix javadoc","messageBody":"","fileTypesAndContributionMap":{"functional-code":{"insertions":1,"deletions":1}}},{"hash":"17e726163d9c0514e6b738d72311f25df05a507c","isMergeCommit":false,"messageTitle":"Add a utility method in LoanTransaction","messageBody":"","fileTypesAndContributionMap":{"functional-code":{"insertions":15,"deletions":0},"test-code":{"insertions":22,"deletions":0}}},{"hash":"eb935153d2e1bc3d6e73cf7f4c8a013ac47baea7","isMergeCommit":false,"messageTitle":"Add API to replace a transaction in history","messageBody":"","fileTypesAndContributionMap":{"functional-code":{"insertions":253,"deletions":318},"test-code":{"insertions":471,"deletions":421}}},{"hash":"a762b557c1b01255037036610758985b19ef3810","isMergeCommit":false,"messageTitle":"Delete unused test codes that cause errors","messageBody":"","fileTypesAndContributionMap":{"test-code":{"insertions":0,"deletions":187}}},{"hash":"beea57c0c35c9e0ea9d768cf9ba7ff2921d8598c","isMergeCommit":true,"messageTitle":"Merge from upstream master","messageBody":"","fileTypesAndContributionMap":{}},{"hash":"9635474341b9560c852ce09ad67f3d107d4875e9","isMergeCommit":true,"messageTitle":"Merge branch \u0027master\u0027 into edit-history","messageBody":"# Conflicts:\n#\tsrc/test/java/wanted/logic/parser/LoanBookParserTest.java\n","fileTypesAndContributionMap":{}},{"hash":"adb7145e2bad63989b7da4a8e35cb2bd1f0129e8","isMergeCommit":false,"messageTitle":"Fix checkstyle error","messageBody":"","fileTypesAndContributionMap":{"test-code":{"insertions":0,"deletions":1}}},{"hash":"d2061a8f3f123e6874ecbcd7570b192e33e8065a","isMergeCommit":false,"messageTitle":"Standardize the format of MESSAGE_USAGE across all commands","messageBody":"","fileTypesAndContributionMap":{"functional-code":{"insertions":57,"deletions":49}}},{"hash":"421b3b599ee5a2e9c8c3971a6ce4cf99099078d8","isMergeCommit":true,"messageTitle":"Merge pull request #152 from sunpterodactyl/ui-update","messageBody":"UI update","fileTypesAndContributionMap":{}},{"hash":"2b2d3cd4fa869519b60d679fb9283b8e17af323c","isMergeCommit":false,"messageTitle":"Fix checkstyle errors","messageBody":"","fileTypesAndContributionMap":{"functional-code":{"insertions":2,"deletions":2}}},{"hash":"18aa7cabd08eb84b0eb8023f49e50efecbce0e1d","isMergeCommit":true,"messageTitle":"Merge branch \u0027master\u0027 into renable_find","messageBody":"","fileTypesAndContributionMap":{}},{"hash":"6eac9c106f6912198b07fef04275d214fad97e36","isMergeCommit":false,"messageTitle":"Add transactions in sample data","messageBody":"","fileTypesAndContributionMap":{"functional-code":{"insertions":55,"deletions":20}}},{"hash":"eb4b8d7b883a6911354f12d048f815d6aa03d085","isMergeCommit":false,"messageTitle":"Update UI pic \u0026 move quick start up","messageBody":"","fileTypesAndContributionMap":{"docs":{"insertions":34,"deletions":33}}},{"hash":"edac079ff95e83734b70e84ea2d92ce78b21dff3","isMergeCommit":false,"messageTitle":"Fix package names in Testing.md","messageBody":"","fileTypesAndContributionMap":{"docs":{"insertions":4,"deletions":4}}},{"hash":"0e90952ed9fe9801795754782cf5ce74ff3817be","isMergeCommit":false,"messageTitle":"Remove links to non-existing portfolio","messageBody":"","fileTypesAndContributionMap":{"docs":{"insertions":0,"deletions":2}}},{"hash":"440af35cf666601d8ee4a37f7e850c5f5c1cff8d","isMergeCommit":false,"messageTitle":"Fix checkstyle errors","messageBody":"","fileTypesAndContributionMap":{"functional-code":{"insertions":41,"deletions":41}}},{"hash":"151a52ed028cec882cb29e26e9be4b3ee18fef1c","isMergeCommit":true,"messageTitle":"Merge branch \u0027master\u0027 into update-docs","messageBody":"# Conflicts:\n#\tdocs/UserGuide.md\n","fileTypesAndContributionMap":{}},{"hash":"0f5354df7016210950fdf3cb2648a39714e817ef","isMergeCommit":false,"messageTitle":"Update UG","messageBody":"","fileTypesAndContributionMap":{"docs":{"insertions":49,"deletions":24}}},{"hash":"655882adb7b968e49b17967b474fe501e87f5268","isMergeCommit":true,"messageTitle":"Merge branch \u0027master\u0027 into update-docs","messageBody":"","fileTypesAndContributionMap":{}}]},{"date":"2025-04-06T00:00:00","commitResults":[{"hash":"27c024c1160eb391b916e87db33ed45c050a9f0c","isMergeCommit":false,"messageTitle":"Delete the Loan constructor without Phone","messageBody":"","fileTypesAndContributionMap":{"functional-code":{"insertions":7,"deletions":15},"test-code":{"insertions":52,"deletions":23}}},{"hash":"a6fb19a793039ca1135892f037fabe8173f9b2e7","isMergeCommit":false,"messageTitle":"Fix typo in PhoneCommand","messageBody":"","fileTypesAndContributionMap":{"functional-code":{"insertions":1,"deletions":1}}},{"hash":"7f6657785d24cd34cb7d26fcf47e92aec18694ba","isMergeCommit":false,"messageTitle":"Detect unchanged amount/date in Edithist command","messageBody":"","fileTypesAndContributionMap":{"functional-code":{"insertions":13,"deletions":1},"test-code":{"insertions":38,"deletions":0}}},{"hash":"48711addbf0e480d2eaa2642edd2e30d18a60aea","isMergeCommit":false,"messageTitle":"Detect unchanged amount/date in rename command","messageBody":"","fileTypesAndContributionMap":{"functional-code":{"insertions":5,"deletions":0},"test-code":{"insertions":10,"deletions":0}}},{"hash":"c03c3c0f62986adf920fcb4354929f21ba685be1","isMergeCommit":false,"messageTitle":"Tweak message of PhoneCommand for consistency","messageBody":"","fileTypesAndContributionMap":{"functional-code":{"insertions":1,"deletions":1}}}]},{"date":"2025-04-07T00:00:00","commitResults":[{"hash":"10edeecd3a521c5c071f5fc0bcc75cb9fe4a49ea","isMergeCommit":true,"messageTitle":"Merge pull request #242 from ongxinyii/ui_changes","messageBody":"Update UI background and fonts","fileTypesAndContributionMap":{}},{"hash":"d479570765518ff2ecdd1a4ce0734a81e0dc1d9e","isMergeCommit":false,"messageTitle":"Fix a few issues in UG","messageBody":"","fileTypesAndContributionMap":{"docs":{"insertions":16,"deletions":12}}},{"hash":"041a4a80703eac68071f65fafa7dec9e2966c656","isMergeCommit":false,"messageTitle":"Fix typo","messageBody":"","fileTypesAndContributionMap":{"docs":{"insertions":1,"deletions":1}}},{"hash":"5af374cee8b1b6dcc2385daa2e94d2b13f5c168e","isMergeCommit":false,"messageTitle":"Fix command summary","messageBody":"","fileTypesAndContributionMap":{"docs":{"insertions":3,"deletions":3}}},{"hash":"897807c1e12cd796a99d1ca14694ef40a75ff92e","isMergeCommit":false,"messageTitle":"Add notes about command format","messageBody":"","fileTypesAndContributionMap":{"docs":{"insertions":5,"deletions":1}}},{"hash":"46a509059ce0e34d8211bbb8a2c62a2d0924b0e8","isMergeCommit":false,"messageTitle":"Write restrictions on parameter","messageBody":"","fileTypesAndContributionMap":{"docs":{"insertions":20,"deletions":2}}},{"hash":"a3c9c2c093ee534b806e6ecc5e571eb79aa6df7f","isMergeCommit":false,"messageTitle":"Add inter-page links","messageBody":"","fileTypesAndContributionMap":{"docs":{"insertions":63,"deletions":39}}},{"hash":"e03db536a97dfb7291f619dba56d6c562d1641af","isMergeCommit":true,"messageTitle":"Merge branch \u0027master\u0027 into update-docs","messageBody":"# Conflicts:\n#\tdocs/UserGuide.md\n","fileTypesAndContributionMap":{}}]},{"date":"2025-04-08T00:00:00","commitResults":[{"hash":"4789c6676237fb75a96a2479e6cc02b58c664414","isMergeCommit":false,"messageTitle":"Modify command messages","messageBody":"","fileTypesAndContributionMap":{"functional-code":{"insertions":13,"deletions":10}}},{"hash":"e3cae2ee6a1e335555eaa7289ef3dc94eab5f97e","isMergeCommit":false,"messageTitle":"Update UG","messageBody":"","fileTypesAndContributionMap":{"docs":{"insertions":169,"deletions":29}}},{"hash":"c83ebea6adff440928c5f82fdce4379f77e14a00","isMergeCommit":false,"messageTitle":"remove trailing whitespace","messageBody":"","fileTypesAndContributionMap":{"docs":{"insertions":21,"deletions":21}}},{"hash":"bb201d6455f4a9c1c154f3e6746e5fcc748bd8e1","isMergeCommit":true,"messageTitle":"Merge pull request #250 from yuto1115/update-docs","messageBody":"Update UG","fileTypesAndContributionMap":{}},{"hash":"7b738d0766cb2bab5599072e9ad5785dfd0d8db8","isMergeCommit":true,"messageTitle":"Merge pull request #251 from changjy81/update-developer-guide","messageBody":"Update developer guide and UML diagrams","fileTypesAndContributionMap":{}},{"hash":"431614cae9b7152b667418789621800b0dd7eaf2","isMergeCommit":true,"messageTitle":"Merge pull request #252 from sunpterodactyl/fix-sitemap","messageBody":"Do not merge: Fix formatting errors","fileTypesAndContributionMap":{}},{"hash":"dd8336f1e5da061bdf13448e10fec8ffc4d93d43","isMergeCommit":false,"messageTitle":"update DG","messageBody":"","fileTypesAndContributionMap":{"docs":{"insertions":87,"deletions":73}}},{"hash":"c455c8c0ed83ffbdbd0c6f037b19eadf9ab3ca60","isMergeCommit":true,"messageTitle":"Merge branch \u0027master\u0027 into update-docs","messageBody":"# Conflicts:\n#\tdocs/DeveloperGuide.md\n#\tdocs/diagrams/DeleteSequenceDiagram.puml\n#\tdocs/diagrams/StorageClassDiagram.puml\n","fileTypesAndContributionMap":{}},{"hash":"95d59a891f45a1588cf8659b064cf6a218e4e83b","isMergeCommit":false,"messageTitle":"update DG","messageBody":"","fileTypesAndContributionMap":{"docs":{"insertions":52,"deletions":37}}},{"hash":"c4329214592d373eecf011dd5881ffce4d608d24","isMergeCommit":false,"messageTitle":"update UG","messageBody":"","fileTypesAndContributionMap":{"docs":{"insertions":50,"deletions":1}}},{"hash":"058ba1321c3d7f70d8004a47213b3215fd71cb82","isMergeCommit":false,"messageTitle":"fix small issues","messageBody":"","fileTypesAndContributionMap":{"docs":{"insertions":18,"deletions":9}}},{"hash":"a5cf73cc5f8391159dc997f56b5a92fd910f39c6","isMergeCommit":false,"messageTitle":"Modify command messages","messageBody":"","fileTypesAndContributionMap":{"functional-code":{"insertions":3,"deletions":3}}},{"hash":"827b151d1546e78ec371a6b28feb5dd5c94b256b","isMergeCommit":true,"messageTitle":"Merge branch \u0027master\u0027 into modify-command-message","messageBody":"","fileTypesAndContributionMap":{}},{"hash":"a73e0a7cddffae6caad9bd295dc8bb3cdb1b22d1","isMergeCommit":false,"messageTitle":"Modify command message of find","messageBody":"","fileTypesAndContributionMap":{"functional-code":{"insertions":2,"deletions":3}}},{"hash":"00acb572e55085e7ad9c01b0c9ff89868232b38e","isMergeCommit":false,"messageTitle":"modify UG","messageBody":"","fileTypesAndContributionMap":{"docs":{"insertions":16,"deletions":9}}},{"hash":"28d0cd1adfa0238becd1a99edd9ed26576512bc4","isMergeCommit":false,"messageTitle":"Add warnings to all relevant commands","messageBody":"","fileTypesAndContributionMap":{"docs":{"insertions":19,"deletions":1}}},{"hash":"e594ae642be482ab242a012f533d2f37127eb632","isMergeCommit":true,"messageTitle":"Merge pull request #253 from ongxinyii/dev-guide-updates","messageBody":"Update find, list, sort and delete + change outdated screenshots","fileTypesAndContributionMap":{}},{"hash":"c86de52864140eac11f1064f8b144cff56dbe061","isMergeCommit":true,"messageTitle":"Merge pull request #261 from ongxinyii/dev-guide-updates","messageBody":"Update UG","fileTypesAndContributionMap":{}},{"hash":"386237405285a840818c0baaa8b1fdf63c8ffa3a","isMergeCommit":false,"messageTitle":"update UG","messageBody":"","fileTypesAndContributionMap":{"functional-code":{"insertions":3,"deletions":3},"docs":{"insertions":160,"deletions":104}}},{"hash":"ae065825778c9af4810dfdbabd6aef6c64dd6c8a","isMergeCommit":false,"messageTitle":"Fix a bug","messageBody":"","fileTypesAndContributionMap":{"docs":{"insertions":1,"deletions":51}}},{"hash":"94df2afdf01f74089b0bd0713eb9d7ea06fae3a4","isMergeCommit":true,"messageTitle":"Merge pull request #262 from yuto1115/master","messageBody":"update ug","tags":["v1.6"],"fileTypesAndContributionMap":{}}]}],"changjy81":[{"date":"2025-02-21T00:00:00","commitResults":[{"hash":"f874de9ec6c3c2b870da459e7bff926a386c320a","isMergeCommit":true,"messageTitle":"Merge remote-tracking branch \u0027origin/switch-docs-to-markbind\u0027","messageBody":"","fileTypesAndContributionMap":{}},{"hash":"c11051e38f5fa47f1e14e63181932ff9fc9b50df","isMergeCommit":true,"messageTitle":"Merge pull request #3 from changjy81/master","messageBody":"Merge MarkBind docs branch into master","fileTypesAndContributionMap":{}},{"hash":"030105eec5cc9bc38da9d876c11a94c78050303c","isMergeCommit":false,"messageTitle":"Update site configs with project name","messageBody":"","fileTypesAndContributionMap":{"docs":{"insertions":1,"deletions":1}}},{"hash":"3dd5b532fb22c9f2e42fd6176566fd3e0b87c31b","isMergeCommit":true,"messageTitle":"Merge pull request #4 from changjy81/master","messageBody":"Update site configs with project name","fileTypesAndContributionMap":{}}]},{"date":"2025-03-05T00:00:00","commitResults":[{"hash":"da6c3273c814cbf7e9ebde0c3849ed77fa457462","isMergeCommit":true,"messageTitle":"Merge pull request #13 from yuto1115/add-yuto-photo","messageBody":"Add Yuto\u0027s photo","fileTypesAndContributionMap":{}},{"hash":"eb19a8f9b90504d8d3d620fc3e7b76cc5e8c2d23","isMergeCommit":false,"messageTitle":"Update AboutUs page with Jia Yang\u0027s information","messageBody":"","fileTypesAndContributionMap":{"docs":{"insertions":4,"deletions":47}}},{"hash":"afc4d63ca2ad57ef3c38da7482379282fdcd074b","isMergeCommit":true,"messageTitle":"Merge branch \u0027master\u0027 into update-AboutUs","messageBody":"# Conflicts:\n#\tdocs/AboutUs.md\n","fileTypesAndContributionMap":{}},{"hash":"1ef99e50ac652a577f80eea6a05b965957ff1d71","isMergeCommit":false,"messageTitle":"Add newline to EOF","messageBody":"","fileTypesAndContributionMap":{"docs":{"insertions":1,"deletions":1}}},{"hash":"24dce7e32fdba50750838cc242386d27af69ba0a","isMergeCommit":true,"messageTitle":"Merge pull request #18 from changjy81/update-AboutUs","messageBody":"Update AboutUs page with Jia Yang\u0027s details","fileTypesAndContributionMap":{}}]},{"date":"2025-03-06T00:00:00","commitResults":[{"hash":"cfee55ec66e29e57a9063b0c27d58ab8b483084e","isMergeCommit":true,"messageTitle":"Merge pull request #17 from yuto1115/add-yuto-aboutus","messageBody":"Add Yuto\u0027s details onto AboutUs page","fileTypesAndContributionMap":{}},{"hash":"1e4d9acadae2e53e4ff4c89295b620337d30a628","isMergeCommit":true,"messageTitle":"Merge pull request #23 from ongxinyii/about-us","messageBody":"Update AboutUs to include Xinyi\u0027s details","fileTypesAndContributionMap":{}},{"hash":"b7b90eadab8e3d79a75f72a1d6366fbdf918ecc9","isMergeCommit":true,"messageTitle":"Merge pull request #16 from sunpterodactyl/sunpterodactyl-update-AboutUs","messageBody":"Update AboutUs.md with Sanya\u0027s details","fileTypesAndContributionMap":{}},{"hash":"e173e8f39dbd952230dcad579776007cce7cbe80","isMergeCommit":true,"messageTitle":"Merge pull request #26 from sunpterodactyl/update-README","messageBody":"Update README.md with WantedList details","fileTypesAndContributionMap":{}},{"hash":"76b75aecc73331fbdc5c3b18eb3981b17c406af4","isMergeCommit":true,"messageTitle":"Merge pull request #29 from sunpterodactyl/update-site","messageBody":"Update project name Wanted in the top navigation bar and home page","fileTypesAndContributionMap":{}},{"hash":"9645cb9232843943603f78a85ab0e3bc0bd29036","isMergeCommit":true,"messageTitle":"Merge pull request #30 from ongxinyii/dev-guide-updates","messageBody":"Update the DG to include user stories, use cases, NFR and glossary","fileTypesAndContributionMap":{}}]},{"date":"2025-03-10T00:00:00","commitResults":[{"hash":"de573708d773649b87065f8281ee54807daa6234","isMergeCommit":false,"messageTitle":"Rename project package and class names","messageBody":"","fileTypesAndContributionMap":{"functional-code":{"insertions":366,"deletions":368},"other":{"insertions":1036,"deletions":1043},"docs":{"insertions":3,"deletions":3},"test-code":{"insertions":288,"deletions":288}}},{"hash":"668bf8d1560bc935f9e08bbeee1c534a0d725b19","isMergeCommit":false,"messageTitle":"Fix checkstyle of imports","messageBody":"","fileTypesAndContributionMap":{"functional-code":{"insertions":14,"deletions":5},"test-code":{"insertions":6,"deletions":3}}},{"hash":"db8f269c117a443cd018fee7106c0040c64bddf4","isMergeCommit":true,"messageTitle":"Merge pull request #37 from changjy81/refactor-codebase","messageBody":"Rename project package and class names\nFailing test cases to be fixed later","fileTypesAndContributionMap":{}},{"hash":"99fbdb5601c73198f51c9f9d8129b05e201321fa","isMergeCommit":false,"messageTitle":"Fix broken classpath in fxml file used in testing","messageBody":"","fileTypesAndContributionMap":{"test-code":{"insertions":1,"deletions":1}}},{"hash":"31e90a60fe4cc9a0bbb55259fd35c71575014485","isMergeCommit":true,"messageTitle":"Merge pull request #42 from changjy81/fix_tests","messageBody":"Fix test cases failed due to filepath issues from refactoring","fileTypesAndContributionMap":{}}]},{"date":"2025-03-11T00:00:00","commitResults":[{"hash":"30e5ee3b6502cdfcf146f16204a95efef543f00b","isMergeCommit":true,"messageTitle":"Merge pull request #44 from yuto1115/add-date-handler","messageBody":"Add date handler","fileTypesAndContributionMap":{}}]},{"date":"2025-03-16T00:00:00","commitResults":[{"hash":"f61c4f84410004171d321fea6d942dd08706edc3","isMergeCommit":true,"messageTitle":"Merge pull request #52 from sunpterodactyl/update-documentation","messageBody":"Update add documentation","fileTypesAndContributionMap":{}}]},{"date":"2025-03-18T00:00:00","commitResults":[{"hash":"3d1a8505a529ca67b35dfc9dd0df37302d822402","isMergeCommit":true,"messageTitle":"Merge pull request #55 from sunpterodactyl/disable-unecessary-commands","messageBody":"Disable unecessary commands(find and edit)","fileTypesAndContributionMap":{}}]},{"date":"2025-03-20T00:00:00","commitResults":[{"hash":"fb3d358159549ba92f4f01e34aecee023f3ff28f","isMergeCommit":false,"messageTitle":"Rename addressbook.json data files to loanbook.json","messageBody":"","fileTypesAndContributionMap":{"functional-code":{"insertions":1,"deletions":1},"docs":{"insertions":1,"deletions":1},"test-code":{"insertions":9,"deletions":9}}}]},{"date":"2025-03-24T00:00:00","commitResults":[{"hash":"f40fd548f34140695e24a6b2e7e1525ab20b9600","isMergeCommit":false,"messageTitle":"Change link shown in help window","messageBody":"","fileTypesAndContributionMap":{"functional-code":{"insertions":1,"deletions":1}}},{"hash":"e07233e71065545e800e79a07a9454c831d14c70","isMergeCommit":false,"messageTitle":"Add initial value to Amount in Loan","messageBody":"The loans currently do not track their starting values and are\ndeleted when fully repaid. This does not allow for checking\nrepaid loans in the past.\n\nLet\u0027s add the initial amount to the Amount model so that it can be\ntracked, printed and handled appropriately.\n","fileTypesAndContributionMap":{"functional-code":{"insertions":66,"deletions":29},"test-code":{"insertions":2,"deletions":1}}}]},{"date":"2025-03-26T00:00:00","commitResults":[{"hash":"aee2525559814542bfc2b3f418cc3fe54770b596","isMergeCommit":false,"messageTitle":"Restructure Loan class and add Loan methods","messageBody":"","fileTypesAndContributionMap":{"functional-code":{"insertions":109,"deletions":39}}},{"hash":"798a7d59abb0eb9af0897f5c529889642baaff63","isMergeCommit":false,"messageTitle":"Fix test cases","messageBody":"More needs to be done in the future. Date fields should be removed\nentirely from all tests instead of being \"disabled\".\n","fileTypesAndContributionMap":{"functional-code":{"insertions":19,"deletions":26},"test-code":{"insertions":15,"deletions":28}}},{"hash":"a3c869da0d997b3147a98a2d927c016e4a0dc0f0","isMergeCommit":false,"messageTitle":"Remove unused imports","messageBody":"","fileTypesAndContributionMap":{"functional-code":{"insertions":0,"deletions":3}}},{"hash":"2a4c8bc3c68815eb36f423f52a48210a10c7b3e1","isMergeCommit":false,"messageTitle":"Remove unused imports in test classes","messageBody":"","fileTypesAndContributionMap":{"test-code":{"insertions":0,"deletions":2}}},{"hash":"3e2e22ebfbc965f99f4f82aa847823f53c3a1c05","isMergeCommit":false,"messageTitle":"Remove obsolete toStringWithInitialAmount method in Amount","messageBody":"","fileTypesAndContributionMap":{"functional-code":{"insertions":1,"deletions":9}}},{"hash":"ecb37cb79c0a258fc99f2388872d72467ab9ec9d","isMergeCommit":false,"messageTitle":"Add test cases to cover new logic in MoneyInt and Amount","messageBody":"","fileTypesAndContributionMap":{"test-code":{"insertions":44,"deletions":1}}}]},{"date":"2025-03-27T00:00:00","commitResults":[{"hash":"1a055f3bbc9e9f3d85c3bdc43d8452fb43d5af9d","isMergeCommit":true,"messageTitle":"Merge pull request #79 from ongxinyii/ui_changes","messageBody":"Style GUI","fileTypesAndContributionMap":{}},{"hash":"fe1137788ac0f0633fab0eb2cd6e499fab26929c","isMergeCommit":true,"messageTitle":"Merge pull request #83 from nikingoda/add-sort-command","messageBody":"Add sort command","fileTypesAndContributionMap":{}},{"hash":"8808dee527843f4925e2723c8c5ffa7d82ee3fe3","isMergeCommit":true,"messageTitle":"Merge pull request #84 from nikingoda/update-documentation","messageBody":"Update new feature on README.md","fileTypesAndContributionMap":{}},{"hash":"265fb4f7bb5d1bf796d144f9b26a542af6c9d67a","isMergeCommit":true,"messageTitle":"Merge pull request #86 from sunpterodactyl/new-add-command","messageBody":"New increase command","fileTypesAndContributionMap":{}}]},{"date":"2025-03-29T00:00:00","commitResults":[{"hash":"254b775757c73c5d33b64ceb39735c6efa949305","isMergeCommit":true,"messageTitle":"Merge pull request #90 from yuto1115/enable-assertion","messageBody":"Enable Java assertions","fileTypesAndContributionMap":{}}]},{"date":"2025-03-30T00:00:00","commitResults":[{"hash":"ba495e0e72cb275ac525a6793b8eb1f4bba7e4e9","isMergeCommit":false,"messageTitle":"Implement method to open webpage in browser","messageBody":"","fileTypesAndContributionMap":{"functional-code":{"insertions":13,"deletions":0}}},{"hash":"9e2dfe3b292c6a0a06c01832427d8b431d0177b4","isMergeCommit":false,"messageTitle":"Add button to help window to open in browser","messageBody":"","fileTypesAndContributionMap":{"functional-code":{"insertions":7,"deletions":6}}},{"hash":"1ba6436bb1a7a0421cf5994ef53c9f979e46cead","isMergeCommit":false,"messageTitle":"Fix codecov badge in README.md","messageBody":"","fileTypesAndContributionMap":{"docs":{"insertions":2,"deletions":2}}},{"hash":"b578ef79a2f020c22a7866c889c20510e76f3efc","isMergeCommit":false,"messageTitle":"Fix incorrect badges shown on index.md","messageBody":"","fileTypesAndContributionMap":{"docs":{"insertions":2,"deletions":2}}}]},{"date":"2025-03-31T00:00:00","commitResults":[{"hash":"ddf022c07bc9a3b5a3e042e070b64fc581423744","isMergeCommit":false,"messageTitle":"Fix HelpWindow.fxml using wrong Java version","messageBody":"","fileTypesAndContributionMap":{"functional-code":{"insertions":1,"deletions":1}}},{"hash":"27d19578aba0897b73081ccb393b8a9e2daf1eda","isMergeCommit":true,"messageTitle":"Merge pull request #93 from changjy81/make-userguide-clickable","messageBody":"Make userguide clickable","fileTypesAndContributionMap":{}},{"hash":"e201c82bd71ebe8b82fbd9c4cf95e76e8f84f3ad","isMergeCommit":false,"messageTitle":"Update Model UML class diagram","messageBody":"","fileTypesAndContributionMap":{"docs":{"insertions":24,"deletions":23}}},{"hash":"24fd3028c9b4d6da0bf383dd067884d9089981dd","isMergeCommit":true,"messageTitle":"Merge pull request #108 from changjy81/update-uml","messageBody":"Update Model UML class diagram","fileTypesAndContributionMap":{}}]},{"date":"2025-04-01T00:00:00","commitResults":[{"hash":"de59402f82e18312f692c9fc178214d381abb5d4","isMergeCommit":false,"messageTitle":"Update part of user guide","messageBody":"","fileTypesAndContributionMap":{"docs":{"insertions":101,"deletions":46}}},{"hash":"b5ade25f87a3270b3eabb653e5bd1978c8ca6ac8","isMergeCommit":false,"messageTitle":"Replace remaining references to address book with loan book","messageBody":"","fileTypesAndContributionMap":{"functional-code":{"insertions":70,"deletions":70},"docs":{"insertions":24,"deletions":24},"test-code":{"insertions":20,"deletions":20}}},{"hash":"4c51d00011cf2c9f0109c127f8c2b6f1cd9d949d","isMergeCommit":false,"messageTitle":"Rename address/person references in developer guide","messageBody":"","fileTypesAndContributionMap":{"docs":{"insertions":31,"deletions":31}}},{"hash":"11b23f80259ba8f460a79d6aecaa31b526736971","isMergeCommit":false,"messageTitle":"Update saveAddressBook method references to saveLoanBook","messageBody":"","fileTypesAndContributionMap":{"docs":{"insertions":1,"deletions":1},"test-code":{"insertions":1,"deletions":1}}},{"hash":"cf18ebdf6992e3c99dd4b3a2acf1f43c6329380f","isMergeCommit":true,"messageTitle":"Merge branch \u0027master\u0027 into cleanup-ab3-references","messageBody":"# Conflicts:\n#\tdocs/DeveloperGuide.md\n#\tdocs/UserGuide.md\n#\tsrc/test/java/wanted/logic/LogicManagerTest.java\n","fileTypesAndContributionMap":{}},{"hash":"df5462333d4465399635ca8b615421c2a47a8af2","isMergeCommit":false,"messageTitle":"Remove placeholder team member page","messageBody":"","fileTypesAndContributionMap":{"docs":{"insertions":0,"deletions":46}}}]},{"date":"2025-04-02T00:00:00","commitResults":[{"hash":"d887e9b5a9f65ef773e68031b32ec06b19128edd","isMergeCommit":false,"messageTitle":"Revert changes in JsonSerializableLoanBook to fix incorrect property name when saving json format","messageBody":"","fileTypesAndContributionMap":{"functional-code":{"insertions":6,"deletions":5}}},{"hash":"9b181ef9606c1c3c49e3db1639f10298c630389e","isMergeCommit":true,"messageTitle":"Merge pull request #124 from sunpterodactyl/ui-returned_display","messageBody":"UI returned display","fileTypesAndContributionMap":{}},{"hash":"f4f9872c8931636bc5097f002ed9bbb710350f8c","isMergeCommit":true,"messageTitle":"Merge pull request #132 from yuto1115/delete-history","messageBody":"Add Delhist command","fileTypesAndContributionMap":{}}]},{"date":"2025-04-03T00:00:00","commitResults":[{"hash":"ff92ca2c85335c653dd3702ad0b73c62554f3b48","isMergeCommit":false,"messageTitle":"Update command summary table","messageBody":"","fileTypesAndContributionMap":{"docs":{"insertions":53,"deletions":54}}},{"hash":"ff36b755fdb969256552a09b10d5260f2b268f29","isMergeCommit":false,"messageTitle":"Fix typos and clean up command summary table","messageBody":"","fileTypesAndContributionMap":{"docs":{"insertions":6,"deletions":6}}},{"hash":"bde19ae75e84dd2ac6d40d723fddeae1f9c52037","isMergeCommit":true,"messageTitle":"Merge pull request #117 from sunpterodactyl/add-rename-command","messageBody":" Create base class for edit command and add rename command","fileTypesAndContributionMap":{}},{"hash":"ec1203808674905d96f80403ca6dd9b7706d6074","isMergeCommit":true,"messageTitle":"Merge pull request #123 from sunpterodactyl/update-usecases","messageBody":"Update usecases","fileTypesAndContributionMap":{}},{"hash":"c59658c3d70159d719f9144114657076a797437b","isMergeCommit":true,"messageTitle":"Merge branch \u0027master\u0027 into add-phone-command","messageBody":"","fileTypesAndContributionMap":{}},{"hash":"fc5002ba06ad37b788e9c8127ceda68bc5a18dc8","isMergeCommit":true,"messageTitle":"Merge pull request #140 from nikingoda/add-phone-command","messageBody":"Add test case for phone command","fileTypesAndContributionMap":{}},{"hash":"bb346264f523902eae9c80b5b18e70dfae0f1271","isMergeCommit":false,"messageTitle":"Remove errant whitespace from web editor","messageBody":"","fileTypesAndContributionMap":{"test-code":{"insertions":1,"deletions":1}}},{"hash":"e333bf2551c4b30ecabb4b60ceb4f48142a17749","isMergeCommit":true,"messageTitle":"Merge pull request #143 from changjy81/fix-whitespace","messageBody":"Remove errant whitespace from web editor","fileTypesAndContributionMap":{}},{"hash":"296663af92ae1f94140cf34d562d8ebe1026d528","isMergeCommit":true,"messageTitle":"Merge pull request #144 from sunpterodactyl/rename-tag","messageBody":"Fix display messages for Tag, Rename, Repay, Increase commands","fileTypesAndContributionMap":{}},{"hash":"29a348c409f80e3dfe8b7e759d381f725b296ba7","isMergeCommit":true,"messageTitle":"Merge pull request #153 from yuto1115/edit-history","messageBody":"Edit history","fileTypesAndContributionMap":{}},{"hash":"107b30298dec3d1aacce158254af21c1ce9bf383","isMergeCommit":true,"messageTitle":"Merge pull request #159 from yuto1115/edit-command-message","messageBody":"Standardise the format of command messages","fileTypesAndContributionMap":{}},{"hash":"81fcb6687ec96eb7d27dda8b1a6494671a777377","isMergeCommit":true,"messageTitle":"Merge pull request #161 from ongxinyii/renable_find","messageBody":"Add test cases for FindCommand","fileTypesAndContributionMap":{}},{"hash":"4f3131ed3fc88c01d22f0fe20e6b73ded208f4f7","isMergeCommit":false,"messageTitle":"Remove support for reading tags and phone from add command","messageBody":"","fileTypesAndContributionMap":{"functional-code":{"insertions":15,"deletions":22},"test-code":{"insertions":13,"deletions":18}}},{"hash":"a1e7d1f1d0e2338ff772f54c84d5f4e5653c1514","isMergeCommit":false,"messageTitle":"Fix broken style on User Guide page caused by indentatation","messageBody":"","fileTypesAndContributionMap":{"docs":{"insertions":2,"deletions":2}}},{"hash":"84cbdcb9a75e9e8f060493a91cbcb57ef0375a1c","isMergeCommit":true,"messageTitle":"Merge pull request #163 from ongxinyii/ui_changes","messageBody":"Update UI for easier readability","fileTypesAndContributionMap":{}},{"hash":"f10313f037b758b16c82e9e36974ae617df40d6c","isMergeCommit":true,"messageTitle":"Merge pull request #164 from changjy81/fix-userguide-broken-style","messageBody":"Fix broken style on User Guide page caused by indentatation","fileTypesAndContributionMap":{}},{"hash":"85f70158ddf478cadd2c1609871aa78bb9602638","isMergeCommit":false,"messageTitle":"Rename page title and write acknowledgements to AB3","messageBody":"","fileTypesAndContributionMap":{"docs":{"insertions":3,"deletions":3}}},{"hash":"2b3a5130e10f5812568c495e1244a2e4a19c71e9","isMergeCommit":false,"messageTitle":"Update target user, user stories, remove outdated glossary terms","messageBody":"","fileTypesAndContributionMap":{"docs":{"insertions":27,"deletions":35}}},{"hash":"18841a5aa95ef30bc3e26c1e5b56dfb353b4f8cd","isMergeCommit":true,"messageTitle":"Merge pull request #166 from yuto1115/populate-sample","messageBody":"Add transactions in sample data","fileTypesAndContributionMap":{}},{"hash":"1ef52b62cc45e640aabe9832a855b49ef93918ba","isMergeCommit":false,"messageTitle":"Update appendix section for manual testing instructions","messageBody":"","fileTypesAndContributionMap":{"docs":{"insertions":108,"deletions":17}}},{"hash":"0fc4ddf853d030ea96803ed8f881c5d481daeccb","isMergeCommit":true,"messageTitle":"Merge branch \u0027master\u0027 into update-developer-guide","messageBody":"","fileTypesAndContributionMap":{}},{"hash":"4ccef8c011ec807b1e79881b82052b35ff0d2f8f","isMergeCommit":true,"messageTitle":"Merge pull request #168 from ongxinyii/renable_find","messageBody":"Update FindCommand Message Usage","fileTypesAndContributionMap":{}}]},{"date":"2025-04-06T00:00:00","commitResults":[{"hash":"9a79b52bf351cea3280d89422a7e0ec7549ff3f5","isMergeCommit":false,"messageTitle":"Update date validation to match YYYY-MM-DD","messageBody":"","fileTypesAndContributionMap":{"functional-code":{"insertions":14,"deletions":3}}},{"hash":"c3646034949a236cbc28585ebced88ee9a0bcbf9","isMergeCommit":false,"messageTitle":"Fix test cases involving dates","messageBody":"","fileTypesAndContributionMap":{"test-code":{"insertions":45,"deletions":45}}},{"hash":"e5b64983ed9c21f43f80501381a7d90f00e01a78","isMergeCommit":false,"messageTitle":"Fix inconsistent test case dates","messageBody":"","fileTypesAndContributionMap":{"functional-code":{"insertions":1,"deletions":3},"test-code":{"insertions":1,"deletions":1}}}]},{"date":"2025-04-07T00:00:00","commitResults":[{"hash":"20b58b11df097728264530ba2c139ac4f136c714","isMergeCommit":true,"messageTitle":"Merge pull request #238 from yuto1115/detect-unchanged","messageBody":"Unchanged fields detection in Edithist and Rename commands","fileTypesAndContributionMap":{}},{"hash":"2330b11fcaed9778f8d21fad1fe152ffc21fac39","isMergeCommit":true,"messageTitle":"Merge pull request #245 from yuto1115/update-docs","messageBody":"Update UG: modify quick start and command summary","fileTypesAndContributionMap":{}},{"hash":"434fa3780ad0402fa40f4c23b65fd512a89a826d","isMergeCommit":true,"messageTitle":"Merge pull request #246 from ongxinyii/ui_changes","messageBody":"Add total loaned amount and styled name to be larger","fileTypesAndContributionMap":{}},{"hash":"ae294bb5873f4bde7163a23a7e48fe6ae076a5fa","isMergeCommit":true,"messageTitle":"Merge branch \u0027master\u0027 into change-date-format","messageBody":"","fileTypesAndContributionMap":{}},{"hash":"8c788235cfcfbdbf0da15cc2401a2be3fefe4a6e","isMergeCommit":false,"messageTitle":"Update date format in error messages","messageBody":"","fileTypesAndContributionMap":{"functional-code":{"insertions":4,"deletions":4}}},{"hash":"600254601049691ce930a484ac916e0eb37bfe09","isMergeCommit":false,"messageTitle":"Update SampleDataUtil date format","messageBody":"","fileTypesAndContributionMap":{"functional-code":{"insertions":13,"deletions":13}}},{"hash":"7135ad9798f0de8921502c164d3e13c86e094db8","isMergeCommit":true,"messageTitle":"Merge pull request #239 from changjy81/change-date-format","messageBody":"Change date format to YYYY-MM-DD","fileTypesAndContributionMap":{}},{"hash":"936d27e3a258416da2b6c13f4526ab5016cd217a","isMergeCommit":true,"messageTitle":"Merge branch \u0027master\u0027 into tag-command-fix","messageBody":"","fileTypesAndContributionMap":{}},{"hash":"a65617560f81169ec26672509a91dd38bbd7e41b","isMergeCommit":true,"messageTitle":"Merge branch \u0027master\u0027 into add-list-command","messageBody":"","fileTypesAndContributionMap":{}},{"hash":"12f99a06c29e713dc4e18b1fc57140b09f35cd68","isMergeCommit":true,"messageTitle":"Merge pull request #244 from nikingoda/add-list-command","messageBody":"Add list command\u0027s feature","fileTypesAndContributionMap":{}},{"hash":"fd387b9deca83210114758e02c8e6ed05ffbdd72","isMergeCommit":true,"messageTitle":"Merge pull request #241 from sunpterodactyl/tag-command-fix","messageBody":"Make tag command easier to use","fileTypesAndContributionMap":{}},{"hash":"ebcb5cac178dbab89e1aaf22b3f4f0edf3035b19","isMergeCommit":true,"messageTitle":"Merge pull request #243 from sunpterodactyl/tag-docs","messageBody":"Updating user guide documentation format","fileTypesAndContributionMap":{}},{"hash":"7b04114ea7439a254a3ae31c915250b43ff92089","isMergeCommit":false,"messageTitle":"Change \"Loan Amount\" to \"Remaining Loan Amount\" in label","messageBody":"","fileTypesAndContributionMap":{"functional-code":{"insertions":1,"deletions":1}}},{"hash":"bce938313b80da07fb66c58fcfe23fcaf18ffefb","isMergeCommit":true,"messageTitle":"Merge pull request #247 from changjy81/change-remainingloan-text","messageBody":"Change \"Loan Amount\" to \"Remaining Loan Amount\" in label","fileTypesAndContributionMap":{}}]},{"date":"2025-04-08T00:00:00","commitResults":[{"hash":"b2b9cd78132babcdbe2b9464aab06504f790e2a6","isMergeCommit":false,"messageTitle":"Update developer guide and UML diagrams","messageBody":"","fileTypesAndContributionMap":{"docs":{"insertions":186,"deletions":259}}},{"hash":"308c103d06276bb9847d4024c12a8bd5ea807fed","isMergeCommit":false,"messageTitle":"Add planned enhancements, fix inconsistent naming","messageBody":"","fileTypesAndContributionMap":{"functional-code":{"insertions":1,"deletions":1},"docs":{"insertions":8,"deletions":4}}},{"hash":"f62132d87ceae44fdb0d9ad2d2b67604c667b955","isMergeCommit":true,"messageTitle":"Merge pull request #258 from nikingoda/add-phone-command","messageBody":"Resolve problem when phoneValue become null if no phone number assigned","fileTypesAndContributionMap":{}},{"hash":"2c0f01ca31ce86758d61c765e465b302097668d0","isMergeCommit":false,"messageTitle":"Update Quick Start, Known Issues and remove loan book mentions","messageBody":"","fileTypesAndContributionMap":{"functional-code":{"insertions":2,"deletions":2},"docs":{"insertions":40,"deletions":29}}},{"hash":"e41af2cb289496e2bcbf47963c7973d7219d799f","isMergeCommit":true,"messageTitle":"Merge pull request #259 from changjy81/update-userguide","messageBody":"Update Quick Start, Known Issues and remove loan book mentions","fileTypesAndContributionMap":{}},{"hash":"589e023aac59381fd8476176171d85fb26a6d00c","isMergeCommit":false,"messageTitle":"Fix typo","messageBody":"","fileTypesAndContributionMap":{"docs":{"insertions":1,"deletions":1}}},{"hash":"2a79a81dbfa9feac0579da3dbbd3213ef3c69891","isMergeCommit":true,"messageTitle":"Merge pull request #260 from changjy81/update-userguide","messageBody":"Fix typo","fileTypesAndContributionMap":{}}]}]},"authorFileTypeContributionMap":{"sunpterodactyl":{"docs":200,"functional-code":729,"test-code":691},"nikingoda":{"docs":12,"functional-code":352,"test-code":252},"ongxinyii":{"docs":257,"functional-code":289,"test-code":105},"yuto1115":{"docs":600,"functional-code":1334,"test-code":1959,"other":4},"changjy81":{"docs":352,"functional-code":842,"test-code":629,"other":2}},"authorContributionVariance":{"sunpterodactyl":55554.676,"nikingoda":5517.2476,"ongxinyii":14402.056,"yuto1115":197358.05,"changjy81":252461.75},"authorDisplayNameMap":{"sunpterodactyl":"CS2103T-F11-4 SANY..HAVI","nikingoda":"CS2103T-F11-4 NGO .. ANH","ongxinyii":"CS2103T-F11-4 ONG ..INYI","yuto1115":"CS2103T-F11-4 WATA..YUTO","changjy81":"CS2103T-F11-4 CHAN..YANG"}}
